id,title,origin,contest,year,label,hosts,url,mirror_urls,format,difficulty,difficulty_basis,difficulty_native,primary_tag,tags,free_tags,quality,canonical,constraints,editorial_url,added,verified
apio-2013-robots,Robots,apio,APIO 2013,2013,,oj.uz,https://oj.uz/problem/view/APIO13_robots,,subtask,7,estimated,,adhoc.unclassified,adhoc.unclassified,via-dmoj-category,,,,,2026-09-19,2026-09-19
apio-2013-toll,Toll,apio,APIO 2013,2013,,oj.uz,https://oj.uz/problem/view/APIO13_toll,,subtask,7,estimated,,graphs.spanning.mst,graphs.spanning.mst,via-usaco-guide,,,,,2026-09-19,2026-09-19
apio-2014-beads,Beads and wires,apio,APIO 2014,2014,,oj.uz,https://oj.uz/problem/view/APIO14_beads,,subtask,7,estimated,,dp.tree.rerooting,dp.tree.rerooting,via-usaco-guide,,,,,2026-09-19,2026-09-19
apio-2014-palindrome,Palindromes,apio,APIO 2014,2014,,oj.uz,https://oj.uz/problem/view/APIO14_palindrome,,subtask,7,estimated,,strings.matching.kmp,strings.matching.kmp,via-usaco-guide,,,,,2026-09-19,2026-09-19
apio-2014-sequence,Split the sequence,apio,APIO 2014,2014,,oj.uz,https://oj.uz/problem/view/APIO14_sequence,,subtask,7,estimated,,adhoc.unclassified,adhoc.unclassified,via-dmoj-category,,,,,2026-09-19,2026-09-19
apio-2015-bridge,Palembang Bridges,apio,APIO 2015,2015,,oj.uz,https://oj.uz/problem/view/APIO15_bridge,,subtask,7,estimated,,adhoc.unclassified,adhoc.unclassified,via-dmoj-category,,,,,2026-09-19,2026-09-19
apio-2015-sculpture,Bali Sculptures,apio,APIO 2015,2015,,oj.uz,https://oj.uz/problem/view/APIO15_sculpture,,subtask,7,estimated,,adhoc.unclassified,adhoc.unclassified,via-dmoj-category,,,,,2026-09-19,2026-09-19
apio-2015-skyscraper,Jakarta Skyscrapers,apio,APIO 2015,2015,,oj.uz,https://oj.uz/problem/view/APIO15_skyscraper,,subtask,7,estimated,,adhoc.unclassified,adhoc.unclassified,via-dmoj-category,,,,,2026-09-19,2026-09-19
apio-2016-boat,Boat,apio,APIO 2016,2016,,oj.uz,https://oj.uz/problem/view/APIO16_boat,,subtask,7,estimated,,adhoc.unclassified,adhoc.unclassified,via-dmoj-category,,,,,2026-09-19,2026-09-19
apio-2016-fireworks,Fireworks,apio,APIO 2016,2016,,oj.uz,https://oj.uz/problem/view/APIO16_fireworks,,subtask,7,estimated,,dp.optimization.slope_trick,dp.optimization.slope_trick,via-usaco-guide,,,,,2026-09-19,2026-09-19
apio-2016-gap,Gap,apio,APIO 2016,2016,,oj.uz,https://oj.uz/problem/view/APIO16_gap,,subtask,7,estimated,,adhoc.unclassified,adhoc.unclassified,via-dmoj-category,,,,,2026-09-19,2026-09-19
apio-2017-koala,Koala Game,apio,APIO 2017,2017,,oj.uz,https://oj.uz/problem/view/APIO17_koala,,subtask,7,estimated,,adhoc.unclassified,adhoc.unclassified,via-dmoj-category,,,,,2026-09-19,2026-09-19
apio-2017-merchant,Travelling Merchant,apio,APIO 2017,2017,,oj.uz,https://oj.uz/problem/view/APIO17_merchant,,subtask,7,estimated,,adhoc.unclassified,adhoc.unclassified,via-dmoj-category,,,,,2026-09-19,2026-09-19
apio-2017-rainbow,Land of the Rainbow Gold,apio,APIO 2017,2017,,oj.uz,https://oj.uz/problem/view/APIO17_rainbow,,subtask,7,estimated,,graphs.special_graphs.planar,graphs.special_graphs.planar,via-usaco-guide,,,,,2026-09-19,2026-09-19
apio-2018-circleselection,Circle selection,apio,APIO 2018,2018,,oj.uz,https://oj.uz/problem/view/APIO18_circle_selection,,subtask,7,estimated,,adhoc.unclassified,adhoc.unclassified,via-dmoj-category,,,,,2026-09-19,2026-09-19
apio-2018-duathlon,Duathlon,apio,APIO 2018,2018,,oj.uz,https://oj.uz/problem/view/APIO18_duathlon,,subtask,7,estimated,,graphs.components.biconnected,graphs.components.biconnected,via-usaco-guide,,,,,2026-09-19,2026-09-19
apio-2018-newhome,New Home,apio,APIO 2018,2018,,oj.uz,https://oj.uz/problem/view/APIO18_new_home,,subtask,7,estimated,,adhoc.unclassified,adhoc.unclassified,via-dmoj-category,,,,,2026-09-19,2026-09-19
apio-2019-bridges,Bridges,apio,APIO 2019,2019,,oj.uz,https://oj.uz/problem/view/APIO19_bridges,,subtask,7,estimated,,data_structures.sqrt.sqrt_decomposition,data_structures.sqrt.sqrt_decomposition,via-usaco-guide,,,,,2026-09-19,2026-09-19
apio-2019-strangedevice,Strange Device,apio,APIO 2019,2019,,oj.uz,https://oj.uz/problem/view/APIO19_strange_device,,subtask,7,estimated,,adhoc.unclassified,adhoc.unclassified,via-dmoj-category,,,,,2026-09-19,2026-09-19
apio-2019-streetlamps,Street Lamps,apio,APIO 2019,2019,,oj.uz,https://oj.uz/problem/view/APIO19_street_lamps,,subtask,7,estimated,,adhoc.unclassified,adhoc.unclassified,via-dmoj-category,,,,,2026-09-19,2026-09-19
apio-2020-fun,Fun Tour,apio,APIO 2020,2020,,oj.uz,https://oj.uz/problem/view/APIO20_fun,,subtask,7,estimated,,adhoc.unclassified,adhoc.unclassified,via-dmoj-category,,,,,2026-09-19,2026-09-19
apio-2020-paint,Painting Walls,apio,APIO 2020,2020,,oj.uz,https://oj.uz/problem/view/APIO20_paint,,subtask,7,estimated,,adhoc.unclassified,adhoc.unclassified,via-dmoj-category,,,,,2026-09-19,2026-09-19
apio-2020-swap,Swapping Cities,apio,APIO 2020,2020,,oj.uz,https://oj.uz/problem/view/APIO20_swap,,subtask,7,estimated,,dp.tree.subtree_dp,dp.tree.subtree_dp,via-usaco-guide,,,,,2026-09-19,2026-09-19
apio-2021-hexagon,Hexagonal Territory,apio,APIO 2021,2021,,oj.uz,https://oj.uz/problem/view/APIO21_hexagon,,subtask,7,estimated,,adhoc.unclassified,adhoc.unclassified,via-dmoj-category,,,,,2026-09-19,2026-09-19
apio-2021-jumps,Rainforest Jumps,apio,APIO 2021,2021,,oj.uz,https://oj.uz/problem/view/APIO21_jumps,,subtask,7,estimated,,adhoc.unclassified,adhoc.unclassified,via-dmoj-category,,,,,2026-09-19,2026-09-19
apio-2021-roads,Road Closures,apio,APIO 2021,2021,,oj.uz,https://oj.uz/problem/view/APIO21_roads,,subtask,7,estimated,,geometry.sweep.line_sweep,geometry.sweep.line_sweep,via-usaco-guide,,,,,2026-09-19,2026-09-19
apio-2022-game,Game,apio,APIO 2022,2022,,oj.uz,https://oj.uz/problem/view/APIO22_game,,subtask,7,estimated,,data_structures.range_query.fenwick,data_structures.range_query.fenwick,via-usaco-guide,,,,,2026-09-19,2026-09-19
apio-2022-mars,Mars,apio,APIO 2022,2022,,oj.uz,https://oj.uz/problem/view/APIO22_mars,,subtask,7,estimated,,adhoc.unclassified,adhoc.unclassified,via-dmoj-category,,,,,2026-09-19,2026-09-19
apio-2022-perm,Permutation,apio,APIO 2022,2022,,oj.uz,https://oj.uz/problem/view/APIO22_perm,,subtask,7,estimated,,adhoc.unclassified,adhoc.unclassified,via-dmoj-category,,,,,2026-09-19,2026-09-19
apio-2023-abc,"Alice, Bob, and Circuit",apio,APIO 2023,2023,,oj.uz,https://oj.uz/problem/view/APIO23_abc,,subtask,7,estimated,,adhoc.unclassified,adhoc.unclassified,via-dmoj-category,,,,,2026-09-19,2026-09-19
apio-2023-cyberland,Cyberland,apio,APIO 2023,2023,,oj.uz,https://oj.uz/problem/view/APIO23_cyberland,,subtask,7,estimated,,adhoc.unclassified,adhoc.unclassified,via-dmoj-category,,,,,2026-09-19,2026-09-19
apio-2023-sequence,Sequence,apio,APIO 2023,2023,,oj.uz,https://oj.uz/problem/view/APIO23_sequence,,subtask,7,estimated,,adhoc.unclassified,adhoc.unclassified,via-dmoj-category,,,,,2026-09-19,2026-09-19
apio-2024-september,September,apio,APIO 2024,2024,,oj.uz,https://oj.uz/problem/view/APIO24_september,,subtask,7,estimated,,adhoc.unclassified,adhoc.unclassified,via-dmoj-category,,,,,2026-09-19,2026-09-19
apio-2024-show,Magic Show,apio,APIO 2024,2024,,oj.uz,https://oj.uz/problem/view/APIO24_show,,subtask,7,estimated,,adhoc.unclassified,adhoc.unclassified,via-dmoj-category,,,,,2026-09-19,2026-09-19
apio-2024-train,Train,apio,APIO 2024,2024,,oj.uz,https://oj.uz/problem/view/APIO24_train,,subtask,7,estimated,,adhoc.unclassified,adhoc.unclassified,via-dmoj-category,,,,,2026-09-19,2026-09-19
apio-2025-hack,Hack,apio,APIO 2025,2025,,oj.uz,https://oj.uz/problem/view/APIO25_hack,,subtask,7,estimated,,adhoc.unclassified,adhoc.unclassified,via-dmoj-category,,,,,2026-09-19,2026-09-19
apio-2025-permgame,Permutation Game,apio,APIO 2025,2025,,oj.uz,https://oj.uz/problem/view/APIO25_permgame,,subtask,7,estimated,,adhoc.unclassified,adhoc.unclassified,via-dmoj-category,,,,,2026-09-19,2026-09-19
apio-2025-rotate,Rotating Lines,apio,APIO 2025,2025,,oj.uz,https://oj.uz/problem/view/APIO25_rotate,,subtask,7,estimated,,adhoc.unclassified,adhoc.unclassified,via-dmoj-category,,,,,2026-09-19,2026-09-19
apio-2026-bike,APIOBike,apio,APIO 2026,2026,,oj.uz,https://oj.uz/problem/view/APIO26_bike,,subtask,7,estimated,,adhoc.unclassified,adhoc.unclassified,via-dmoj-category,,,,,2026-09-19,2026-09-19
apio-2026-navigation,Navigation,apio,APIO 2026,2026,,oj.uz,https://oj.uz/problem/view/APIO26_navigation,,subtask,7,estimated,,adhoc.unclassified,adhoc.unclassified,via-dmoj-category,,,,,2026-09-19,2026-09-19
apio-2026-party,Scallion Pancake Party,apio,APIO 2026,2026,,oj.uz,https://oj.uz/problem/view/APIO26_party,,subtask,7,estimated,,adhoc.unclassified,adhoc.unclassified,via-dmoj-category,,,,,2026-09-19,2026-09-19
balkanoi-2011-2circles,2circles,balkanoi,Balkan OI 2011,2011,,oj.uz,https://oj.uz/problem/view/balkan11_2circles,,subtask,6,estimated,,search.binary_search.on_answer,search.binary_search.on_answer,via-usaco-guide,,,,,2026-09-19,2026-09-19
balkanoi-2011-cmp,cmp,balkanoi,Balkan OI 2011,2011,,oj.uz,https://oj.uz/problem/view/balkan11_cmp,,subtask,6,estimated,,adhoc.unclassified,adhoc.unclassified,via-dmoj-category,,,,,2026-09-19,2026-09-19
balkanoi-2011-medians,medians,balkanoi,Balkan OI 2011,2011,,oj.uz,https://oj.uz/problem/view/balkan11_medians,,subtask,6,estimated,,adhoc.unclassified,adhoc.unclassified,via-dmoj-category,,,,,2026-09-19,2026-09-19
balkanoi-2011-timeismoney,timeismoney,balkanoi,Balkan OI 2011,2011,,oj.uz,https://oj.uz/problem/view/balkan11_timeismoney,,subtask,6,estimated,,geometry.convexity.convex_hull,geometry.convexity.convex_hull,via-usaco-guide,,,,,2026-09-19,2026-09-19
balkanoi-2011-trapezoid,trapezoid,balkanoi,Balkan OI 2011,2011,,oj.uz,https://oj.uz/problem/view/balkan11_trapezoid,,subtask,6,estimated,,geometry.sweep.line_sweep,geometry.sweep.line_sweep,via-usaco-guide,,,,,2026-09-19,2026-09-19
balkanoi-2018-election,Election,balkanoi,Balkan OI 2018,2018,,oj.uz,https://oj.uz/problem/view/BOI18_election,,subtask,6,estimated,,data_structures.range_query.segment_tree,data_structures.range_query.segment_tree,via-usaco-guide,,,,,2026-09-19,2026-09-19
balkanoi-2018-homecoming,Homecoming,balkanoi,Balkan OI 2018,2018,,oj.uz,https://oj.uz/problem/view/BOI18_homecoming,,subtask,6,estimated,,adhoc.unclassified,adhoc.unclassified,via-dmoj-category,,,,,2026-09-19,2026-09-19
balkanoi-2018-minmaxtree,Min-max tree,balkanoi,Balkan OI 2018,2018,,oj.uz,https://oj.uz/problem/view/BOI18_minmaxtree,,subtask,6,estimated,,adhoc.unclassified,adhoc.unclassified,via-dmoj-category,,,,,2026-09-19,2026-09-19
balkanoi-2018-parentrises,parentrises,balkanoi,Balkan OI 2018,2018,,oj.uz,https://oj.uz/problem/view/BOI18_parentrises,,subtask,6,estimated,,adhoc.unclassified,adhoc.unclassified,via-dmoj-category,,,,,2026-09-19,2026-09-19
balkanoi-2018-popa,popa,balkanoi,Balkan OI 2018,2018,,oj.uz,https://oj.uz/problem/view/BOI18_popa,,subtask,6,estimated,,adhoc.unclassified,adhoc.unclassified,via-dmoj-category,,,,,2026-09-19,2026-09-19
balkanoi-2018-zalmoxis,Zalmoxis,balkanoi,Balkan OI 2018,2018,,oj.uz,https://oj.uz/problem/view/BOI18_zalmoxis,,subtask,6,estimated,,adhoc.unclassified,adhoc.unclassified,via-dmoj-category,,,,,2026-09-19,2026-09-19
boi-2006-bitwise,Bitwise,boi,BOI 2006,2006,,oj.uz,https://oj.uz/problem/view/BOI06_bitwise,,subtask,6,estimated,,adhoc.unclassified,adhoc.unclassified,via-dmoj-category,,,,,2026-09-19,2026-09-19
boi-2006-city,City,boi,BOI 2006,2006,,oj.uz,https://oj.uz/problem/view/BOI06_city,,subtask,6,estimated,,adhoc.unclassified,adhoc.unclassified,via-dmoj-category,,,,,2026-09-19,2026-09-19
boi-2006-coins,Coins,boi,BOI 2006,2006,,oj.uz,https://oj.uz/problem/view/BOI06_coins,,subtask,6,estimated,,adhoc.unclassified,adhoc.unclassified,via-dmoj-category,,,,,2026-09-19,2026-09-19
boi-2006-countries,Countries,boi,BOI 2006,2006,,oj.uz,https://oj.uz/problem/view/BOI06_countries,,subtask,6,estimated,,adhoc.unclassified,adhoc.unclassified,via-dmoj-category,,,,,2026-09-19,2026-09-19
boi-2006-jump,Jump,boi,BOI 2006,2006,,oj.uz,https://oj.uz/problem/view/BOI06_jump,,subtask,6,estimated,,adhoc.unclassified,adhoc.unclassified,via-dmoj-category,,,,,2026-09-19,2026-09-19
boi-2006-rle,RLE,boi,BOI 2006,2006,,oj.uz,https://oj.uz/problem/view/BOI06_rle,,subtask,6,estimated,,adhoc.unclassified,adhoc.unclassified,via-dmoj-category,,,,,2026-09-19,2026-09-19
boi-2011-grow,Growing Trees,boi,BOI 2011,2011,,oj.uz,https://oj.uz/problem/view/BOI11_grow,,subtask,6,estimated,,adhoc.unclassified,adhoc.unclassified,via-dmoj-category,,,,,2026-09-19,2026-09-19
boi-2013-ballmachine,Ball Machine,boi,BOI 2013,2013,,oj.uz,https://oj.uz/problem/view/BOI13_ballmachine,,subtask,6,estimated,,adhoc.unclassified,adhoc.unclassified,via-dmoj-category,,,,,2026-09-19,2026-09-19
boi-2013-brunhilda,Brunhilda’s Birthday,boi,BOI 2013,2013,,oj.uz,https://oj.uz/problem/view/BOI13_brunhilda,,subtask,6,estimated,,adhoc.unclassified,adhoc.unclassified,via-dmoj-category,,,,,2026-09-19,2026-09-19
boi-2013-numbers,Palindrome-Free Numbers,boi,BOI 2013,2013,,oj.uz,https://oj.uz/problem/view/BOI13_numbers,,subtask,6,estimated,,adhoc.unclassified,adhoc.unclassified,via-dmoj-category,,,,,2026-09-19,2026-09-19
boi-2013-pipes,Pipes,boi,BOI 2013,2013,,oj.uz,https://oj.uz/problem/view/BOI13_pipes,,subtask,6,estimated,,graphs.components.biconnected,graphs.components.biconnected,via-usaco-guide,,,,,2026-09-19,2026-09-19
boi-2013-tracks,Tracks in the Snow,boi,BOI 2013,2013,,oj.uz,https://oj.uz/problem/view/BOI13_tracks,,subtask,6,estimated,,adhoc.unclassified,adhoc.unclassified,via-dmoj-category,,,,,2026-09-19,2026-09-19
boi-2013-vim,Vim,boi,BOI 2013,2013,,oj.uz,https://oj.uz/problem/view/BOI13_vim,,subtask,6,estimated,,adhoc.unclassified,adhoc.unclassified,via-dmoj-category,,,,,2026-09-19,2026-09-19
boi-2014-coprobber,Cop and Robber,boi,BOI 2014,2014,,oj.uz,https://oj.uz/problem/view/BOI14_coprobber,,subtask,6,estimated,,adhoc.unclassified,adhoc.unclassified,via-dmoj-category,,,,,2026-09-19,2026-09-19
boi-2014-demarcation,Demarcation,boi,BOI 2014,2014,,oj.uz,https://oj.uz/problem/view/BOI14_demarcation,,subtask,6,estimated,,geometry.sweep.line_sweep,geometry.sweep.line_sweep,via-usaco-guide,,,,,2026-09-19,2026-09-19
boi-2014-friends,Three Friends,boi,BOI 2014,2014,,oj.uz,https://oj.uz/problem/view/BOI14_friends,,subtask,6,estimated,,adhoc.unclassified,adhoc.unclassified,via-dmoj-category,,,,,2026-09-19,2026-09-19
boi-2014-portals,Portals,boi,BOI 2014,2014,,oj.uz,https://oj.uz/problem/view/BOI14_portals,,subtask,6,estimated,,adhoc.unclassified,adhoc.unclassified,via-dmoj-category,,,,,2026-09-19,2026-09-19
boi-2014-postmen,Senior Postmen,boi,BOI 2014,2014,,oj.uz,https://oj.uz/problem/view/BOI14_postmen,,subtask,6,estimated,,trees.basics.euler_tour,trees.basics.euler_tour,via-usaco-guide,,,,,2026-09-19,2026-09-19
boi-2014-sequence,Sequence,boi,BOI 2014,2014,,oj.uz,https://oj.uz/problem/view/BOI14_sequence,,subtask,6,estimated,,adhoc.unclassified,adhoc.unclassified,via-dmoj-category,,,,,2026-09-19,2026-09-19
boi-2015-bow,Bowling,boi,BOI 2015,2015,,oj.uz,https://oj.uz/problem/view/BOI15_bow,,subtask,6,estimated,,adhoc.unclassified,adhoc.unclassified,via-dmoj-category,,,,,2026-09-19,2026-09-19
boi-2015-edi,Editor,boi,BOI 2015,2015,,oj.uz,https://oj.uz/problem/view/BOI15_edi,,subtask,6,estimated,,adhoc.unclassified,adhoc.unclassified,via-dmoj-category,,,,,2026-09-19,2026-09-19
boi-2015-fil,File Paths,boi,BOI 2015,2015,,oj.uz,https://oj.uz/problem/view/BOI15_fil,,subtask,6,estimated,,adhoc.unclassified,adhoc.unclassified,via-dmoj-category,,,,,2026-09-19,2026-09-19
boi-2015-hac,Hacker,boi,BOI 2015,2015,,oj.uz,https://oj.uz/problem/view/BOI15_hac,,subtask,6,estimated,,adhoc.unclassified,adhoc.unclassified,via-dmoj-category,,,,,2026-09-19,2026-09-19
boi-2015-net,Network,boi,BOI 2015,2015,,oj.uz,https://oj.uz/problem/view/BOI15_net,,subtask,6,estimated,,adhoc.unclassified,adhoc.unclassified,via-dmoj-category,,,,,2026-09-19,2026-09-19
boi-2015-tug,Tug of War,boi,BOI 2015,2015,,oj.uz,https://oj.uz/problem/view/BOI15_tug,,subtask,6,estimated,,adhoc.unclassified,adhoc.unclassified,via-dmoj-category,,,,,2026-09-19,2026-09-19
boi-2016-bosses,Bosses,boi,BOI 2016,2016,,oj.uz,https://oj.uz/problem/view/BOI16_bosses,,subtask,6,estimated,,adhoc.unclassified,adhoc.unclassified,via-dmoj-category,,,,,2026-09-19,2026-09-19
boi-2016-cities,Cities,boi,BOI 2016,2016,,oj.uz,https://oj.uz/problem/view/BOI16_cities,,subtask,6,estimated,,adhoc.unclassified,adhoc.unclassified,via-dmoj-category,,,,,2026-09-19,2026-09-19
boi-2016-park,Park,boi,BOI 2016,2016,,oj.uz,https://oj.uz/problem/view/BOI16_park,,subtask,6,estimated,,data_structures.disjoint_set.dsu,data_structures.disjoint_set.dsu,via-usaco-guide,,,,,2026-09-19,2026-09-19
boi-2016-spiral,Spiral,boi,BOI 2016,2016,,oj.uz,https://oj.uz/problem/view/BOI16_spiral,,subtask,6,estimated,,adhoc.unclassified,adhoc.unclassified,via-dmoj-category,,,,,2026-09-19,2026-09-19
boi-2016-swap,Swap,boi,BOI 2016,2016,,oj.uz,https://oj.uz/problem/view/BOI16_swap,,subtask,6,estimated,,dp.tree.subtree_dp,dp.tree.subtree_dp,via-usaco-guide,,,,,2026-09-19,2026-09-19
boi-2017-catinatree,Cat in a tree,boi,BOI 2017,2017,,oj.uz,https://oj.uz/problem/view/BOI17_catinatree,,subtask,6,estimated,,adhoc.unclassified,adhoc.unclassified,via-dmoj-category,,,,,2026-09-19,2026-09-19
boi-2017-friends,Friends,boi,BOI 2017,2017,,oj.uz,https://oj.uz/problem/view/BOI17_friends,,subtask,6,estimated,,adhoc.unclassified,adhoc.unclassified,via-dmoj-category,,,,,2026-09-19,2026-09-19
boi-2017-plusminus,Plus Minus,boi,BOI 2017,2017,,oj.uz,https://oj.uz/problem/view/BOI17_plusminus,,subtask,6,estimated,,adhoc.unclassified,adhoc.unclassified,via-dmoj-category,,,,,2026-09-19,2026-09-19
boi-2017-politicaldevelopment,Political Development,boi,BOI 2017,2017,,oj.uz,https://oj.uz/problem/view/BOI17_politicaldevelopment,,subtask,6,estimated,,adhoc.unclassified,adhoc.unclassified,via-dmoj-category,,,,,2026-09-19,2026-09-19
boi-2017-railway,Railway,boi,BOI 2017,2017,,oj.uz,https://oj.uz/problem/view/BOI17_railway,,subtask,6,estimated,,adhoc.unclassified,adhoc.unclassified,via-dmoj-category,,,,,2026-09-19,2026-09-19
boi-2017-toll,Toll,boi,BOI 2017,2017,,oj.uz,https://oj.uz/problem/view/BOI17_toll,,subtask,6,estimated,,trees.ancestors.binary_lifting,trees.ancestors.binary_lifting,via-usaco-guide,,,,,2026-09-19,2026-09-19
boi-2018-alternating,Alternating Current,boi,BOI 2018,2018,,oj.uz,https://oj.uz/problem/view/BOI18_alternating,,subtask,6,estimated,,adhoc.unclassified,adhoc.unclassified,via-dmoj-category,,,,,2026-09-19,2026-09-19
boi-2018-dna,Martian DNA,boi,BOI 2018,2018,,oj.uz,https://oj.uz/problem/view/BOI18_dna,,subtask,6,estimated,,adhoc.unclassified,adhoc.unclassified,via-dmoj-category,,,,,2026-09-19,2026-09-19
boi-2018-genetics,Genetics,boi,BOI 2018,2018,,oj.uz,https://oj.uz/problem/view/BOI18_genetics,,subtask,6,estimated,,strings.hashing.polynomial_hash,strings.hashing.polynomial_hash,via-usaco-guide,,,,,2026-09-19,2026-09-19
boi-2018-paths,Paths,boi,BOI 2018,2018,,oj.uz,https://oj.uz/problem/view/BOI18_paths,,subtask,6,estimated,,adhoc.unclassified,adhoc.unclassified,via-dmoj-category,,,,,2026-09-19,2026-09-19
boi-2018-polygon,Love Polygon,boi,BOI 2018,2018,,oj.uz,https://oj.uz/problem/view/BOI18_polygon,,subtask,6,estimated,,adhoc.unclassified,adhoc.unclassified,via-dmoj-category,,,,,2026-09-19,2026-09-19
boi-2018-worm,Worm Worries,boi,BOI 2018,2018,,oj.uz,https://oj.uz/problem/view/BOI18_worm,,subtask,6,estimated,,adhoc.unclassified,adhoc.unclassified,via-dmoj-category,,,,,2026-09-19,2026-09-19
boi-2019-kitchen,Kitchen,boi,BOI 2019,2019,,oj.uz,https://oj.uz/problem/view/BOI19_kitchen,,subtask,6,estimated,,adhoc.unclassified,adhoc.unclassified,via-dmoj-category,,,,,2026-09-19,2026-09-19
boi-2019-nautilus,Nautilus,boi,BOI 2019,2019,,oj.uz,https://oj.uz/problem/view/BOI19_nautilus,,subtask,6,estimated,,bitwise.techniques.bitset_optimization,bitwise.techniques.bitset_optimization,via-usaco-guide,,,,,2026-09-19,2026-09-19
boi-2019-necklace1,Necklace (Subtask 1-3),boi,BOI 2019,2019,,oj.uz,https://oj.uz/problem/view/BOI19_necklace1,,subtask,6,estimated,,adhoc.unclassified,adhoc.unclassified,via-dmoj-category,,,,,2026-09-19,2026-09-19
boi-2019-necklace4,Necklace (Subtask 4),boi,BOI 2019,2019,,oj.uz,https://oj.uz/problem/view/BOI19_necklace4,,subtask,6,estimated,,adhoc.unclassified,adhoc.unclassified,via-dmoj-category,,,,,2026-09-19,2026-09-19
boi-2019-olympiads,Olympiads,boi,BOI 2019,2019,,oj.uz,https://oj.uz/problem/view/BOI19_olympiads,,subtask,6,estimated,,adhoc.unclassified,adhoc.unclassified,via-dmoj-category,,,,,2026-09-19,2026-09-19
boi-2019-valley,Valley,boi,BOI 2019,2019,,oj.uz,https://oj.uz/problem/view/BOI19_valley,,subtask,6,estimated,,trees.ancestors.binary_lifting,trees.ancestors.binary_lifting,via-usaco-guide,,,,,2026-09-19,2026-09-19
boi-2020-colors,Colors,boi,BOI 2020,2020,,oj.uz,https://oj.uz/problem/view/BOI20_colors,,subtask,6,estimated,,adhoc.unclassified,adhoc.unclassified,via-dmoj-category,,,,,2026-09-19,2026-09-19
boi-2020-graph,Graph,boi,BOI 2020,2020,,oj.uz,https://oj.uz/problem/view/BOI20_graph,,subtask,6,estimated,,graphs.traversal.dfs,graphs.traversal.dfs,via-usaco-guide,,,,,2026-09-19,2026-09-19
boi-2020-guess,Guess the number,boi,BOI 2020,2020,,oj.uz,https://oj.uz/problem/view/BOI20_guess,,subtask,6,estimated,,adhoc.unclassified,adhoc.unclassified,via-dmoj-category,,,,,2026-09-19,2026-09-19
boi-2020-joker,Joker,boi,BOI 2020,2020,,oj.uz,https://oj.uz/problem/view/BOI20_joker,,subtask,6,estimated,,adhoc.unclassified,adhoc.unclassified,via-dmoj-category,,,,,2026-09-19,2026-09-19
boi-2020-mixture,Mixture,boi,BOI 2020,2020,,oj.uz,https://oj.uz/problem/view/BOI20_mixture,,subtask,6,estimated,,adhoc.unclassified,adhoc.unclassified,via-dmoj-category,,,,,2026-09-19,2026-09-19
boi-2020-roses,Roses,boi,BOI 2020,2020,,oj.uz,https://oj.uz/problem/view/BOI20_roses,,subtask,6,estimated,,adhoc.unclassified,adhoc.unclassified,via-dmoj-category,,,,,2026-09-19,2026-09-19
boi-2020-village,Village,boi,BOI 2020,2020,,oj.uz,https://oj.uz/problem/view/BOI20_village,,subtask,6,estimated,,adhoc.unclassified,adhoc.unclassified,via-dmoj-category,,,,,2026-09-19,2026-09-19
boi-2020-viruses,Viruses,boi,BOI 2020,2020,,oj.uz,https://oj.uz/problem/view/BOI20_viruses,,subtask,6,estimated,,adhoc.unclassified,adhoc.unclassified,via-dmoj-category,,,,,2026-09-19,2026-09-19
boi-2021-books,A Difficult(y) Choice,boi,BOI 2021,2021,,oj.uz,https://oj.uz/problem/view/BOI21_books,,subtask,6,estimated,,adhoc.unclassified,adhoc.unclassified,via-dmoj-category,,,,,2026-09-19,2026-09-19
boi-2021-prison,The short shank; Redemption,boi,BOI 2021,2021,,oj.uz,https://oj.uz/problem/view/BOI21_prison,,subtask,6,estimated,,adhoc.unclassified,adhoc.unclassified,via-dmoj-category,,,,,2026-09-19,2026-09-19
boi-2021-servers,Inside information,boi,BOI 2021,2021,,oj.uz,https://oj.uz/problem/view/BOI21_servers,,subtask,6,estimated,,data_structures.disjoint_set.dsu,data_structures.disjoint_set.dsu,via-usaco-guide,,,,,2026-09-19,2026-09-19
boi-2021-swaps,The Collection Game,boi,BOI 2021,2021,,oj.uz,https://oj.uz/problem/view/BOI21_swaps,,subtask,6,estimated,,adhoc.unclassified,adhoc.unclassified,via-dmoj-category,,,,,2026-09-19,2026-09-19
boi-2021-watchmen,From Hacks to Snitches,boi,BOI 2021,2021,,oj.uz,https://oj.uz/problem/view/BOI21_watchmen,,subtask,6,estimated,,adhoc.unclassified,adhoc.unclassified,via-dmoj-category,,,,,2026-09-19,2026-09-19
boi-2021-xanadu,The Xana coup,boi,BOI 2021,2021,,oj.uz,https://oj.uz/problem/view/BOI21_xanadu,,subtask,6,estimated,,adhoc.unclassified,adhoc.unclassified,via-dmoj-category,,,,,2026-09-19,2026-09-19
boi-2022-art,Art Collections,boi,BOI 2022,2022,,oj.uz,https://oj.uz/problem/view/BOI22_art,,subtask,6,estimated,,adhoc.unclassified,adhoc.unclassified,via-dmoj-category,,,,,2026-09-19,2026-09-19
boi-2022-communication,Flight to the Ford,boi,BOI 2022,2022,,oj.uz,https://oj.uz/problem/view/BOI22_communication,,subtask,6,estimated,,adhoc.unclassified,adhoc.unclassified,via-dmoj-category,,,,,2026-09-19,2026-09-19
boi-2022-events,Event Hopping,boi,BOI 2022,2022,,oj.uz,https://oj.uz/problem/view/BOI22_events,,subtask,6,estimated,,adhoc.unclassified,adhoc.unclassified,via-dmoj-category,,,,,2026-09-19,2026-09-19
boi-2022-island,Stranded Far From Home,boi,BOI 2022,2022,,oj.uz,https://oj.uz/problem/view/BOI22_island,,subtask,6,estimated,,adhoc.unclassified,adhoc.unclassified,via-dmoj-category,,,,,2026-09-19,2026-09-19
boi-2022-passes,Boarding Passes,boi,BOI 2022,2022,,oj.uz,https://oj.uz/problem/view/BOI22_passes,,subtask,6,estimated,,math.numerical.ternary_search,math.numerical.ternary_search,via-usaco-guide,,,,,2026-09-19,2026-09-19
boi-2022-vault,Uplifting Excursion,boi,BOI 2022,2022,,oj.uz,https://oj.uz/problem/view/BOI22_vault,,subtask,6,estimated,,adhoc.unclassified,adhoc.unclassified,via-dmoj-category,,,,,2026-09-19,2026-09-19
boi-2023-astronomer,Astronomer,boi,BOI 2023,2023,,oj.uz,https://oj.uz/problem/view/BOI23_astronomer,,subtask,6,estimated,,adhoc.unclassified,adhoc.unclassified,via-dmoj-category,,,,,2026-09-19,2026-09-19
boi-2023-minequake,Minequake,boi,BOI 2023,2023,,oj.uz,https://oj.uz/problem/view/BOI23_minequake,,subtask,6,estimated,,adhoc.unclassified,adhoc.unclassified,via-dmoj-category,,,,,2026-09-19,2026-09-19
boi-2023-mineraldeposits,Mineral deposits,boi,BOI 2023,2023,,oj.uz,https://oj.uz/problem/view/BOI23_mineraldeposits,,subtask,6,estimated,,adhoc.unclassified,adhoc.unclassified,via-dmoj-category,,,,,2026-09-19,2026-09-19
boi-2023-sequence,Sequence,boi,BOI 2023,2023,,oj.uz,https://oj.uz/problem/view/BOI23_sequence,,subtask,6,estimated,,adhoc.unclassified,adhoc.unclassified,via-dmoj-category,,,,,2026-09-19,2026-09-19
boi-2023-staringcontest,Staring Contest,boi,BOI 2023,2023,,oj.uz,https://oj.uz/problem/view/BOI23_staringcontest,,subtask,6,estimated,,adhoc.unclassified,adhoc.unclassified,via-dmoj-category,,,,,2026-09-19,2026-09-19
boi-2023-tycho,Tycho,boi,BOI 2023,2023,,oj.uz,https://oj.uz/problem/view/BOI23_tycho,,subtask,6,estimated,,adhoc.unclassified,adhoc.unclassified,via-dmoj-category,,,,,2026-09-19,2026-09-19
boi-2024-drivers,Drivers,boi,BOI 2024,2024,,oj.uz,https://oj.uz/problem/view/BOI24_drivers,,subtask,6,estimated,,adhoc.unclassified,adhoc.unclassified,via-dmoj-category,,,,,2026-09-19,2026-09-19
boi-2024-fire,Fire,boi,BOI 2024,2024,,oj.uz,https://oj.uz/problem/view/BOI24_fire,,subtask,6,estimated,,adhoc.unclassified,adhoc.unclassified,via-dmoj-category,,,,,2026-09-19,2026-09-19
boi-2024-jobs,Jobs,boi,BOI 2024,2024,,oj.uz,https://oj.uz/problem/view/BOI24_jobs,,subtask,6,estimated,,adhoc.unclassified,adhoc.unclassified,via-dmoj-category,,,,,2026-09-19,2026-09-19
boi-2024-multiplication,Multiplication,boi,BOI 2024,2024,,oj.uz,https://oj.uz/problem/view/BOI24_multiplication,,subtask,6,estimated,,adhoc.unclassified,adhoc.unclassified,via-dmoj-category,,,,,2026-09-19,2026-09-19
boi-2024-portal,Portal,boi,BOI 2024,2024,,oj.uz,https://oj.uz/problem/view/BOI24_portal,,subtask,6,estimated,,adhoc.unclassified,adhoc.unclassified,via-dmoj-category,,,,,2026-09-19,2026-09-19
boi-2024-rectangle,Cutting a Rectangle,boi,BOI 2024,2024,,oj.uz,https://oj.uz/problem/view/BOI24_rectangle,,subtask,6,estimated,,adhoc.unclassified,adhoc.unclassified,via-dmoj-category,,,,,2026-09-19,2026-09-19
boi-2024-tiles,Tiles,boi,BOI 2024,2024,,oj.uz,https://oj.uz/problem/view/BOI24_tiles,,subtask,6,estimated,,adhoc.unclassified,adhoc.unclassified,via-dmoj-category,,,,,2026-09-19,2026-09-19
boi-2024-trains,Trains,boi,BOI 2024,2024,,oj.uz,https://oj.uz/problem/view/BOI24_trains,,subtask,6,estimated,,adhoc.unclassified,adhoc.unclassified,via-dmoj-category,,,,,2026-09-19,2026-09-19
boi-2024-wall,Flooding Wall,boi,BOI 2024,2024,,oj.uz,https://oj.uz/problem/view/BOI24_wall,,subtask,6,estimated,,data_structures.range_query.lazy_propagation,data_structures.range_query.lazy_propagation,via-usaco-guide,,,,,2026-09-19,2026-09-19
boi-2025-boi,BOI Acronym,boi,BOI 2025,2025,,oj.uz,https://oj.uz/problem/view/BOI25_boi,,subtask,6,estimated,,adhoc.unclassified,adhoc.unclassified,via-dmoj-category,,,,,2026-09-19,2026-09-19
boi-2025-dev,Developer,boi,BOI 2025,2025,,oj.uz,https://oj.uz/problem/view/BOI25_dev,,subtask,6,estimated,,adhoc.unclassified,adhoc.unclassified,via-dmoj-category,,,,,2026-09-19,2026-09-19
boi-2025-exp,Exponents,boi,BOI 2025,2025,,oj.uz,https://oj.uz/problem/view/BOI25_exp,,subtask,6,estimated,,adhoc.unclassified,adhoc.unclassified,via-dmoj-category,,,,,2026-09-19,2026-09-19
boi-2025-gcd,Gingerbread,boi,BOI 2025,2025,,oj.uz,https://oj.uz/problem/view/BOI25_gcd,,subtask,6,estimated,,adhoc.unclassified,adhoc.unclassified,via-dmoj-category,,,,,2026-09-19,2026-09-19
boi-2025-tou,Tour,boi,BOI 2025,2025,,oj.uz,https://oj.uz/problem/view/BOI25_tou,,subtask,6,estimated,,adhoc.unclassified,adhoc.unclassified,via-dmoj-category,,,,,2026-09-19,2026-09-19
boi-2025-tow,Tower,boi,BOI 2025,2025,,oj.uz,https://oj.uz/problem/view/BOI25_tow,,subtask,6,estimated,,adhoc.unclassified,adhoc.unclassified,via-dmoj-category,,,,,2026-09-19,2026-09-19
boi-2026-blocks,Blocks,boi,BOI 2026,2026,,oj.uz,https://oj.uz/problem/view/BOI26_blocks,,subtask,6,estimated,,adhoc.unclassified,adhoc.unclassified,via-dmoj-category,,,,,2026-09-19,2026-09-19
boi-2026-distances,Distances,boi,BOI 2026,2026,,oj.uz,https://oj.uz/problem/view/BOI26_distances,,subtask,6,estimated,,adhoc.unclassified,adhoc.unclassified,via-dmoj-category,,,,,2026-09-19,2026-09-19
boi-2026-hamilton,Hamilton,boi,BOI 2026,2026,,oj.uz,https://oj.uz/problem/view/BOI26_hamilton,,subtask,6,estimated,,adhoc.unclassified,adhoc.unclassified,via-dmoj-category,,,,,2026-09-19,2026-09-19
boi-2026-island,Island,boi,BOI 2026,2026,,oj.uz,https://oj.uz/problem/view/BOI26_island,,subtask,6,estimated,,adhoc.unclassified,adhoc.unclassified,via-dmoj-category,,,,,2026-09-19,2026-09-19
boi-2026-journey,Tourist's Journey,boi,BOI 2026,2026,,oj.uz,https://oj.uz/problem/view/BOI26_journey,,subtask,6,estimated,,adhoc.unclassified,adhoc.unclassified,via-dmoj-category,,,,,2026-09-19,2026-09-19
boi-2026-sort,Sort,boi,BOI 2026,2026,,oj.uz,https://oj.uz/problem/view/BOI26_sort,,subtask,6,estimated,,adhoc.unclassified,adhoc.unclassified,via-dmoj-category,,,,,2026-09-19,2026-09-19
ccc-1996-s1,"Deficient, Perfect, and Abundant",ccc,CCC 1996 Senior,1996,S1,dmoj,https://dmoj.ca/problem/ccc96s1,,standard,2,estimated,DMOJ 5p,adhoc.simulation.direct,adhoc.simulation.direct,simple-math|via-dmoj-category,,,,,2026-09-19,2026-09-19
ccc-1996-s2,Divisibility by 11,ccc,CCC 1996 Senior,1996,S2,dmoj,https://dmoj.ca/problem/ccc96s2,,standard,3,estimated,DMOJ 7p,math.algebra.modular_arithmetic,math.algebra.modular_arithmetic,intermediate-math|via-dmoj-category,,,,,2026-09-19,2026-09-19
ccc-1996-s3,Pattern Generator,ccc,CCC 1996 Senior,1996,S3,dmoj,https://dmoj.ca/problem/ccc96s3,,standard,4,estimated,DMOJ 5p,search.exhaustive.backtracking,search.exhaustive.backtracking,recursion|via-dmoj-category,,,,,2026-09-19,2026-09-19
ccc-1996-s4,When in Rome,ccc,CCC 1996 Senior,1996,S4,dmoj,https://dmoj.ca/problem/ccc96s4,,standard,6,estimated,DMOJ 10p,strings.matching.kmp,strings.matching.kmp,string-algorithms|via-dmoj-category,,,,,2026-09-19,2026-09-19
ccc-1996-s5,Maximum Distance,ccc,CCC 1996 Senior,1996,S5,dmoj,https://dmoj.ca/problem/ccc96s5,,standard,7,estimated,DMOJ 7p,math.algebra.modular_arithmetic,math.algebra.modular_arithmetic,intermediate-math|via-dmoj-category,,,,,2026-09-19,2026-09-19
ccc-1997-s1,Sentences,ccc,CCC 1997 Senior,1997,S1,dmoj,https://dmoj.ca/problem/ccc97s1,,standard,2,estimated,DMOJ 5p,adhoc.simulation.direct,adhoc.simulation.direct,implementation|via-dmoj-types,,,,,2026-09-19,2026-09-19
ccc-1997-s2,Nasty Numbers,ccc,CCC 1997 Senior,1997,S2,dmoj,https://dmoj.ca/problem/ccc97s2,,standard,3,estimated,DMOJ 5p,adhoc.simulation.direct,adhoc.simulation.direct,simple-math|via-dmoj-category,,,,,2026-09-19,2026-09-19
ccc-1997-s3,Double Knockout Competition,ccc,CCC 1997 Senior,1997,S3,dmoj,https://dmoj.ca/problem/ccc97s3,,standard,4,estimated,DMOJ 5p,adhoc.simulation.direct,adhoc.simulation.direct,simple-math|simulation|via-dmoj-category,,,,,2026-09-19,2026-09-19
ccc-1997-s4,Dynamic Dictionary Coding,ccc,CCC 1997 Senior,1997,S4,dmoj,https://dmoj.ca/problem/ccc97s4,,standard,6,estimated,DMOJ 5p,strings.matching.kmp,strings.matching.kmp,string-algorithms|via-dmoj-category,,,,,2026-09-19,2026-09-19
ccc-1997-s5,Long Division,ccc,CCC 1997 Senior,1997,S5,dmoj,https://dmoj.ca/problem/ccc97s5,,standard,7,estimated,DMOJ 10p,strings.matching.kmp,strings.matching.kmp,intermediate-math|string-algorithms|via-dmoj-category,,,,,2026-09-19,2026-09-19
ccc-1998-s1,Censor,ccc,CCC 1998 Senior,1998,S1,dmoj,https://dmoj.ca/problem/ccc98s1,,standard,2,estimated,DMOJ 5p,strings.matching.kmp,strings.matching.kmp,regular-expressions|string-algorithms|via-dmoj-category,,,,,2026-09-19,2026-09-19
ccc-1998-s2,Cross Number Puzzle,ccc,CCC 1998 Senior,1998,S2,dmoj,https://dmoj.ca/problem/ccc98s2,,standard,3,estimated,DMOJ 5p,adhoc.simulation.direct,adhoc.simulation.direct,simple-math|via-dmoj-category,,,,,2026-09-19,2026-09-19
ccc-1998-s3,Mars Rover,ccc,CCC 1998 Senior,1998,S3,dmoj,https://dmoj.ca/problem/ccc98s3,,standard,4,estimated,DMOJ 7p,adhoc.simulation.direct,adhoc.simulation.direct,simulation|via-dmoj-types,,,,,2026-09-19,2026-09-19
ccc-1998-s4,Lottery,ccc,CCC 1998 Senior,1998,S4,dmoj,https://dmoj.ca/problem/ccc98s4,,standard,6,estimated,DMOJ 10p,strings.matching.kmp,strings.matching.kmp,recursion|string-algorithms|via-dmoj-category,,,,,2026-09-19,2026-09-19
ccc-1998-s5,Mountain Passage,ccc,CCC 1998 Senior,1998,S5,dmoj,https://dmoj.ca/problem/ccc98s5,,standard,7,estimated,DMOJ 10p,graphs.traversal.dfs,graphs.traversal.dfs,graph-theory|via-dmoj-category,,,,,2026-09-19,2026-09-19
ccc-1999-s1,Card Game,ccc,CCC 1999 Senior,1999,S1,dmoj,https://dmoj.ca/problem/ccc99s1,,standard,2,estimated,DMOJ 5p,adhoc.simulation.direct,adhoc.simulation.direct,simulation|via-dmoj-types,,,,,2026-09-19,2026-09-19
ccc-1999-s2,Year 2000,ccc,CCC 1999 Senior,1999,S2,dmoj,https://dmoj.ca/problem/ccc99s2,,standard,3,estimated,DMOJ 7p,strings.matching.kmp,strings.matching.kmp,string-algorithms|via-dmoj-category,,,,,2026-09-19,2026-09-19
ccc-1999-s3,Divided Fractals,ccc,CCC 1999 Senior,1999,S3,dmoj,https://dmoj.ca/problem/ccc99s3,,standard,4,estimated,DMOJ 7p,adhoc.simulation.direct,adhoc.simulation.direct,simple-math|via-dmoj-category,,,,,2026-09-19,2026-09-19
ccc-1999-s4,A Knightly Pursuit,ccc,CCC 1999 Senior,1999,S4,dmoj,https://dmoj.ca/problem/ccc99s4,,standard,6,estimated,DMOJ 12p,graphs.traversal.dfs,graphs.traversal.dfs,dynamic-programming|graph-theory|via-dmoj-category,,,,,2026-09-19,2026-09-19
ccc-1999-s5,Letter Arithmetic,ccc,CCC 1999 Senior,1999,S5,dmoj,https://dmoj.ca/problem/ccc99s5,,standard,7,estimated,DMOJ 12p,search.exhaustive.backtracking,search.exhaustive.backtracking,recursion|via-dmoj-category,,,,,2026-09-19,2026-09-19
ccc-2000-j1,Calendar,ccc,CCC 2000 Junior,2000,J1,dmoj,https://dmoj.ca/problem/ccc00j1,,standard,1,estimated,DMOJ 5p,adhoc.simulation.direct,adhoc.simulation.direct,implementation|via-dmoj-types,,,,,2026-09-19,2026-09-19
ccc-2000-j2,9966,ccc,CCC 2000 Junior,2000,J2,dmoj,https://dmoj.ca/problem/ccc00j2,,standard,1,estimated,DMOJ 3p,adhoc.simulation.direct,adhoc.simulation.direct,implementation|via-dmoj-types,,,,,2026-09-19,2026-09-19
ccc-2000-s1,Slot Machines,ccc,CCC 2000 Senior,2000,S1,dmoj,https://dmoj.ca/problem/ccc00s1,,standard,2,estimated,DMOJ 5p,adhoc.simulation.direct,adhoc.simulation.direct,simulation|via-dmoj-types,,,,,2026-09-19,2026-09-19
ccc-2000-s2,Babbling Brooks,ccc,CCC 2000 Senior,2000,S2,dmoj,https://dmoj.ca/problem/ccc00s2,,standard,3,estimated,DMOJ 7p,adhoc.simulation.direct,adhoc.simulation.direct,simulation|via-dmoj-types,,,,,2026-09-19,2026-09-19
ccc-2000-s3,Surfing,ccc,CCC 2000 Senior,2000,S3,dmoj,https://dmoj.ca/problem/ccc00s3,,standard,4,estimated,DMOJ 7p,graphs.traversal.bfs,graphs.traversal.bfs,graph-theory|regular-expressions|via-solution-code,,,,,2026-09-19,2026-09-19
ccc-2000-s4,Golf,ccc,CCC 2000 Senior,2000,S4,dmoj,https://dmoj.ca/problem/ccc00s4,,standard,6,estimated,DMOJ 7p,dp.basics.linear,dp.basics.linear,dynamic-programming|via-dmoj-category,,,,,2026-09-19,2026-09-19
ccc-2000-s5,Sheep and Coyotes,ccc,CCC 2000 Senior,2000,S5,dmoj,https://dmoj.ca/problem/ccc00s5,,standard,7,estimated,DMOJ 10p,geometry.primitives.points,geometry.primitives.points,geometry|via-dmoj-category,,,,,2026-09-19,2026-09-19
ccc-2001-j1,Dressing Up,ccc,CCC 2001 Junior,2001,J1,dmoj,https://dmoj.ca/problem/ccc01j1,,standard,1,estimated,DMOJ 3p,adhoc.simulation.direct,adhoc.simulation.direct,implementation|via-dmoj-types,,,,,2026-09-19,2026-09-19
ccc-2001-j2,Mod Inverse,ccc,CCC 2001 Junior,2001,J2,dmoj,https://dmoj.ca/problem/ccc01j2,,standard,1,estimated,DMOJ 3p,adhoc.simulation.direct,adhoc.simulation.direct,simple-math|via-dmoj-category,,,,,2026-09-19,2026-09-19
ccc-2001-s1,Keeping Score,ccc,CCC 2001 Senior,2001,S1,dmoj,https://dmoj.ca/problem/ccc01s1,,standard,2,estimated,DMOJ 5p,adhoc.simulation.direct,adhoc.simulation.direct,implementation|via-dmoj-types,,,,,2026-09-19,2026-09-19
ccc-2001-s2,Spirals,ccc,CCC 2001 Senior,2001,S2,dmoj,https://dmoj.ca/problem/ccc01s2,,standard,3,estimated,DMOJ 5p,adhoc.simulation.direct,adhoc.simulation.direct,implementation|via-dmoj-types,,,,,2026-09-19,2026-09-19
ccc-2001-s3,Strategic Bombing,ccc,CCC 2001 Senior,2001,S3,dmoj,https://dmoj.ca/problem/ccc01s3,,standard,4,estimated,DMOJ 7p,graphs.traversal.dfs,graphs.traversal.dfs,graph-theory|via-solution-code,,,,,2026-09-19,2026-09-19
ccc-2001-s4,Cookies,ccc,CCC 2001 Senior,2001,S4,dmoj,https://dmoj.ca/problem/ccc01s4,,standard,6,estimated,DMOJ 10p,geometry.primitives.points,geometry.primitives.points,geometry|intermediate-math|via-dmoj-category,,,,,2026-09-19,2026-09-19
ccc-2001-s5,Post's Correspondence Problem,ccc,CCC 2001 Senior,2001,S5,dmoj,https://dmoj.ca/problem/ccc01s5,,standard,7,estimated,DMOJ 10p,strings.matching.kmp,strings.matching.kmp,recursion|string-algorithms|via-dmoj-category,,,,,2026-09-19,2026-09-19
ccc-2002-j1,0123456789,ccc,CCC 2002 Junior,2002,J1,dmoj,https://dmoj.ca/problem/ccc02j1,,standard,1,estimated,DMOJ 3p,adhoc.simulation.direct,adhoc.simulation.direct,implementation|via-dmoj-types,,,,,2026-09-19,2026-09-19
ccc-2002-j2,AmeriCanadian,ccc,CCC 2002 Junior,2002,J2,dmoj,https://dmoj.ca/problem/ccc02j2,,standard,1,estimated,DMOJ 3p,adhoc.simulation.direct,adhoc.simulation.direct,implementation|via-dmoj-types,,,,,2026-09-19,2026-09-19
ccc-2002-s1,The Students' Council Breakfast,ccc,CCC 2002 Senior,2002,S1,dmoj,https://dmoj.ca/problem/ccc02s1,,standard,2,estimated,DMOJ 5p,adhoc.simulation.direct,adhoc.simulation.direct,implementation|via-dmoj-types,,,,,2026-09-19,2026-09-19
ccc-2002-s2,Fraction Action,ccc,CCC 2002 Senior,2002,S2,dmoj,https://dmoj.ca/problem/ccc02s2,,standard,3,estimated,DMOJ 5p,number_theory.divisibility.gcd,number_theory.divisibility.gcd,simple-math|via-solution-code,,,,,2026-09-19,2026-09-19
ccc-2002-s3,Blindfold,ccc,CCC 2002 Senior,2002,S3,dmoj,https://dmoj.ca/problem/ccc02s3,,standard,4,estimated,DMOJ 15p,adhoc.simulation.direct,adhoc.simulation.direct,simulation|via-dmoj-types,,,,,2026-09-19,2026-09-19
ccc-2002-s4,Bridge Crossing,ccc,CCC 2002 Senior,2002,S4,dmoj,https://dmoj.ca/problem/ccc02s4,,standard,6,estimated,DMOJ 10p,dp.basics.linear,dp.basics.linear,dynamic-programming|via-dmoj-category,,,,,2026-09-19,2026-09-19
ccc-2002-s5,Follow the Bouncing Ball,ccc,CCC 2002 Senior,2002,S5,dmoj,https://dmoj.ca/problem/ccc02s5,,standard,7,estimated,DMOJ 10p,adhoc.simulation.direct,adhoc.simulation.direct,simulation|via-dmoj-types,,,,,2026-09-19,2026-09-19
ccc-2003-j1,Trident,ccc,CCC 2003 Junior,2003,J1,dmoj,https://dmoj.ca/problem/ccc03j1,,standard,1,estimated,DMOJ 3p,adhoc.simulation.direct,adhoc.simulation.direct,implementation|via-dmoj-types,,,,,2026-09-19,2026-09-19
ccc-2003-j2,Picture Perfect,ccc,CCC 2003 Junior,2003,J2,dmoj,https://dmoj.ca/problem/ccc03j2,,standard,1,estimated,DMOJ 3p,adhoc.simulation.direct,adhoc.simulation.direct,simple-math|via-dmoj-category,,,,,2026-09-19,2026-09-19
ccc-2003-s1,Snakes and Ladders,ccc,CCC 2003 Senior,2003,S1,dmoj,https://dmoj.ca/problem/ccc03s1,,standard,2,estimated,DMOJ 5p,adhoc.simulation.direct,adhoc.simulation.direct,implementation|via-dmoj-types,,,,,2026-09-19,2026-09-19
ccc-2003-s2,Poetry,ccc,CCC 2003 Senior,2003,S2,dmoj,https://dmoj.ca/problem/ccc03s2,,standard,3,estimated,DMOJ 5p,adhoc.simulation.direct,adhoc.simulation.direct,implementation|via-dmoj-types,,,,,2026-09-19,2026-09-19
ccc-2003-s3,Floor Plan,ccc,CCC 2003 Senior,2003,S3,dmoj,https://dmoj.ca/problem/ccc03s3,,standard,4,estimated,DMOJ 7p,graphs.traversal.dfs,graphs.traversal.dfs,graph-theory|via-dmoj-category,,,,,2026-09-19,2026-09-19
ccc-2003-s4,Substrings,ccc,CCC 2003 Senior,2003,S4,dmoj,https://dmoj.ca/problem/ccc03s4,,standard,6,estimated,DMOJ 15p,strings.matching.kmp,strings.matching.kmp,string-algorithms|via-dmoj-category,,,,,2026-09-19,2026-09-19
ccc-2003-s5,Trucking Troubles,ccc,CCC 2003 Senior,2003,S5,dmoj,https://dmoj.ca/problem/ccc03s5,,standard,7,estimated,DMOJ 10p,graphs.traversal.dfs,graphs.traversal.dfs,graph-theory|via-dmoj-category,,,,,2026-09-19,2026-09-19
ccc-2004-j1,Squares,ccc,CCC 2004 Junior,2004,J1,dmoj,https://dmoj.ca/problem/ccc04j1,,standard,1,estimated,DMOJ 3p,adhoc.simulation.direct,adhoc.simulation.direct,simple-math|via-dmoj-category,,,,,2026-09-19,2026-09-19
ccc-2004-j2,Terms of Office,ccc,CCC 2004 Junior,2004,J2,dmoj,https://dmoj.ca/problem/ccc04j2,,standard,1,estimated,DMOJ 3p,adhoc.simulation.direct,adhoc.simulation.direct,implementation|via-dmoj-types,,,,,2026-09-19,2026-09-19
ccc-2004-j3,Smile with Similes,ccc,CCC 2004 Junior,2004,J3,dmoj,https://dmoj.ca/problem/ccc04j3,,standard,1,estimated,DMOJ 3p,adhoc.simulation.direct,adhoc.simulation.direct,implementation|via-dmoj-types,,,,,2026-09-19,2026-09-19
ccc-2004-j4,Simple Encryption,ccc,CCC 2004 Junior,2004,J4,dmoj,https://dmoj.ca/problem/ccc04j4,,standard,2,estimated,DMOJ 5p,adhoc.simulation.direct,adhoc.simulation.direct,implementation|via-dmoj-types,,,,,2026-09-19,2026-09-19
ccc-2004-j5,Fractals,ccc,CCC 2004 Junior,2004,J5,dmoj,https://dmoj.ca/problem/ccc04j5,,standard,2,estimated,DMOJ 10p,search.exhaustive.backtracking,search.exhaustive.backtracking,implementation|intermediate-math|recursion|via-dmoj-category,,,,,2026-09-19,2026-09-19
ccc-2004-s1,Fix,ccc,CCC 2004 Senior,2004,S1,dmoj,https://dmoj.ca/problem/ccc04s1,,standard,2,estimated,DMOJ 5p,strings.matching.kmp,strings.matching.kmp,string-algorithms|via-dmoj-category,,,,,2026-09-19,2026-09-19
ccc-2004-s2,TopYodeller,ccc,CCC 2004 Senior,2004,S2,dmoj,https://dmoj.ca/problem/ccc04s2,,standard,3,estimated,DMOJ 5p,adhoc.simulation.direct,adhoc.simulation.direct,implementation|via-dmoj-types,,,,,2026-09-19,2026-09-19
ccc-2004-s3,Spreadsheet,ccc,CCC 2004 Senior,2004,S3,dmoj,https://dmoj.ca/problem/ccc04s3,,standard,4,estimated,DMOJ 10p,graphs.traversal.dfs,graphs.traversal.dfs,graph-theory|via-solution-code,,,,,2026-09-19,2026-09-19
ccc-2004-s4,Space Turtle,ccc,CCC 2004 Senior,2004,S4,dmoj,https://dmoj.ca/problem/ccc04s4,,standard,6,estimated,DMOJ 10p,geometry.primitives.points,geometry.primitives.points,geometry|via-dmoj-category,,,,,2026-09-19,2026-09-19
ccc-2004-s5,Super Plumber,ccc,CCC 2004 Senior,2004,S5,dmoj,https://dmoj.ca/problem/ccc04s5,,standard,7,estimated,DMOJ 10p,dp.basics.linear,dp.basics.linear,dynamic-programming|via-dmoj-category,,,,,2026-09-19,2026-09-19
ccc-2005-j1,The Cell Sell,ccc,CCC 2005 Junior,2005,J1,dmoj,https://dmoj.ca/problem/ccc05j1,,standard,1,estimated,DMOJ 3p,adhoc.simulation.direct,adhoc.simulation.direct,implementation|via-dmoj-types,,,,,2026-09-19,2026-09-19
ccc-2005-j2,RSA Numbers,ccc,CCC 2005 Junior,2005,J2,dmoj,https://dmoj.ca/problem/ccc05j2,,standard,1,estimated,DMOJ 3p,adhoc.simulation.direct,adhoc.simulation.direct,implementation|via-dmoj-types,,,,,2026-09-19,2026-09-19
ccc-2005-j3,Returning Home,ccc,CCC 2005 Junior,2005,J3,dmoj,https://dmoj.ca/problem/ccc05j3,,standard,1,estimated,DMOJ 5p,adhoc.simulation.direct,adhoc.simulation.direct,implementation|via-dmoj-types,,,,,2026-09-19,2026-09-19
ccc-2005-j4,Cross Spiral,ccc,CCC 2005 Junior,2005,J4,dmoj,https://dmoj.ca/problem/ccc05j4,,standard,2,estimated,DMOJ 7p,adhoc.simulation.direct,adhoc.simulation.direct,simulation|via-dmoj-types,,,,,2026-09-19,2026-09-19
ccc-2005-j5,Bananas,ccc,CCC 2005 Junior,2005,J5,dmoj,https://dmoj.ca/problem/ccc05j5,,standard,2,estimated,DMOJ 10p,strings.matching.kmp,strings.matching.kmp,recursion|string-algorithms|via-dmoj-category,,,,,2026-09-19,2026-09-19
ccc-2005-s1,Snow Calls,ccc,CCC 2005 Senior,2005,S1,dmoj,https://dmoj.ca/problem/ccc05s1,,standard,2,estimated,DMOJ 5p,adhoc.simulation.direct,adhoc.simulation.direct,implementation|via-dmoj-types,,,,,2026-09-19,2026-09-19
ccc-2005-s2,Mouse Move,ccc,CCC 2005 Senior,2005,S2,dmoj,https://dmoj.ca/problem/ccc05s2,,standard,3,estimated,DMOJ 5p,adhoc.simulation.direct,adhoc.simulation.direct,simple-math|via-dmoj-category,,,,,2026-09-19,2026-09-19
ccc-2005-s3,Quantum Operations,ccc,CCC 2005 Senior,2005,S3,dmoj,https://dmoj.ca/problem/ccc05s3,,standard,4,estimated,DMOJ 10p,adhoc.simulation.direct,adhoc.simulation.direct,implementation|via-dmoj-types,,,,,2026-09-19,2026-09-19
ccc-2005-s4,Pyramid Message Scheme,ccc,CCC 2005 Senior,2005,S4,dmoj,https://dmoj.ca/problem/ccc05s4,,standard,6,estimated,DMOJ 10p,graphs.traversal.dfs,graphs.traversal.dfs,graph-theory|via-dmoj-category,,,,,2026-09-19,2026-09-19
ccc-2005-s5,Pinball Ranking,ccc,CCC 2005 Senior,2005,S5,dmoj,https://dmoj.ca/problem/ccc05s5,,standard,7,estimated,DMOJ 12p,data_structures.range_query.segment_tree,data_structures.range_query.segment_tree,data-structures|divide-and-conquer|via-dmoj-category,,,,,2026-09-19,2026-09-19
ccc-2006-j1,Canadian Calorie Counting,ccc,CCC 2006 Junior,2006,J1,dmoj,https://dmoj.ca/problem/ccc06j1,,standard,1,estimated,DMOJ 3p,adhoc.simulation.direct,adhoc.simulation.direct,implementation|via-dmoj-types,,,,,2026-09-19,2026-09-19
ccc-2006-j2,Roll the Dice,ccc,CCC 2006 Junior,2006,J2,dmoj,https://dmoj.ca/problem/ccc06j2,,standard,1,estimated,DMOJ 3p,adhoc.simulation.direct,adhoc.simulation.direct,implementation|via-dmoj-types,,,,,2026-09-19,2026-09-19
ccc-2006-j3,Cell-Phone Messaging,ccc,CCC 2006 Junior,2006,J3,dmoj,https://dmoj.ca/problem/ccc06j3,,standard,1,estimated,DMOJ 3p,adhoc.simulation.direct,adhoc.simulation.direct,implementation|via-dmoj-types,,,,,2026-09-19,2026-09-19
ccc-2006-j4,It's tough being a teen!,ccc,CCC 2006 Junior,2006,J4,dmoj,https://dmoj.ca/problem/ccc06j4,,standard,2,estimated,DMOJ 7p,graphs.traversal.dfs,graphs.traversal.dfs,graph-theory|via-dmoj-category,,,,,2026-09-19,2026-09-19
ccc-2006-j5,CCC Othello,ccc,CCC 2006 Junior,2006,J5,dmoj,https://dmoj.ca/problem/ccc06j5,,standard,2,estimated,DMOJ 10p,adhoc.simulation.direct,adhoc.simulation.direct,implementation|via-dmoj-types,,,,,2026-09-19,2026-09-19
ccc-2006-s1,Maternity,ccc,CCC 2006 Senior,2006,S1,dmoj,https://dmoj.ca/problem/ccc06s1,,standard,2,estimated,DMOJ 5p,adhoc.simulation.direct,adhoc.simulation.direct,implementation|via-dmoj-types,,,,,2026-09-19,2026-09-19
ccc-2006-s2,Attack of the CipherTexts,ccc,CCC 2006 Senior,2006,S2,dmoj,https://dmoj.ca/problem/ccc06s2,,standard,3,estimated,DMOJ 5p,adhoc.simulation.direct,adhoc.simulation.direct,implementation|via-dmoj-types,,,,,2026-09-19,2026-09-19
ccc-2006-s3,Tin Can Telephone,ccc,CCC 2006 Senior,2006,S3,dmoj,https://dmoj.ca/problem/ccc06s3,,standard,4,estimated,DMOJ 12p,geometry.primitives.points,geometry.primitives.points,geometry|via-dmoj-category,,,,,2026-09-19,2026-09-19
ccc-2006-s4,Groups,ccc,CCC 2006 Senior,2006,S4,dmoj,https://dmoj.ca/problem/ccc06s4,,standard,6,estimated,DMOJ 10p,math.algebra.modular_arithmetic,math.algebra.modular_arithmetic,intermediate-math|via-dmoj-category,,,,,2026-09-19,2026-09-19
ccc-2006-s5,Origin of Life,ccc,CCC 2006 Senior,2006,S5,dmoj,https://dmoj.ca/problem/ccc06s5,,standard,7,estimated,DMOJ 15p,graphs.traversal.dfs,graphs.traversal.dfs,graph-theory|implementation|via-dmoj-category,,,,,2026-09-19,2026-09-19
ccc-2007-j1,Who is in the Middle?,ccc,CCC 2007 Junior,2007,J1,dmoj,https://dmoj.ca/problem/ccc07j1,,standard,1,estimated,DMOJ 3p,adhoc.simulation.direct,adhoc.simulation.direct,implementation|via-dmoj-types,,,,,2026-09-19,2026-09-19
ccc-2007-j2,I Speak TXTMSG,ccc,CCC 2007 Junior,2007,J2,dmoj,https://dmoj.ca/problem/ccc07j2,,standard,1,estimated,DMOJ 3p,adhoc.simulation.direct,adhoc.simulation.direct,implementation|via-dmoj-types,,,,,2026-09-19,2026-09-19
ccc-2007-j3,Deal or No Deal Calculator,ccc,CCC 2007 Junior,2007,J3,dmoj,https://dmoj.ca/problem/ccc07j3,,standard,1,estimated,DMOJ 3p,adhoc.simulation.direct,adhoc.simulation.direct,implementation|via-dmoj-types,,,,,2026-09-19,2026-09-19
ccc-2007-j4,Anagram Checker,ccc,CCC 2007 Junior,2007,J4,dmoj,https://dmoj.ca/problem/ccc07j4,,standard,2,estimated,DMOJ 5p,adhoc.simulation.direct,adhoc.simulation.direct,implementation|via-dmoj-types,,,,,2026-09-19,2026-09-19
ccc-2007-j5,Keep on Truckin',ccc,CCC 2007 Junior,2007,J5,dmoj,https://dmoj.ca/problem/ccc07j5,,standard,2,estimated,DMOJ 7p,dp.basics.linear,dp.basics.linear,dynamic-programming|via-dmoj-category,,,,,2026-09-19,2026-09-19
ccc-2007-s1,Federal Voting Age,ccc,CCC 2007 Senior,2007,S1,dmoj,https://dmoj.ca/problem/ccc07s1,,standard,2,estimated,DMOJ 3p,adhoc.simulation.direct,adhoc.simulation.direct,simple-math|via-dmoj-category,,,,,2026-09-19,2026-09-19
ccc-2007-s2,Boxes,ccc,CCC 2007 Senior,2007,S2,dmoj,https://dmoj.ca/problem/ccc07s2,,standard,3,estimated,DMOJ 5p,adhoc.simulation.direct,adhoc.simulation.direct,implementation|via-dmoj-types,,,,,2026-09-19,2026-09-19
ccc-2007-s3,Friends,ccc,CCC 2007 Senior,2007,S3,dmoj,https://dmoj.ca/problem/ccc07s3,,standard,4,estimated,DMOJ 7p,graphs.traversal.dfs,graphs.traversal.dfs,graph-theory|via-dmoj-category,,,,,2026-09-19,2026-09-19
ccc-2007-s4,Waterpark,ccc,CCC 2007 Senior,2007,S4,dmoj,https://dmoj.ca/problem/ccc07s4,,standard,6,estimated,DMOJ 7p,graphs.traversal.dfs,graphs.traversal.dfs,dynamic-programming|graph-theory|via-dmoj-category,,,,,2026-09-19,2026-09-19
ccc-2007-s5,Bowling for Numbers,ccc,CCC 2007 Senior,2007,S5,dmoj,https://dmoj.ca/problem/ccc07s5,,standard,7,estimated,DMOJ 10p,dp.basics.linear,dp.basics.linear,dynamic-programming|via-dmoj-category,,,,,2026-09-19,2026-09-19
ccc-2008-j1,Body Mass Index,ccc,CCC 2008 Junior,2008,J1,dmoj,https://dmoj.ca/problem/ccc08j1,,standard,1,estimated,DMOJ 3p,adhoc.simulation.direct,adhoc.simulation.direct,simple-math|via-dmoj-category,,,,,2026-09-19,2026-09-19
ccc-2008-j2,Do the Shuffle,ccc,CCC 2008 Junior,2008,J2,dmoj,https://dmoj.ca/problem/ccc08j2,,standard,1,estimated,DMOJ 3p,adhoc.simulation.direct,adhoc.simulation.direct,implementation|via-dmoj-types,,,,,2026-09-19,2026-09-19
ccc-2008-j3,GPS Text Entry,ccc,CCC 2008 Junior,2008,J3,dmoj,https://dmoj.ca/problem/ccc08j3,,standard,1,estimated,DMOJ 3p,adhoc.simulation.direct,adhoc.simulation.direct,implementation|via-dmoj-types,,,,,2026-09-19,2026-09-19
ccc-2008-j4,From Prefix to Postfix,ccc,CCC 2008 Junior,2008,J4,dmoj,https://dmoj.ca/problem/ccc08j4,,standard,2,estimated,DMOJ 7p,math.algebra.modular_arithmetic,math.algebra.modular_arithmetic,intermediate-math|via-dmoj-category,,,,,2026-09-19,2026-09-19
ccc-2008-s1,It's Cold Here!,ccc,CCC 2008 Senior,2008,S1,dmoj,https://dmoj.ca/problem/ccc08s1,,standard,2,estimated,DMOJ 3p,adhoc.simulation.direct,adhoc.simulation.direct,implementation|via-dmoj-types,,,,,2026-09-19,2026-09-19
ccc-2008-s2,Pennies in the Ring,ccc,CCC 2008 Senior,2008,S2,dmoj,https://dmoj.ca/problem/ccc08s2,,standard,3,estimated,DMOJ 5p,geometry.primitives.points,geometry.primitives.points,geometry|via-dmoj-category,,,,,2026-09-19,2026-09-19
ccc-2008-s3,Maze,ccc,CCC 2008 Senior,2008,S3,dmoj,https://dmoj.ca/problem/ccc08s3,,standard,4,estimated,DMOJ 7p,graphs.traversal.dfs,graphs.traversal.dfs,graph-theory|via-dmoj-category,,,,,2026-09-19,2026-09-19
ccc-2008-s4,Twenty-four,ccc,CCC 2008 Senior,2008,S4,dmoj,https://dmoj.ca/problem/ccc08s4,,standard,6,estimated,DMOJ 10p,search.exhaustive.backtracking,search.exhaustive.backtracking,recursion|via-dmoj-category,,,,,2026-09-19,2026-09-19
ccc-2008-s5,Nukit,ccc,CCC 2008 Senior,2008,S5,dmoj,https://dmoj.ca/problem/ccc08s5,,standard,7,estimated,DMOJ 10p,dp.basics.linear,dp.basics.linear,dynamic-programming|game-theory|via-dmoj-category,,,,,2026-09-19,2026-09-19
ccc-2009-j1,ISBN,ccc,CCC 2009 Junior,2009,J1,dmoj,https://dmoj.ca/problem/ccc09j1,,standard,1,estimated,DMOJ 3p,adhoc.simulation.direct,adhoc.simulation.direct,simple-math|via-dmoj-category,,,,,2026-09-19,2026-09-19
ccc-2009-j2,Old Fishin' Hole,ccc,CCC 2009 Junior,2009,J2,dmoj,https://dmoj.ca/problem/ccc09j2,,standard,1,estimated,DMOJ 5p,adhoc.simulation.direct,adhoc.simulation.direct,implementation|via-dmoj-types,,,,,2026-09-19,2026-09-19
ccc-2009-j3,Good Times,ccc,CCC 2009 Junior,2009,J3,dmoj,https://dmoj.ca/problem/ccc09j3,,standard,1,estimated,DMOJ 5p,adhoc.simulation.direct,adhoc.simulation.direct,implementation|via-dmoj-types,,,,,2026-09-19,2026-09-19
ccc-2009-j4,Signage,ccc,CCC 2009 Junior,2009,J4,dmoj,https://dmoj.ca/problem/ccc09j4,,standard,2,estimated,DMOJ 5p,adhoc.simulation.direct,adhoc.simulation.direct,implementation|via-dmoj-types,,,,,2026-09-19,2026-09-19
ccc-2009-s1,Cool Numbers,ccc,CCC 2009 Senior,2009,S1,dmoj,https://dmoj.ca/problem/ccc09s1,,standard,2,estimated,DMOJ 5p,adhoc.simulation.direct,adhoc.simulation.direct,simple-math|via-dmoj-category,,,,,2026-09-19,2026-09-19
ccc-2009-s2,Lights Going On and Off,ccc,CCC 2009 Senior,2009,S2,dmoj,https://dmoj.ca/problem/ccc09s2,,standard,3,estimated,DMOJ 10p,adhoc.simulation.direct,adhoc.simulation.direct,implementation|via-dmoj-types,,,,,2026-09-19,2026-09-19
ccc-2009-s3,Degrees Of Separation,ccc,CCC 2009 Senior,2009,S3,dmoj,https://dmoj.ca/problem/ccc09s3,,standard,4,estimated,DMOJ 10p,graphs.traversal.dfs,graphs.traversal.dfs,graph-theory|via-dmoj-category,,,,,2026-09-19,2026-09-19
ccc-2009-s4,Shop and Ship,ccc,CCC 2009 Senior,2009,S4,dmoj,https://dmoj.ca/problem/ccc09s4,,standard,6,estimated,DMOJ 10p,graphs.traversal.dfs,graphs.traversal.dfs,graph-theory|via-dmoj-category,,,,,2026-09-19,2026-09-19
ccc-2009-s5,Wireless,ccc,CCC 2009 Senior,2009,S5,dmoj,https://dmoj.ca/problem/ccc09s5,,standard,7,estimated,DMOJ 12p,data_structures.range_query.segment_tree,data_structures.range_query.segment_tree,data-structures|via-dmoj-category,,,,,2026-09-19,2026-09-19
ccc-2010-j1,"What is n, Daddy?",ccc,CCC 2010 Junior,2010,J1,dmoj,https://dmoj.ca/problem/ccc10j1,,standard,1,estimated,DMOJ 3p,adhoc.simulation.direct,adhoc.simulation.direct,simple-math|via-dmoj-category,,,,,2026-09-19,2026-09-19
ccc-2010-j2,Up and Down,ccc,CCC 2010 Junior,2010,J2,dmoj,https://dmoj.ca/problem/ccc10j2,,standard,1,estimated,DMOJ 5p,adhoc.simulation.direct,adhoc.simulation.direct,implementation|via-dmoj-types,,,,,2026-09-19,2026-09-19
ccc-2010-j3,Punchy,ccc,CCC 2010 Junior,2010,J3,dmoj,https://dmoj.ca/problem/ccc10j3,,standard,1,estimated,DMOJ 5p,adhoc.simulation.direct,adhoc.simulation.direct,implementation|via-dmoj-types,,,,,2026-09-19,2026-09-19
ccc-2010-j4,Global Warming,ccc,CCC 2010 Junior,2010,J4,dmoj,https://dmoj.ca/problem/ccc10j4,,standard,2,estimated,DMOJ 5p,adhoc.simulation.direct,adhoc.simulation.direct,implementation|via-dmoj-types,,,,,2026-09-19,2026-09-19
ccc-2010-j5,Knight Hop,ccc,CCC 2010 Junior,2010,J5,dmoj,https://dmoj.ca/problem/ccc10j5,,standard,2,estimated,DMOJ 7p,graphs.traversal.dfs,graphs.traversal.dfs,graph-theory|via-dmoj-category,,,,,2026-09-19,2026-09-19
ccc-2010-s1,Computer Purchase,ccc,CCC 2010 Senior,2010,S1,dmoj,https://dmoj.ca/problem/ccc10s1,,standard,2,estimated,DMOJ 5p,adhoc.simulation.sorting,adhoc.simulation.sorting,simple-math|via-solution-code,,,,,2026-09-19,2026-09-19
ccc-2010-s2,Huffman Encoding,ccc,CCC 2010 Senior,2010,S2,dmoj,https://dmoj.ca/problem/ccc10s2,,standard,3,estimated,DMOJ 5p,strings.matching.kmp,strings.matching.kmp,string-algorithms|via-dmoj-category,,,,,2026-09-19,2026-09-19
ccc-2010-s3,Firehose,ccc,CCC 2010 Senior,2010,S3,dmoj,https://dmoj.ca/problem/ccc10s3,,standard,4,estimated,DMOJ 15p,data_structures.range_query.segment_tree,data_structures.range_query.segment_tree,data-structures|implementation|via-dmoj-category,,,,,2026-09-19,2026-09-19
ccc-2010-s4,Animal Farm,ccc,CCC 2010 Senior,2010,S4,dmoj,https://dmoj.ca/problem/ccc10s4,,standard,6,estimated,DMOJ 15p,graphs.traversal.dfs,graphs.traversal.dfs,graph-theory|via-dmoj-category,,,,,2026-09-19,2026-09-19
ccc-2010-s5,Nutrient Tree,ccc,CCC 2010 Senior,2010,S5,dmoj,https://dmoj.ca/problem/ccc10s5,,standard,7,estimated,DMOJ 20p,dp.basics.linear,dp.basics.linear,dynamic-programming|via-dmoj-category,,,,,2026-09-19,2026-09-19
ccc-2011-j1,Which Alien?,ccc,CCC 2011 Junior,2011,J1,dmoj,https://dmoj.ca/problem/ccc11j1,,standard,1,estimated,DMOJ 3p,adhoc.simulation.direct,adhoc.simulation.direct,implementation|via-dmoj-types,,,,,2026-09-19,2026-09-19
ccc-2011-j2,Who Has Seen The Wind,ccc,CCC 2011 Junior,2011,J2,dmoj,https://dmoj.ca/problem/ccc11j2,,standard,1,estimated,DMOJ 5p,adhoc.simulation.direct,adhoc.simulation.direct,implementation|via-dmoj-types,,,,,2026-09-19,2026-09-19
ccc-2011-j3,Sumac Sequences,ccc,CCC 2011 Junior,2011,J3,dmoj,https://dmoj.ca/problem/ccc11j3,,standard,1,estimated,DMOJ 5p,adhoc.simulation.direct,adhoc.simulation.direct,simple-math|via-dmoj-category,,,,,2026-09-19,2026-09-19
ccc-2011-j4,Boring Business,ccc,CCC 2011 Junior,2011,J4,dmoj,https://dmoj.ca/problem/ccc11j4,,standard,2,estimated,DMOJ 7p,adhoc.simulation.direct,adhoc.simulation.direct,implementation|via-dmoj-types,,,,,2026-09-19,2026-09-19
ccc-2011-j5,Unfriend,ccc,CCC 2011 Junior,2011,J5,dmoj,https://dmoj.ca/problem/ccc11j5,,standard,2,estimated,DMOJ 7p,graphs.traversal.dfs,graphs.traversal.dfs,graph-theory|via-dmoj-category,,,,,2026-09-19,2026-09-19
ccc-2011-s1,English or French?,ccc,CCC 2011 Senior,2011,S1,dmoj,https://dmoj.ca/problem/ccc11s1,,standard,2,estimated,DMOJ 5p,strings.matching.kmp,strings.matching.kmp,string-algorithms|via-dmoj-category,,,,,2026-09-19,2026-09-19
ccc-2011-s2,Multiple Choice,ccc,CCC 2011 Senior,2011,S2,dmoj,https://dmoj.ca/problem/ccc11s2,,standard,3,estimated,DMOJ 3p,adhoc.simulation.direct,adhoc.simulation.direct,implementation|via-dmoj-types,,,,,2026-09-19,2026-09-19
ccc-2011-s3,Alice Through the Looking Glass,ccc,CCC 2011 Senior,2011,S3,dmoj,https://dmoj.ca/problem/ccc11s3,,standard,4,estimated,DMOJ 10p,search.exhaustive.backtracking,search.exhaustive.backtracking,recursion|via-dmoj-category,,,,,2026-09-19,2026-09-19
ccc-2011-s4,Blood Distribution,ccc,CCC 2011 Senior,2011,S4,dmoj,https://dmoj.ca/problem/ccc11s4,,standard,6,estimated,DMOJ 15p,graphs.traversal.dfs,graphs.traversal.dfs,graph-theory|greedy-algorithms|via-dmoj-category,,,,,2026-09-19,2026-09-19
ccc-2011-s5,Switch,ccc,CCC 2011 Senior,2011,S5,dmoj,https://dmoj.ca/problem/ccc11s5,,standard,7,estimated,DMOJ 12p,graphs.traversal.dfs,graphs.traversal.dfs,graph-theory|via-dmoj-category,,,,,2026-09-19,2026-09-19
ccc-2012-j1,Speed fines are not fine!,ccc,CCC 2012 Junior,2012,J1,dmoj,https://dmoj.ca/problem/ccc12j1,,standard,1,estimated,DMOJ 3p,adhoc.simulation.direct,adhoc.simulation.direct,implementation|via-dmoj-types,,,,,2026-09-19,2026-09-19
ccc-2012-j2,Sounds fishy!,ccc,CCC 2012 Junior,2012,J2,dmoj,https://dmoj.ca/problem/ccc12j2,,standard,1,estimated,DMOJ 3p,adhoc.simulation.direct,adhoc.simulation.direct,implementation|via-dmoj-types,,,,,2026-09-19,2026-09-19
ccc-2012-j3,Icon Scaling,ccc,CCC 2012 Junior,2012,J3,dmoj,https://dmoj.ca/problem/ccc12j3,,standard,1,estimated,DMOJ 3p,adhoc.simulation.direct,adhoc.simulation.direct,implementation|via-dmoj-types,,,,,2026-09-19,2026-09-19
ccc-2012-j4,Big Bang Secrets,ccc,CCC 2012 Junior,2012,J4,dmoj,https://dmoj.ca/problem/ccc12j4,,standard,2,estimated,DMOJ 3p,strings.matching.kmp,strings.matching.kmp,string-algorithms|via-dmoj-category,,,,,2026-09-19,2026-09-19
ccc-2012-s1,Don't pass me the ball!,ccc,CCC 2012 Senior,2012,S1,dmoj,https://dmoj.ca/problem/ccc12s1,,standard,2,estimated,DMOJ 3p,adhoc.simulation.direct,adhoc.simulation.direct,simple-math|via-dmoj-category,,,,,2026-09-19,2026-09-19
ccc-2012-s2,Aromatic Numbers,ccc,CCC 2012 Senior,2012,S2,dmoj,https://dmoj.ca/problem/ccc12s2,,standard,3,estimated,DMOJ 5p,adhoc.simulation.direct,adhoc.simulation.direct,simple-math|via-dmoj-category,,,,,2026-09-19,2026-09-19
ccc-2012-s3,Absolutely Acidic,ccc,CCC 2012 Senior,2012,S3,dmoj,https://dmoj.ca/problem/ccc12s3,,standard,4,estimated,DMOJ 7p,adhoc.simulation.direct,adhoc.simulation.direct,implementation|via-dmoj-types,,,,,2026-09-19,2026-09-19
ccc-2012-s4,A Coin Game,ccc,CCC 2012 Senior,2012,S4,dmoj,https://dmoj.ca/problem/ccc12s4,,standard,6,estimated,DMOJ 15p,graphs.traversal.dfs,graphs.traversal.dfs,graph-theory|via-dmoj-category,,,,,2026-09-19,2026-09-19
ccc-2012-s5,Mouse Journey,ccc,CCC 2012 Senior,2012,S5,dmoj,https://dmoj.ca/problem/ccc12s5,,standard,7,estimated,DMOJ 7p,dp.basics.linear,dp.basics.linear,dynamic-programming|via-dmoj-category,,,,,2026-09-19,2026-09-19
ccc-2013-j1,Next in line,ccc,CCC 2013 Junior,2013,J1,dmoj,https://dmoj.ca/problem/ccc13j1,,standard,1,estimated,DMOJ 3p,adhoc.simulation.direct,adhoc.simulation.direct,implementation|via-dmoj-types,,,,,2026-09-19,2026-09-19
ccc-2013-j2,Rotating letters,ccc,CCC 2013 Junior,2013,J2,dmoj,https://dmoj.ca/problem/ccc13j2,,standard,1,estimated,DMOJ 3p,adhoc.simulation.direct,adhoc.simulation.direct,implementation|via-dmoj-types,,,,,2026-09-19,2026-09-19
ccc-2013-j4,Time on task,ccc,CCC 2013 Junior,2013,J4,dmoj,https://dmoj.ca/problem/ccc13j4,,standard,2,estimated,DMOJ 5p,adhoc.simulation.sorting,adhoc.simulation.sorting,greedy-algorithms|via-solution-code,,,,,2026-09-19,2026-09-19
ccc-2013-s1,From 1987 to 2013,ccc,CCC 2013 Senior,2013,S1,dmoj,https://dmoj.ca/problem/ccc13s1,,standard,2,estimated,DMOJ 5p,adhoc.simulation.direct,adhoc.simulation.direct,implementation|via-dmoj-types,,,,,2026-09-19,2026-09-19
ccc-2013-s2,Bridge Transport,ccc,CCC 2013 Senior,2013,S2,dmoj,https://dmoj.ca/problem/ccc13s2,,standard,3,estimated,DMOJ 5p,graphs.traversal.bfs,graphs.traversal.bfs,simple-math|via-solution-code,,,,,2026-09-19,2026-09-19
ccc-2013-s3,Chances of Winning,ccc,CCC 2013 Senior,2013,S3,dmoj,https://dmoj.ca/problem/ccc13s3,,standard,4,estimated,DMOJ 10p,search.exhaustive.backtracking,search.exhaustive.backtracking,brute-force|via-dmoj-types,,,,,2026-09-19,2026-09-19
ccc-2013-s4,Who is Taller?,ccc,CCC 2013 Senior,2013,S4,dmoj,https://dmoj.ca/problem/ccc13s4,,standard,6,estimated,DMOJ 7p,graphs.traversal.dfs,graphs.traversal.dfs,graph-theory|via-dmoj-category,,,,,2026-09-19,2026-09-19
ccc-2013-s5,Factor Solitaire,ccc,CCC 2013 Senior,2013,S5,dmoj,https://dmoj.ca/problem/ccc13s5,,standard,7,estimated,DMOJ 15p,greedy.exchange.sorting_order,greedy.exchange.sorting_order,greedy-algorithms|intermediate-math|via-dmoj-category,,,,,2026-09-19,2026-09-19
ccc-2014-j1,Triangle Times,ccc,CCC 2014 Junior,2014,J1,dmoj,https://dmoj.ca/problem/ccc14j1,,standard,1,estimated,DMOJ 3p,adhoc.simulation.direct,adhoc.simulation.direct,implementation|via-dmoj-types,,,,,2026-09-19,2026-09-19
ccc-2014-j2,Vote Count,ccc,CCC 2014 Junior,2014,J2,dmoj,https://dmoj.ca/problem/ccc14j2,,standard,1,estimated,DMOJ 3p,adhoc.simulation.direct,adhoc.simulation.direct,implementation|via-dmoj-types,,,,,2026-09-19,2026-09-19
ccc-2014-j3,Double Dice,ccc,CCC 2014 Junior,2014,J3,dmoj,https://dmoj.ca/problem/ccc14j3,,standard,1,estimated,DMOJ 3p,adhoc.simulation.direct,adhoc.simulation.direct,implementation|via-dmoj-types,,,,,2026-09-19,2026-09-19
ccc-2014-s1,Party Invitation,ccc,CCC 2014 Senior,2014,S1,dmoj,https://dmoj.ca/problem/ccc14s1,,standard,2,estimated,DMOJ 5p,adhoc.simulation.direct,adhoc.simulation.direct,implementation|via-dmoj-types,,,,,2026-09-19,2026-09-19
ccc-2014-s2,Assigning Partners,ccc,CCC 2014 Senior,2014,S2,dmoj,https://dmoj.ca/problem/ccc14s2,,standard,3,estimated,DMOJ 5p,adhoc.simulation.direct,adhoc.simulation.direct,implementation|via-dmoj-types,,,,,2026-09-19,2026-09-19
ccc-2014-s3,The Geneva Confection,ccc,CCC 2014 Senior,2014,S3,dmoj,https://dmoj.ca/problem/ccc14s3,,standard,4,estimated,DMOJ 7p,adhoc.simulation.direct,adhoc.simulation.direct,implementation|via-dmoj-types,,,,,2026-09-19,2026-09-19
ccc-2014-s4,Tinted Glass Window,ccc,CCC 2014 Senior,2014,S4,dmoj,https://dmoj.ca/problem/ccc14s4,,standard,6,estimated,DMOJ 15p,data_structures.range_query.segment_tree,data_structures.range_query.segment_tree,data-structures|geometry|via-dmoj-category,,,,,2026-09-19,2026-09-19
ccc-2014-s5,Lazy Fox,ccc,CCC 2014 Senior,2014,S5,dmoj,https://dmoj.ca/problem/ccc14s5,,standard,7,estimated,DMOJ 20p,dp.basics.linear,dp.basics.linear,dynamic-programming|via-dmoj-category,,,,,2026-09-19,2026-09-19
ccc-2015-j1,Special Day,ccc,CCC 2015 Junior,2015,J1,dmoj,https://dmoj.ca/problem/ccc15j1,,standard,1,estimated,DMOJ 3p,adhoc.simulation.direct,adhoc.simulation.direct,implementation|via-dmoj-types,,,,,2026-09-19,2026-09-19
ccc-2015-j2,Happy or Sad,ccc,CCC 2015 Junior,2015,J2,dmoj,https://dmoj.ca/problem/ccc15j2,,standard,1,estimated,DMOJ 3p,adhoc.simulation.direct,adhoc.simulation.direct,implementation|via-dmoj-types,,,,,2026-09-19,2026-09-19
ccc-2015-j3,Rövarspråket,ccc,CCC 2015 Junior,2015,J3,dmoj,https://dmoj.ca/problem/ccc15j3,,standard,1,estimated,DMOJ 5p,adhoc.simulation.direct,adhoc.simulation.direct,implementation|via-dmoj-types,,,,,2026-09-19,2026-09-19
ccc-2015-j4,Wait Time,ccc,CCC 2015 Junior,2015,J4,dmoj,https://dmoj.ca/problem/ccc15j4,,standard,2,estimated,DMOJ 5p,adhoc.simulation.direct,adhoc.simulation.direct,implementation|via-dmoj-types,,,,,2026-09-19,2026-09-19
ccc-2015-j5,π-day,ccc,CCC 2015 Junior,2015,J5,dmoj,https://dmoj.ca/problem/ccc15j5,,standard,2,estimated,DMOJ 10p,dp.basics.linear,dp.basics.linear,dynamic-programming|via-dmoj-category,,,,,2026-09-19,2026-09-19
ccc-2015-s1,Zero That Out,ccc,CCC 2015 Senior,2015,S1,dmoj,https://dmoj.ca/problem/ccc15s1,,standard,2,estimated,DMOJ 3p,adhoc.simulation.direct,adhoc.simulation.direct,implementation|via-dmoj-types,,,,,2026-09-19,2026-09-19
ccc-2015-s2,Jerseys,ccc,CCC 2015 Senior,2015,S2,dmoj,https://dmoj.ca/problem/ccc15s2,,standard,3,estimated,DMOJ 5p,adhoc.simulation.direct,adhoc.simulation.direct,implementation|via-dmoj-types,,,,,2026-09-19,2026-09-19
ccc-2015-s3,Gates,ccc,CCC 2015 Senior,2015,S3,dmoj,https://dmoj.ca/problem/ccc15s3,,standard,4,estimated,DMOJ 10p,data_structures.range_query.segment_tree,data_structures.range_query.segment_tree,data-structures|via-dmoj-category,,,,,2026-09-19,2026-09-19
ccc-2015-s4,Convex Hull,ccc,CCC 2015 Senior,2015,S4,dmoj,https://dmoj.ca/problem/ccc15s4,,standard,6,estimated,DMOJ 15p,graphs.traversal.dfs,graphs.traversal.dfs,graph-theory|via-dmoj-category,,,,,2026-09-19,2026-09-19
ccc-2015-s5,Greedy For Pies,ccc,CCC 2015 Senior,2015,S5,dmoj,https://dmoj.ca/problem/ccc15s5,,standard,7,estimated,DMOJ 17p,dp.basics.linear,dp.basics.linear,dynamic-programming|via-dmoj-category,,,,,2026-09-19,2026-09-19
ccc-2016-j1,Tournament Selection,ccc,CCC 2016 Junior,2016,J1,dmoj,https://dmoj.ca/problem/ccc16j1,,standard,1,estimated,DMOJ 3p,adhoc.simulation.direct,adhoc.simulation.direct,implementation|via-dmoj-types,,,,,2026-09-19,2026-09-19
ccc-2016-j2,Magic Squares,ccc,CCC 2016 Junior,2016,J2,dmoj,https://dmoj.ca/problem/ccc16j2,,standard,1,estimated,DMOJ 3p,adhoc.simulation.direct,adhoc.simulation.direct,implementation|via-dmoj-types,,,,,2026-09-19,2026-09-19
ccc-2016-j3,Hidden Palindrome,ccc,CCC 2016 Junior,2016,J3,dmoj,https://dmoj.ca/problem/ccc16j3,,standard,1,estimated,DMOJ 5p,adhoc.simulation.direct,adhoc.simulation.direct,implementation|via-dmoj-types,,,,,2026-09-19,2026-09-19
ccc-2016-j4,Arrival Time,ccc,CCC 2016 Junior,2016,J4,dmoj,https://dmoj.ca/problem/ccc16j4,,standard,2,estimated,DMOJ 5p,adhoc.simulation.direct,adhoc.simulation.direct,implementation|via-dmoj-types,,,,,2026-09-19,2026-09-19
ccc-2016-s1,Ragaman,ccc,CCC 2016 Senior,2016,S1,dmoj,https://dmoj.ca/problem/ccc16s1,,standard,2,estimated,DMOJ 3p,adhoc.simulation.direct,adhoc.simulation.direct,implementation|via-dmoj-types,,,,,2026-09-19,2026-09-19
ccc-2016-s2,Tandem Bicycle,ccc,CCC 2016 Senior,2016,S2,dmoj,https://dmoj.ca/problem/ccc16s2,,standard,3,estimated,DMOJ 5p,adhoc.simulation.sorting,adhoc.simulation.sorting,greedy-algorithms|implementation|via-solution-code,,,,,2026-09-19,2026-09-19
ccc-2016-s3,Phonomenal Reviews,ccc,CCC 2016 Senior,2016,S3,dmoj,https://dmoj.ca/problem/ccc16s3,,standard,4,estimated,DMOJ 12p,graphs.traversal.dfs,graphs.traversal.dfs,graph-theory|via-dmoj-category,,,,,2026-09-19,2026-09-19
ccc-2016-s4,Combining Riceballs,ccc,CCC 2016 Senior,2016,S4,dmoj,https://dmoj.ca/problem/ccc16s4,,standard,6,estimated,DMOJ 15p,dp.basics.linear,dp.basics.linear,dynamic-programming|via-dmoj-category,,,,,2026-09-19,2026-09-19
ccc-2016-s5,Circle of Life,ccc,CCC 2016 Senior,2016,S5,dmoj,https://dmoj.ca/problem/ccc16s5,,standard,7,estimated,DMOJ 20p,adhoc.simulation.direct,adhoc.simulation.direct,simulation|via-dmoj-types,,,,,2026-09-19,2026-09-19
ccc-2017-j1,Quadrant Selection,ccc,CCC 2017 Junior,2017,J1,dmoj,https://dmoj.ca/problem/ccc17j1,,standard,1,estimated,DMOJ 3p,adhoc.simulation.direct,adhoc.simulation.direct,implementation|via-dmoj-types,,,,,2026-09-19,2026-09-19
ccc-2017-j2,Shifty Sum,ccc,CCC 2017 Junior,2017,J2,dmoj,https://dmoj.ca/problem/ccc17j2,,standard,1,estimated,DMOJ 3p,adhoc.simulation.direct,adhoc.simulation.direct,simple-math|via-dmoj-category,,,,,2026-09-19,2026-09-19
ccc-2017-j3,Exactly Electrical,ccc,CCC 2017 Junior,2017,J3,dmoj,https://dmoj.ca/problem/ccc17j3,,standard,1,estimated,DMOJ 3p,adhoc.simulation.direct,adhoc.simulation.direct,simple-math|via-dmoj-category,,,,,2026-09-19,2026-09-19
ccc-2017-j4,Favourite Times,ccc,CCC 2017 Junior,2017,J4,dmoj,https://dmoj.ca/problem/ccc17j4,,standard,2,estimated,DMOJ 5p,adhoc.simulation.direct,adhoc.simulation.direct,simple-math|via-dmoj-category,,,,,2026-09-19,2026-09-19
ccc-2017-s1,Sum Game,ccc,CCC 2017 Senior,2017,S1,dmoj,https://dmoj.ca/problem/ccc17s1,,standard,2,estimated,DMOJ 3p,adhoc.simulation.direct,adhoc.simulation.direct,implementation|via-dmoj-types,,,,,2026-09-19,2026-09-19
ccc-2017-s2,"High Tide, Low Tide",ccc,CCC 2017 Senior,2017,S2,dmoj,https://dmoj.ca/problem/ccc17s2,,standard,3,estimated,DMOJ 5p,adhoc.simulation.direct,adhoc.simulation.direct,implementation|via-dmoj-types,,,,,2026-09-19,2026-09-19
ccc-2017-s3,Nailed It!,ccc,CCC 2017 Senior,2017,S3,dmoj,https://dmoj.ca/problem/ccc17s3,,standard,4,estimated,DMOJ 7p,adhoc.simulation.direct,adhoc.simulation.direct,simple-math|via-dmoj-category,,,,,2026-09-19,2026-09-19
ccc-2017-s4,Minimum Cost Flow,ccc,CCC 2017 Senior,2017,S4,dmoj,https://dmoj.ca/problem/ccc17s4,,standard,6,estimated,DMOJ 17p,graphs.traversal.dfs,graphs.traversal.dfs,graph-theory|via-dmoj-category,,,,,2026-09-19,2026-09-19
ccc-2017-s5,RMT,ccc,CCC 2017 Senior,2017,S5,dmoj,https://dmoj.ca/problem/ccc17s5,,standard,7,estimated,DMOJ 20p,data_structures.range_query.segment_tree,data_structures.range_query.segment_tree,data-structures|via-dmoj-category,,,,,2026-09-19,2026-09-19
ccc-2018-j1,Telemarketer or not?,ccc,CCC 2018 Junior,2018,J1,dmoj,https://dmoj.ca/problem/ccc18j1,,standard,1,estimated,DMOJ 3p,adhoc.simulation.direct,adhoc.simulation.direct,implementation|via-dmoj-types,,,,,2026-09-19,2026-09-19
ccc-2018-j2,Occupy parking,ccc,CCC 2018 Junior,2018,J2,dmoj,https://dmoj.ca/problem/ccc18j2,,standard,1,estimated,DMOJ 3p,adhoc.simulation.direct,adhoc.simulation.direct,implementation|via-dmoj-types,,,,,2026-09-19,2026-09-19
ccc-2018-j3,Are we there yet?,ccc,CCC 2018 Junior,2018,J3,dmoj,https://dmoj.ca/problem/ccc18j3,,standard,1,estimated,DMOJ 3p,adhoc.simulation.direct,adhoc.simulation.direct,implementation|via-dmoj-types,,,,,2026-09-19,2026-09-19
ccc-2018-j5,Choose your own path,ccc,CCC 2018 Junior,2018,J5,dmoj,https://dmoj.ca/problem/ccc18j5,,standard,2,estimated,DMOJ 7p,graphs.traversal.dfs,graphs.traversal.dfs,graph-theory|via-dmoj-category,,,,,2026-09-19,2026-09-19
ccc-2018-s1,Voronoi Villages,ccc,CCC 2018 Senior,2018,S1,dmoj,https://dmoj.ca/problem/ccc18s1,,standard,2,estimated,DMOJ 3p,adhoc.simulation.direct,adhoc.simulation.direct,implementation|via-dmoj-types,,,,,2026-09-19,2026-09-19
ccc-2018-s2,Sunflowers,ccc,CCC 2018 Senior,2018,S2,dmoj,https://dmoj.ca/problem/ccc18s2,,standard,3,estimated,DMOJ 5p,adhoc.simulation.direct,adhoc.simulation.direct,implementation|via-dmoj-types,,,,,2026-09-19,2026-09-19
ccc-2018-s3,RoboThieves,ccc,CCC 2018 Senior,2018,S3,dmoj,https://dmoj.ca/problem/ccc18s3,,standard,4,estimated,DMOJ 10p,graphs.traversal.dfs,graphs.traversal.dfs,graph-theory|implementation|via-dmoj-category,,,,,2026-09-19,2026-09-19
ccc-2018-s4,Balanced Trees,ccc,CCC 2018 Senior,2018,S4,dmoj,https://dmoj.ca/problem/ccc18s4,,standard,6,estimated,DMOJ 15p,dp.basics.linear,dp.basics.linear,dynamic-programming|via-dmoj-category,,,,,2026-09-19,2026-09-19
ccc-2018-s5,Maximum Strategic Savings,ccc,CCC 2018 Senior,2018,S5,dmoj,https://dmoj.ca/problem/ccc18s5,,standard,7,estimated,DMOJ 20p,graphs.traversal.dfs,graphs.traversal.dfs,graph-theory|via-dmoj-category,,,,,2026-09-19,2026-09-19
ccc-2019-j1,Winning Score,ccc,CCC 2019 Junior,2019,J1,dmoj,https://dmoj.ca/problem/ccc19j1,,standard,1,estimated,DMOJ 3p,adhoc.simulation.direct,adhoc.simulation.direct,implementation|simple-math|via-dmoj-category,,,,,2026-09-19,2026-09-19
ccc-2019-j2,Time to Decompress,ccc,CCC 2019 Junior,2019,J2,dmoj,https://dmoj.ca/problem/ccc19j2,,standard,1,estimated,DMOJ 3p,adhoc.simulation.direct,adhoc.simulation.direct,implementation|via-dmoj-types,,,,,2026-09-19,2026-09-19
ccc-2019-j3,Cold Compress,ccc,CCC 2019 Junior,2019,J3,dmoj,https://dmoj.ca/problem/ccc19j3,,standard,1,estimated,DMOJ 5p,adhoc.simulation.direct,adhoc.simulation.direct,implementation|via-dmoj-types,,,,,2026-09-19,2026-09-19
ccc-2019-j5,Rule of Three,ccc,CCC 2019 Junior,2019,J5,dmoj,https://dmoj.ca/problem/ccc19j5,,standard,2,estimated,DMOJ 20p,search.binary_search.on_answer,search.binary_search.on_answer,divide-and-conquer|recursion|via-dmoj-category,,,,,2026-09-19,2026-09-19
ccc-2019-s1,Flipper,ccc,CCC 2019 Senior,2019,S1,dmoj,https://dmoj.ca/problem/ccc19s1,,standard,2,estimated,DMOJ 3p,adhoc.simulation.direct,adhoc.simulation.direct,implementation|via-dmoj-types,,,,,2026-09-19,2026-09-19
ccc-2019-s2,Pretty Average Primes,ccc,CCC 2019 Senior,2019,S2,dmoj,https://dmoj.ca/problem/ccc19s2,,standard,3,estimated,DMOJ 5p,adhoc.simulation.direct,adhoc.simulation.direct,simple-math|via-dmoj-category,,,,,2026-09-19,2026-09-19
ccc-2019-s3,Arithmetic Square,ccc,CCC 2019 Senior,2019,S3,dmoj,https://dmoj.ca/problem/ccc19s3,,standard,4,estimated,DMOJ 12p,adhoc.constructive.construction,adhoc.constructive.construction,constructive|implementation|via-dmoj-category,,,,,2026-09-19,2026-09-19
ccc-2019-s4,Tourism,ccc,CCC 2019 Senior,2019,S4,dmoj,https://dmoj.ca/problem/ccc19s4,,standard,6,estimated,DMOJ 20p,dp.basics.linear,dp.basics.linear,dynamic-programming|via-dmoj-category,,,,,2026-09-19,2026-09-19
ccc-2019-s5,Triangle: The Data Structure,ccc,CCC 2019 Senior,2019,S5,dmoj,https://dmoj.ca/problem/ccc19s5,,standard,7,estimated,DMOJ 20p,data_structures.range_query.segment_tree,data_structures.range_query.segment_tree,data-structures|via-dmoj-category,,,,,2026-09-19,2026-09-19
ccc-2020-j1,Dog Treats,ccc,CCC 2020 Junior,2020,J1,dmoj,https://dmoj.ca/problem/ccc20j1,,standard,1,estimated,DMOJ 3p,adhoc.simulation.direct,adhoc.simulation.direct,implementation|via-dmoj-types,,,,,2026-09-19,2026-09-19
ccc-2020-j2,Epidemiology,ccc,CCC 2020 Junior,2020,J2,dmoj,https://dmoj.ca/problem/ccc20j2,,standard,1,estimated,DMOJ 3p,adhoc.simulation.direct,adhoc.simulation.direct,implementation|via-dmoj-types,,,,,2026-09-19,2026-09-19
ccc-2020-j3,Art,ccc,CCC 2020 Junior,2020,J3,dmoj,https://dmoj.ca/problem/ccc20j3,,standard,1,estimated,DMOJ 3p,adhoc.simulation.direct,adhoc.simulation.direct,implementation|via-dmoj-types,,,,,2026-09-19,2026-09-19
ccc-2020-j4,Cyclic Shifts,ccc,CCC 2020 Junior,2020,J4,dmoj,https://dmoj.ca/problem/ccc20j4,,standard,2,estimated,DMOJ 5p,strings.matching.kmp,strings.matching.kmp,string-algorithms|via-dmoj-category,,,,,2026-09-19,2026-09-19
ccc-2020-s1,Surmising a Sprinter's Speed,ccc,CCC 2020 Senior,2020,S1,dmoj,https://dmoj.ca/problem/ccc20s1,,standard,2,estimated,DMOJ 5p,adhoc.simulation.direct,adhoc.simulation.direct,implementation|via-dmoj-types,,,,,2026-09-19,2026-09-19
ccc-2020-s2,Escape Room,ccc,CCC 2020 Senior,2020,S2,dmoj,https://dmoj.ca/problem/ccc20s2,,standard,3,estimated,DMOJ 10p,graphs.traversal.dfs,graphs.traversal.dfs,graph-theory|via-dmoj-category,,,,,2026-09-19,2026-09-19
ccc-2020-s3,Searching for Strings,ccc,CCC 2020 Senior,2020,S3,dmoj,https://dmoj.ca/problem/ccc20s3,,standard,4,estimated,DMOJ 12p,data_structures.range_query.segment_tree,data_structures.range_query.segment_tree,data-structures|string-algorithms|via-dmoj-category,,,,,2026-09-19,2026-09-19
ccc-2020-s4,Swapping Seats,ccc,CCC 2020 Senior,2020,S4,dmoj,https://dmoj.ca/problem/ccc20s4,,standard,6,estimated,DMOJ 12p,search.exhaustive.backtracking,search.exhaustive.backtracking,greedy-algorithms|via-solution-code,,,,,2026-09-19,2026-09-19
ccc-2020-s5,Josh's Double Bacon Deluxe,ccc,CCC 2020 Senior,2020,S5,dmoj,https://dmoj.ca/problem/ccc20s5,,standard,7,estimated,DMOJ 17p,dp.basics.linear,dp.basics.linear,dynamic-programming|intermediate-math|via-dmoj-category,,,,,2026-09-19,2026-09-19
ccc-2021-j1,Boiling Water,ccc,CCC 2021 Junior,2021,J1,dmoj,https://dmoj.ca/problem/ccc21j1,,standard,1,estimated,DMOJ 3p,adhoc.simulation.direct,adhoc.simulation.direct,implementation|via-dmoj-types,,,,,2026-09-19,2026-09-19
ccc-2021-j2,Silent Auction,ccc,CCC 2021 Junior,2021,J2,dmoj,https://dmoj.ca/problem/ccc21j2,,standard,1,estimated,DMOJ 3p,adhoc.simulation.direct,adhoc.simulation.direct,implementation|via-dmoj-types,,,,,2026-09-19,2026-09-19
ccc-2021-j3,Secret Instructions,ccc,CCC 2021 Junior,2021,J3,dmoj,https://dmoj.ca/problem/ccc21j3,,standard,1,estimated,DMOJ 5p,adhoc.simulation.direct,adhoc.simulation.direct,implementation|via-dmoj-types,,,,,2026-09-19,2026-09-19
ccc-2021-j4,Arranging Books,ccc,CCC 2021 Junior,2021,J4,dmoj,https://dmoj.ca/problem/ccc21j4,,standard,2,estimated,DMOJ 7p,greedy.exchange.sorting_order,greedy.exchange.sorting_order,greedy-algorithms|via-dmoj-category,,,,,2026-09-19,2026-09-19
ccc-2021-s1,Crazy Fencing,ccc,CCC 2021 Senior,2021,S1,dmoj,https://dmoj.ca/problem/ccc21s1,,standard,2,estimated,DMOJ 5p,adhoc.simulation.direct,adhoc.simulation.direct,simple-math|via-dmoj-category,,,,,2026-09-19,2026-09-19
ccc-2021-s2,Modern Art,ccc,CCC 2021 Senior,2021,S2,dmoj,https://dmoj.ca/problem/ccc21s2,,standard,3,estimated,DMOJ 7p,adhoc.simulation.direct,adhoc.simulation.direct,,4,,,,2026-09-19,2026-09-19
ccc-2021-s3,Lunch Concert,ccc,CCC 2021 Senior,2021,S3,dmoj,https://dmoj.ca/problem/ccc21s3,,standard,5,estimated,DMOJ 10p,data_structures.static_range.prefix_sums,data_structures.static_range.prefix_sums|math.numerical.ternary_search,,4,,,,2026-09-19,2026-09-19
ccc-2021-s4,Daily Commute,ccc,CCC 2021 Senior,2021,S4,dmoj,https://dmoj.ca/problem/ccc21s4,,standard,6,estimated,DMOJ 12p,graphs.traversal.bfs,graphs.traversal.bfs|data_structures.linear.heap,,4,,,,2026-09-19,2026-09-19
ccc-2021-s5,Math Homework,ccc,CCC 2021 Senior,2021,S5,dmoj,https://dmoj.ca/problem/ccc21s5,,standard,7,estimated,DMOJ 15p,data_structures.range_query.segment_tree,data_structures.range_query.segment_tree,data-structures|intermediate-math|via-dmoj-category,,,,,2026-09-19,2026-09-19
ccc-2022-j1,Cupcake Party,ccc,CCC 2022 Junior,2022,J1,dmoj,https://dmoj.ca/problem/ccc22j1,,standard,1,estimated,DMOJ 3p,adhoc.simulation.direct,adhoc.simulation.direct,implementation|via-dmoj-types,,,,,2026-09-19,2026-09-19
ccc-2022-j2,Fergusonball Ratings,ccc,CCC 2022 Junior,2022,J2,dmoj,https://dmoj.ca/problem/ccc22j2,,standard,1,estimated,DMOJ 3p,adhoc.simulation.direct,adhoc.simulation.direct,implementation|via-dmoj-types,,,,,2026-09-19,2026-09-19
ccc-2022-j3,Harp Tuning,ccc,CCC 2022 Junior,2022,J3,dmoj,https://dmoj.ca/problem/ccc22j3,,standard,1,estimated,DMOJ 5p,adhoc.simulation.direct,adhoc.simulation.direct,implementation|via-dmoj-types,,,,,2026-09-19,2026-09-19
ccc-2022-j5,Square Pool,ccc,CCC 2022 Junior,2022,J5,dmoj,https://dmoj.ca/problem/ccc22j5,,standard,2,estimated,DMOJ 10p,search.exhaustive.backtracking,search.exhaustive.backtracking,brute-force|implementation|via-dmoj-category,,,,,2026-09-19,2026-09-19
ccc-2022-s1,Good Fours and Good Fives,ccc,CCC 2022 Senior,2022,S1,dmoj,https://dmoj.ca/problem/ccc22s1,,standard,2,estimated,DMOJ 5p,adhoc.simulation.direct,adhoc.simulation.direct,implementation|simple-math|via-dmoj-category,,,,,2026-09-19,2026-09-19
ccc-2022-s2,Good Groups,ccc,CCC 2022 Senior,2022,S2,dmoj,https://dmoj.ca/problem/ccc22s2,,standard,3,estimated,DMOJ 5p,adhoc.simulation.direct,adhoc.simulation.direct,implementation|via-dmoj-types,,,,,2026-09-19,2026-09-19
ccc-2022-s3,Good Samples,ccc,CCC 2022 Senior,2022,S3,dmoj,https://dmoj.ca/problem/ccc22s3,,standard,4,estimated,DMOJ 10p,greedy.exchange.sorting_order,greedy.exchange.sorting_order,ad-hoc|constructive|greedy-algorithms|via-dmoj-category,,,,,2026-09-19,2026-09-19
ccc-2022-s4,Good Triplets,ccc,CCC 2022 Senior,2022,S4,dmoj,https://dmoj.ca/problem/ccc22s4,,standard,6,estimated,DMOJ 15p,adhoc.simulation.direct,adhoc.simulation.direct,ad-hoc|simple-math|via-dmoj-category,,,,,2026-09-19,2026-09-19
ccc-2022-s5,Good Influencers,ccc,CCC 2022 Senior,2022,S5,dmoj,https://dmoj.ca/problem/ccc22s5,,standard,7,estimated,DMOJ 17p,graphs.traversal.dfs,graphs.traversal.dfs,dynamic-programming|graph-theory|via-solution-code,,,,,2026-09-19,2026-09-19
ccc-2023-j1,Deliv-e-droid,ccc,CCC 2023 Junior,2023,J1,dmoj,https://dmoj.ca/problem/ccc23j1,,standard,1,estimated,DMOJ 3p,adhoc.simulation.direct,adhoc.simulation.direct,simple-math|via-dmoj-category,,,,,2026-09-19,2026-09-19
ccc-2023-j2,Chili Peppers,ccc,CCC 2023 Junior,2023,J2,dmoj,https://dmoj.ca/problem/ccc23j2,,standard,1,estimated,DMOJ 3p,adhoc.simulation.direct,adhoc.simulation.direct,implementation|via-dmoj-types,,,,,2026-09-19,2026-09-19
ccc-2023-j3,Special Event,ccc,CCC 2023 Junior,2023,J3,dmoj,https://dmoj.ca/problem/ccc23j3,,standard,1,estimated,DMOJ 5p,adhoc.simulation.direct,adhoc.simulation.direct,implementation|via-dmoj-types,,,,,2026-09-19,2026-09-19
ccc-2023-j5,CCC Word Hunt,ccc,CCC 2023 Junior,2023,J5,dmoj,https://dmoj.ca/problem/ccc23j5,,standard,2,estimated,DMOJ 10p,adhoc.simulation.direct,adhoc.simulation.direct,implementation|via-dmoj-types,,,,,2026-09-19,2026-09-19
ccc-2023-s1,Trianglane,ccc,CCC 2023 Senior,2023,S1,dmoj,https://dmoj.ca/problem/ccc23s1,,standard,2,estimated,DMOJ 5p,adhoc.simulation.direct,adhoc.simulation.direct,simple-math|via-dmoj-category,,,,,2026-09-19,2026-09-19
ccc-2023-s2,Symmetric Mountains,ccc,CCC 2023 Senior,2023,S2,dmoj,https://dmoj.ca/problem/ccc23s2,,standard,3,estimated,DMOJ 7p,adhoc.simulation.direct,adhoc.simulation.direct,implementation|via-dmoj-types,,,,,2026-09-19,2026-09-19
ccc-2023-s3,Palindromic Poster,ccc,CCC 2023 Senior,2023,S3,dmoj,https://dmoj.ca/problem/ccc23s3,,standard,4,estimated,DMOJ 10p,adhoc.constructive.construction,adhoc.constructive.construction,ad-hoc|constructive|via-dmoj-category,,,,,2026-09-19,2026-09-19
ccc-2023-s4,Minimum Cost Roads,ccc,CCC 2023 Senior,2023,S4,dmoj,https://dmoj.ca/problem/ccc23s4,,standard,6,estimated,DMOJ 15p,graphs.traversal.dfs,graphs.traversal.dfs,graph-theory|via-dmoj-category,,,,,2026-09-19,2026-09-19
ccc-2023-s5,The Filter,ccc,CCC 2023 Senior,2023,S5,dmoj,https://dmoj.ca/problem/ccc23s5,,standard,7,estimated,DMOJ 20p,graphs.traversal.dfs,graphs.traversal.dfs,graph-theory|intermediate-math|via-dmoj-category,,,,,2026-09-19,2026-09-19
ccc-2024-j1,Conveyor Belt Sushi,ccc,CCC 2024 Junior,2024,J1,dmoj,https://dmoj.ca/problem/ccc24j1,,standard,1,estimated,DMOJ 3p,adhoc.simulation.direct,adhoc.simulation.direct,simple-math|via-dmoj-category,,,,,2026-09-19,2026-09-19
ccc-2024-j2,Dusa And The Yobis,ccc,CCC 2024 Junior,2024,J2,dmoj,https://dmoj.ca/problem/ccc24j2,,standard,1,estimated,DMOJ 3p,adhoc.simulation.direct,adhoc.simulation.direct,implementation|simple-math|via-dmoj-category,,,,,2026-09-19,2026-09-19
ccc-2024-j3,Bronze Count,ccc,CCC 2024 Junior,2024,J3,dmoj,https://dmoj.ca/problem/ccc24j3,,standard,1,estimated,DMOJ 5p,adhoc.simulation.direct,adhoc.simulation.direct,implementation|simple-math|via-dmoj-category,,,,,2026-09-19,2026-09-19
ccc-2024-j4,Troublesome Keys,ccc,CCC 2024 Junior,2024,J4,dmoj,https://dmoj.ca/problem/ccc24j4,,standard,2,estimated,DMOJ 7p,adhoc.simulation.direct,adhoc.simulation.direct,implementation|via-dmoj-types,,,,,2026-09-19,2026-09-19
ccc-2024-j5,Harvest Waterloo,ccc,CCC 2024 Junior,2024,J5,dmoj,https://dmoj.ca/problem/ccc24j5,,standard,2,estimated,DMOJ 7p,graphs.traversal.bfs,graphs.traversal.bfs,graph-theory|simple-math|via-solution-code,,,,,2026-09-19,2026-09-19
ccc-2024-s1,Hat Circle,ccc,CCC 2024 Senior,2024,S1,dmoj,https://dmoj.ca/problem/ccc24s1,,standard,2,estimated,DMOJ 3p,adhoc.simulation.direct,adhoc.simulation.direct,implementation|via-dmoj-types,,,,,2026-09-19,2026-09-19
ccc-2024-s2,Heavy-Light Composition,ccc,CCC 2024 Senior,2024,S2,dmoj,https://dmoj.ca/problem/ccc24s2,,standard,3,estimated,DMOJ 5p,adhoc.simulation.direct,adhoc.simulation.direct,implementation|via-dmoj-types,,,,,2026-09-19,2026-09-19
ccc-2024-s3,Swipe,ccc,CCC 2024 Senior,2024,S3,dmoj,https://dmoj.ca/problem/ccc24s3,,standard,4,estimated,DMOJ 10p,adhoc.simulation.direct,adhoc.simulation.direct,ad-hoc|via-dmoj-category,,,,,2026-09-19,2026-09-19
ccc-2024-s4,Painting Roads,ccc,CCC 2024 Senior,2024,S4,dmoj,https://dmoj.ca/problem/ccc24s4,,standard,6,estimated,DMOJ 12p,graphs.traversal.dfs,graphs.traversal.dfs,graph-theory|via-dmoj-category,,,,,2026-09-19,2026-09-19
ccc-2024-s5,Chocolate Bar Partition,ccc,CCC 2024 Senior,2024,S5,dmoj,https://dmoj.ca/problem/ccc24s5,,standard,7,estimated,DMOJ 20p,dp.basics.linear,dp.basics.linear,dynamic-programming|via-dmoj-category,,,,,2026-09-19,2026-09-19
ccc-2025-j1,Roller Coaster Ride,ccc,CCC 2025 Junior,2025,J1,dmoj,https://dmoj.ca/problem/ccc25j1,,standard,1,estimated,DMOJ 3p,adhoc.simulation.direct,adhoc.simulation.direct,simple-math|via-dmoj-category,,,,,2026-09-19,2026-09-19
ccc-2025-j2,Donut Shop,ccc,CCC 2025 Junior,2025,J2,dmoj,https://dmoj.ca/problem/ccc25j2,,standard,1,estimated,DMOJ 3p,adhoc.simulation.direct,adhoc.simulation.direct,simulation|via-dmoj-types,,,,,2026-09-19,2026-09-19
ccc-2025-j3,Product Codes,ccc,CCC 2025 Junior,2025,J3,dmoj,https://dmoj.ca/problem/ccc25j3,,standard,1,estimated,DMOJ 5p,adhoc.simulation.direct,adhoc.simulation.direct,implementation|via-dmoj-types,,,,,2026-09-19,2026-09-19
ccc-2025-j4,Sunny Days,ccc,CCC 2025 Junior,2025,J4,dmoj,https://dmoj.ca/problem/ccc25j4,,standard,2,estimated,DMOJ 5p,adhoc.simulation.direct,adhoc.simulation.direct,implementation|via-dmoj-types,,,,,2026-09-19,2026-09-19
ccc-2025-j5,Connecting Territories,ccc,CCC 2025 Junior,2025,J5,dmoj,https://dmoj.ca/problem/ccc25j5,,standard,2,estimated,DMOJ 7p,dp.basics.linear,dp.basics.linear,dynamic-programming|via-dmoj-category,,,,,2026-09-19,2026-09-19
ccc-2025-s1,Positioning Peter's Paintings,ccc,CCC 2025 Senior,2025,S1,dmoj,https://dmoj.ca/problem/ccc25s1,,standard,2,estimated,DMOJ 3p,adhoc.simulation.direct,adhoc.simulation.direct,simple-math|via-dmoj-category,,,,,2026-09-19,2026-09-19
ccc-2025-s2,Cryptogram Cracking Club,ccc,CCC 2025 Senior,2025,S2,dmoj,https://dmoj.ca/problem/ccc25s2,,standard,3,estimated,DMOJ 7p,adhoc.simulation.direct,adhoc.simulation.direct,implementation|via-dmoj-types,,,,,2026-09-19,2026-09-19
ccc-2025-s3,Pretty Pens,ccc,CCC 2025 Senior,2025,S3,dmoj,https://dmoj.ca/problem/ccc25s3,,standard,4,estimated,DMOJ 10p,adhoc.simulation.direct,adhoc.simulation.direct,implementation|via-dmoj-types,,,,,2026-09-19,2026-09-19
ccc-2025-s4,Floor is Lava,ccc,CCC 2025 Senior,2025,S4,dmoj,https://dmoj.ca/problem/ccc25s4,,standard,6,estimated,DMOJ 12p,graphs.traversal.dfs,graphs.traversal.dfs,graph-theory|via-dmoj-category,,,,,2026-09-19,2026-09-19
ccc-2025-s5,To-Do List,ccc,CCC 2025 Senior,2025,S5,dmoj,https://dmoj.ca/problem/ccc25s5,,standard,7,estimated,DMOJ 17p,data_structures.range_query.segment_tree,data_structures.range_query.segment_tree,data-structures|via-dmoj-category,,,,,2026-09-19,2026-09-19
ccc-2026-j1,Concert Tickets,ccc,CCC 2026 Junior,2026,J1,dmoj,https://dmoj.ca/problem/ccc26j1,,standard,1,estimated,DMOJ 3p,adhoc.simulation.direct,adhoc.simulation.direct,simple-math|via-dmoj-category,,,,,2026-09-19,2026-09-19
ccc-2026-j2,Olympic Scores,ccc,CCC 2026 Junior,2026,J2,dmoj,https://dmoj.ca/problem/ccc26j2,,standard,1,estimated,DMOJ 3p,adhoc.simulation.direct,adhoc.simulation.direct,implementation|via-dmoj-types,,,,,2026-09-19,2026-09-19
ccc-2026-j3,Creative Candy Consumption,ccc,CCC 2026 Junior,2026,J3,dmoj,https://dmoj.ca/problem/ccc26j3,,standard,1,estimated,DMOJ 3p,adhoc.simulation.direct,adhoc.simulation.direct,implementation|via-dmoj-types,,,,,2026-09-19,2026-09-19
ccc-2026-j4,Snail Path,ccc,CCC 2026 Junior,2026,J4,dmoj,https://dmoj.ca/problem/ccc26j4,,standard,2,estimated,DMOJ 5p,adhoc.simulation.direct,adhoc.simulation.direct,implementation|via-dmoj-types,,,,,2026-09-19,2026-09-19
ccc-2026-s1,"Baby Hop, Giant Hop",ccc,CCC 2026 Senior,2026,S1,dmoj,https://dmoj.ca/problem/ccc26s1,,standard,2,estimated,DMOJ 5p,adhoc.simulation.direct,adhoc.simulation.direct,implementation|via-dmoj-types,,,,,2026-09-19,2026-09-19
ccc-2026-s2,Beams of Light,ccc,CCC 2026 Senior,2026,S2,dmoj,https://dmoj.ca/problem/ccc26s2,,standard,3,estimated,DMOJ 7p,data_structures.range_query.segment_tree,data_structures.range_query.segment_tree,data-structures|via-dmoj-category,,,,,2026-09-19,2026-09-19
ccc-2026-s3,Common Card Choice,ccc,CCC 2026 Senior,2026,S3,dmoj,https://dmoj.ca/problem/ccc26s3,,standard,4,estimated,DMOJ 7p,data_structures.disjoint_set.dsu,data_structures.disjoint_set.dsu,intermediate-math|via-solution-code,,,,,2026-09-19,2026-09-19
ccc-2026-s4,Minecarts,ccc,CCC 2026 Senior,2026,S4,dmoj,https://dmoj.ca/problem/ccc26s4,,standard,6,estimated,DMOJ 15p,data_structures.range_query.segment_tree,data_structures.range_query.segment_tree,data-structures|greedy-algorithms|via-dmoj-category,,,,,2026-09-19,2026-09-19
ccc-2026-s5,On the Fence,ccc,CCC 2026 Senior,2026,S5,dmoj,https://dmoj.ca/problem/ccc26s5,,standard,7,estimated,DMOJ 30p,math.algebra.modular_arithmetic,math.algebra.modular_arithmetic,ad-hoc|intermediate-math|via-dmoj-category,,,,,2026-09-19,2026-09-19
cco-1996-p1,Train Swapping,cco,CCO 1996,1996,P1,dmoj,https://dmoj.ca/problem/cco96p1,,standard,6,estimated,DMOJ 5p,adhoc.simulation.direct,adhoc.simulation.direct,implementation|via-dmoj-types,,,,,2026-09-19,2026-09-19
cco-1996-p2,SafeBreaker,cco,CCO 1996,1996,P2,dmoj,https://dmoj.ca/problem/cco96p2,,standard,8,estimated,DMOJ 10p,search.exhaustive.backtracking,search.exhaustive.backtracking,brute-force|via-dmoj-types,,,,,2026-09-19,2026-09-19
cco-1996-p3,Quadtrees,cco,CCO 1996,1996,P3,dmoj,https://dmoj.ca/problem/cco96p3,,standard,8,estimated,DMOJ 15p,search.exhaustive.backtracking,search.exhaustive.backtracking,recursion|via-dmoj-category,,,,,2026-09-19,2026-09-19
cco-1996-p4,Where's Waldorf?,cco,CCO 1996,1996,P4,dmoj,https://dmoj.ca/problem/cco96p4,,standard,6,estimated,DMOJ 7p,adhoc.simulation.direct,adhoc.simulation.direct,implementation|via-dmoj-types,,,,,2026-09-19,2026-09-19
cco-1996-p5,All Roads Lead Where?,cco,CCO 1996,1996,P5,dmoj,https://dmoj.ca/problem/cco96p5,,standard,8,estimated,DMOJ 7p,graphs.traversal.dfs,graphs.traversal.dfs,graph-theory|via-dmoj-category,,,,,2026-09-19,2026-09-19
cco-1996-p6,Hoppers,cco,CCO 1996,1996,P6,dmoj,https://dmoj.ca/problem/cco96p6,,standard,8,estimated,DMOJ 15p,graphs.traversal.dfs,graphs.traversal.dfs,graph-theory|via-dmoj-category,,,,,2026-09-19,2026-09-19
cco-1997-p1,Palindromes,cco,CCO 1997,1997,P1,dmoj,https://dmoj.ca/problem/cco97p1,,standard,6,estimated,DMOJ 10p,strings.matching.kmp,strings.matching.kmp,implementation|string-algorithms|via-dmoj-category,,,,,2026-09-19,2026-09-19
cco-1997-p2,Alien Invasion,cco,CCO 1997,1997,P2,dmoj,https://dmoj.ca/problem/cco97p2,,standard,8,estimated,DMOJ 10p,dp.basics.linear,dp.basics.linear,dynamic-programming|via-dmoj-category,,,,,2026-09-19,2026-09-19
cco-1997-p3,Porous Stone,cco,CCO 1997,1997,P3,dmoj,https://dmoj.ca/problem/cco97p3,,standard,8,estimated,DMOJ 10p,adhoc.simulation.direct,adhoc.simulation.direct,implementation|simulation|via-dmoj-category,,,,,2026-09-19,2026-09-19
cco-1997-p4,High Tide,cco,CCO 1997,1997,P4,dmoj,https://dmoj.ca/problem/cco97p4,,standard,6,estimated,DMOJ 10p,math.algebra.modular_arithmetic,math.algebra.modular_arithmetic,implementation|intermediate-math|via-dmoj-category,,,,,2026-09-19,2026-09-19
cco-1997-p5,Space Aliens,cco,CCO 1997,1997,P5,dmoj,https://dmoj.ca/problem/cco97p5,,standard,8,estimated,DMOJ 10p,search.exhaustive.backtracking,search.exhaustive.backtracking,brute-force|implementation|via-dmoj-category,,,,,2026-09-19,2026-09-19
cco-1997-p6,Aligning DNA,cco,CCO 1997,1997,P6,dmoj,https://dmoj.ca/problem/cco97p6,,standard,8,estimated,DMOJ 7p,adhoc.simulation.direct,adhoc.simulation.direct,implementation|via-dmoj-types,,,,,2026-09-19,2026-09-19
cco-1998-p1,Fibonacci Numbers,cco,CCO 1998,1998,P1,dmoj,https://dmoj.ca/problem/cco98p1,,standard,6,estimated,DMOJ 7p,math.algebra.modular_arithmetic,math.algebra.modular_arithmetic,intermediate-math|via-dmoj-category,,,,,2026-09-19,2026-09-19
cco-1998-p2,Message Deciphering,cco,CCO 1998,1998,P2,dmoj,https://dmoj.ca/problem/cco98p2,,standard,8,estimated,DMOJ 7p,adhoc.simulation.direct,adhoc.simulation.direct,implementation|via-dmoj-types,,,,,2026-09-19,2026-09-19
cco-1998-p3,Bus Schedule,cco,CCO 1998,1998,P3,dmoj,https://dmoj.ca/problem/cco98p3,,standard,8,estimated,DMOJ 12p,graphs.traversal.dfs,graphs.traversal.dfs,graph-theory|via-dmoj-category,,,,,2026-09-19,2026-09-19
cco-1998-p4,Scoring Curling,cco,CCO 1998,1998,P4,dmoj,https://dmoj.ca/problem/cco98p4,,standard,6,estimated,DMOJ 7p,adhoc.simulation.direct,adhoc.simulation.direct,implementation|via-dmoj-types,,,,,2026-09-19,2026-09-19
cco-1998-p5,Text Segmentation,cco,CCO 1998,1998,P5,dmoj,https://dmoj.ca/problem/cco98p5,,standard,8,estimated,DMOJ 10p,dp.basics.linear,dp.basics.linear,dynamic-programming|via-dmoj-category,,,,,2026-09-19,2026-09-19
cco-1998-p6,Derek's Dilemma,cco,CCO 1998,1998,P6,dmoj,https://dmoj.ca/problem/cco98p6,,standard,8,estimated,DMOJ 12p,dp.basics.linear,dp.basics.linear,dynamic-programming|game-theory|via-dmoj-category,,,,,2026-09-19,2026-09-19
cco-1999-p1,You Can't Get There From Here,cco,CCO 1999,1999,P1,dmoj,https://dmoj.ca/problem/cco99p1,,standard,6,estimated,DMOJ 7p,adhoc.simulation.direct,adhoc.simulation.direct,implementation|via-dmoj-types,,,,,2026-09-19,2026-09-19
cco-1999-p2,Common Words,cco,CCO 1999,1999,P2,dmoj,https://dmoj.ca/problem/cco99p2,,standard,8,estimated,DMOJ 10p,adhoc.simulation.direct,adhoc.simulation.direct,implementation|via-dmoj-types,,,,,2026-09-19,2026-09-19
cco-1999-p3,Manelzuma's Revenge,cco,CCO 1999,1999,P3,dmoj,https://dmoj.ca/problem/cco99p3,,standard,8,estimated,DMOJ 10p,adhoc.simulation.direct,adhoc.simulation.direct,implementation|via-dmoj-types,,,,,2026-09-19,2026-09-19
cco-1999-p4,Maple Roundup,cco,CCO 1999,1999,P4,dmoj,https://dmoj.ca/problem/cco99p4,,standard,6,estimated,DMOJ 10p,geometry.primitives.points,geometry.primitives.points,geometry|implementation|via-dmoj-category,,,,,2026-09-19,2026-09-19
cco-1999-p5,Sum Of Products,cco,CCO 1999,1999,P5,dmoj,https://dmoj.ca/problem/cco99p5,,standard,8,estimated,DMOJ 15p,adhoc.simulation.direct,adhoc.simulation.direct,implementation|via-dmoj-types,,,,,2026-09-19,2026-09-19
cco-1999-p6,Fast Food,cco,CCO 1999,1999,P6,dmoj,https://dmoj.ca/problem/cco99p6,,standard,8,estimated,DMOJ 15p,dp.basics.linear,dp.basics.linear,dynamic-programming|greedy-algorithms|via-dmoj-category,,,,,2026-09-19,2026-09-19
cco-2000-p1,Subsets,cco,CCO 2000,2000,P1,dmoj,https://dmoj.ca/problem/cco00p1,,standard,6,estimated,DMOJ 10p,graphs.traversal.dfs,graphs.traversal.dfs,graph-theory|via-dmoj-category,,,,,2026-09-19,2026-09-19
cco-2000-p2,Ransom Note,cco,CCO 2000,2000,P2,dmoj,https://dmoj.ca/problem/cco00p2,,standard,8,estimated,DMOJ 12p,strings.matching.kmp,strings.matching.kmp,string-algorithms|via-dmoj-category,,,,,2026-09-19,2026-09-19
cco-2000-p3,The Game Of 31,cco,CCO 2000,2000,P3,dmoj,https://dmoj.ca/problem/cco00p3,,standard,8,estimated,DMOJ 10p,dp.basics.linear,dp.basics.linear,dynamic-programming|via-dmoj-category,,,,,2026-09-19,2026-09-19
cco-2000-p4,Packet Routing,cco,CCO 2000,2000,P4,dmoj,https://dmoj.ca/problem/cco00p4,,standard,6,estimated,DMOJ 7p,graphs.traversal.dfs,graphs.traversal.dfs,graph-theory|via-dmoj-category,,,,,2026-09-19,2026-09-19
cco-2000-p5,Millikan's Oil Droplet Experiment,cco,CCO 2000,2000,P5,dmoj,https://dmoj.ca/problem/cco00p5,,standard,8,estimated,DMOJ 7p,adhoc.simulation.direct,adhoc.simulation.direct,ad-hoc|via-dmoj-category,,,,,2026-09-19,2026-09-19
cco-2000-p6,Extension Cords,cco,CCO 2000,2000,P6,dmoj,https://dmoj.ca/problem/cco00p6,,standard,8,estimated,DMOJ 12p,dp.basics.linear,dp.basics.linear,brute-force|dynamic-programming|simple-math|via-dmoj-category,,,,,2026-09-19,2026-09-19
cco-2001-p1,The Monkey Dance,cco,CCO 2001,2001,P1,dmoj,https://dmoj.ca/problem/cco01p1,,standard,6,estimated,DMOJ 10p,adhoc.simulation.direct,adhoc.simulation.direct,implementation|via-dmoj-types,,,,,2026-09-19,2026-09-19
cco-2001-p2,Coke or Chocolate Milk,cco,CCO 2001,2001,P2,dmoj,https://dmoj.ca/problem/cco01p2,,standard,8,estimated,DMOJ 12p,graphs.traversal.dfs,graphs.traversal.dfs,graph-theory|implementation|via-dmoj-category,,,,,2026-09-19,2026-09-19
cco-2001-p3,Partitions,cco,CCO 2001,2001,P3,dmoj,https://dmoj.ca/problem/cco01p3,,standard,8,estimated,DMOJ 12p,dp.basics.linear,dp.basics.linear,dynamic-programming|via-dmoj-category,,,,,2026-09-19,2026-09-19
cco-2001-p5,Fast Food,cco,CCO 2001,2001,P5,dmoj,https://dmoj.ca/problem/cco01p5,,standard,8,estimated,DMOJ 7p,adhoc.simulation.direct,adhoc.simulation.direct,implementation|simple-math|via-dmoj-category,,,,,2026-09-19,2026-09-19
cco-2001-p6,Election Night,cco,CCO 2001,2001,P6,dmoj,https://dmoj.ca/problem/cco01p6,,standard,8,estimated,DMOJ 15p,adhoc.simulation.direct,adhoc.simulation.direct,implementation|via-dmoj-types,,,,,2026-09-19,2026-09-19
cco-2002-p1,Spam,cco,CCO 2002,2002,P1,dmoj,https://dmoj.ca/problem/cco02p1,,standard,6,estimated,DMOJ 12p,math.algebra.modular_arithmetic,math.algebra.modular_arithmetic,implementation|intermediate-math|via-dmoj-category,,,,,2026-09-19,2026-09-19
cco-2002-p2,Game Show Math,cco,CCO 2002,2002,P2,dmoj,https://dmoj.ca/problem/cco02p2,,standard,8,estimated,DMOJ 12p,dp.basics.linear,dp.basics.linear,dynamic-programming|simple-math|via-dmoj-category,,,,,2026-09-19,2026-09-19
cco-2002-p3,Return To Blind Man's Bluff,cco,CCO 2002,2002,P3,dmoj,https://dmoj.ca/problem/cco02p3,,standard,8,estimated,DMOJ 12p,search.exhaustive.backtracking,search.exhaustive.backtracking,implementation|interactive|recursion|via-dmoj-category,,,,,2026-09-19,2026-09-19
cco-2002-p4,Duathlon,cco,CCO 2002,2002,P4,dmoj,https://dmoj.ca/problem/cco02p4,,standard,6,estimated,DMOJ 10p,adhoc.simulation.direct,adhoc.simulation.direct,implementation|via-dmoj-types,,,,,2026-09-19,2026-09-19
cco-2002-p5,Connect The Campus,cco,CCO 2002,2002,P5,dmoj,https://dmoj.ca/problem/cco02p5,,standard,8,estimated,DMOJ 12p,graphs.traversal.dfs,graphs.traversal.dfs,graph-theory|via-dmoj-category,,,,,2026-09-19,2026-09-19
cco-2002-p6,Pit Stop Strategy,cco,CCO 2002,2002,P6,dmoj,https://dmoj.ca/problem/cco02p6,,standard,8,estimated,DMOJ 12p,dp.basics.linear,dp.basics.linear,dynamic-programming|simple-math|via-dmoj-category,,,,,2026-09-19,2026-09-19
cco-2003-p1,BFed,cco,CCO 2003,2003,P1,dmoj,https://dmoj.ca/problem/cco03p1,,standard,6,estimated,DMOJ 10p,adhoc.simulation.direct,adhoc.simulation.direct,implementation|via-dmoj-types,,,,,2026-09-19,2026-09-19
cco-2003-p2,Concentration Cards,cco,CCO 2003,2003,P2,dmoj,https://dmoj.ca/problem/cco03p2,,standard,8,estimated,DMOJ 15p,geometry.primitives.points,geometry.primitives.points,geometry|via-dmoj-category,,,,,2026-09-19,2026-09-19
cco-2003-p3,Cube,cco,CCO 2003,2003,P3,dmoj,https://dmoj.ca/problem/cco03p3,,standard,8,estimated,DMOJ 20p,graphs.traversal.dfs,graphs.traversal.dfs,ad-hoc|graph-theory|via-dmoj-category,,,,,2026-09-19,2026-09-19
cco-2003-p4,Constrained Permutations,cco,CCO 2003,2003,P4,dmoj,https://dmoj.ca/problem/cco03p4,,standard,6,estimated,DMOJ 5p,search.exhaustive.backtracking,search.exhaustive.backtracking,brute-force|via-dmoj-types,,,,,2026-09-19,2026-09-19
cco-2003-p5,Longest Substring,cco,CCO 2003,2003,P5,dmoj,https://dmoj.ca/problem/cco03p5,,standard,8,estimated,DMOJ 7p,adhoc.simulation.direct,adhoc.simulation.direct,implementation|via-dmoj-types,,,,,2026-09-19,2026-09-19
cco-2003-p6,Cheap Gas,cco,CCO 2003,2003,P6,dmoj,https://dmoj.ca/problem/cco03p6,,standard,8,estimated,DMOJ 20p,graphs.traversal.dfs,graphs.traversal.dfs,dynamic-programming|graph-theory|via-dmoj-category,,,,,2026-09-19,2026-09-19
cco-2004-p1,Scribble,cco,CCO 2004,2004,P1,dmoj,https://dmoj.ca/problem/cco04p1,,standard,6,estimated,DMOJ 5p,search.exhaustive.backtracking,search.exhaustive.backtracking,brute-force|implementation|via-dmoj-category,,,,,2026-09-19,2026-09-19
cco-2004-p2,Hockey Scores,cco,CCO 2004,2004,P2,dmoj,https://dmoj.ca/problem/cco04p2,,standard,8,estimated,DMOJ 12p,greedy.exchange.sorting_order,greedy.exchange.sorting_order,greedy-algorithms|via-dmoj-category,,,,,2026-09-19,2026-09-19
cco-2004-p3,S and K,cco,CCO 2004,2004,P3,dmoj,https://dmoj.ca/problem/cco04p3,,standard,8,estimated,DMOJ 15p,data_structures.range_query.segment_tree,data_structures.range_query.segment_tree,ad-hoc|data-structures|via-dmoj-category,,,,,2026-09-19,2026-09-19
cco-2004-p4,Return of Space Turtle,cco,CCO 2004,2004,P4,dmoj,https://dmoj.ca/problem/cco04p4,,standard,6,estimated,DMOJ 12p,geometry.primitives.points,geometry.primitives.points,brute-force|geometry|via-dmoj-category,,,,,2026-09-19,2026-09-19
cco-2004-p5,Jengaism,cco,CCO 2004,2004,P5,dmoj,https://dmoj.ca/problem/cco04p5,,standard,8,estimated,DMOJ 7p,adhoc.simulation.direct,adhoc.simulation.direct,ad-hoc|via-dmoj-category,,,,,2026-09-19,2026-09-19
cco-2004-p6,Orko,cco,CCO 2004,2004,P6,dmoj,https://dmoj.ca/problem/cco04p6,,standard,8,estimated,DMOJ 15p,dp.basics.linear,dp.basics.linear,dynamic-programming|via-dmoj-category,,,,,2026-09-19,2026-09-19
cco-2005-p1,Number Matrix,cco,CCO 2005,2005,P1,dmoj,https://dmoj.ca/problem/cco05p1,,standard,6,estimated,DMOJ 10p,graphs.traversal.dfs,graphs.traversal.dfs,brute-force|graph-theory|via-dmoj-category,,,,,2026-09-19,2026-09-19
cco-2005-p2,The Great Spamway Strike,cco,CCO 2005,2005,P2,dmoj,https://dmoj.ca/problem/cco05p2,,standard,8,estimated,DMOJ 20p,graphs.traversal.dfs,graphs.traversal.dfs,graph-theory|via-dmoj-category,,,,,2026-09-19,2026-09-19
cco-2005-p3,That's News To Me,cco,CCO 2005,2005,P3,dmoj,https://dmoj.ca/problem/cco05p3,,standard,8,estimated,DMOJ 20p,adhoc.constructive.interactive,adhoc.constructive.interactive,ad-hoc|implementation|interactive|via-dmoj-category,,,,,2026-09-19,2026-09-19
cco-2005-p4,Primed Sequences,cco,CCO 2005,2005,P4,dmoj,https://dmoj.ca/problem/cco05p4,,standard,6,estimated,DMOJ 12p,adhoc.simulation.direct,adhoc.simulation.direct,ad-hoc|via-dmoj-category,,,,,2026-09-19,2026-09-19
cco-2005-p5,Segments,cco,CCO 2005,2005,P5,dmoj,https://dmoj.ca/problem/cco05p5,,standard,8,estimated,DMOJ 10p,dp.basics.linear,dp.basics.linear,dynamic-programming|via-dmoj-category,,,,,2026-09-19,2026-09-19
cco-2005-p6,Windows,cco,CCO 2005,2005,P6,dmoj,https://dmoj.ca/problem/cco05p6,,standard,8,estimated,DMOJ 30p,data_structures.range_query.segment_tree,data_structures.range_query.segment_tree,data-structures|via-dmoj-category,,,,,2026-09-19,2026-09-19
cco-2006-p1,CN Tower,cco,CCO 2006,2006,P1,dmoj,https://dmoj.ca/problem/cco06p1,,standard,6,estimated,DMOJ 5p,adhoc.simulation.direct,adhoc.simulation.direct,implementation|via-dmoj-types,,,,,2026-09-19,2026-09-19
cco-2006-p2,R & J,cco,CCO 2006,2006,P2,dmoj,https://dmoj.ca/problem/cco06p2,,standard,8,estimated,DMOJ 10p,geometry.primitives.points,geometry.primitives.points,geometry|via-dmoj-category,,,,,2026-09-19,2026-09-19
cco-2006-p3,Codec,cco,CCO 2006,2006,P3,dmoj,https://dmoj.ca/problem/cco06p3,,standard,8,estimated,DMOJ 25p,data_structures.range_query.segment_tree,data_structures.range_query.segment_tree,ad-hoc|data-structures|string-algorithms|via-dmoj-category,,,,,2026-09-19,2026-09-19
cco-2006-p4,CN Tower 2,cco,CCO 2006,2006,P4,dmoj,https://dmoj.ca/problem/cco06p4,,standard,6,estimated,DMOJ 30p,adhoc.simulation.direct,adhoc.simulation.direct,ad-hoc|via-dmoj-category,,,,,2026-09-19,2026-09-19
cco-2006-p5,Domino,cco,CCO 2006,2006,P5,dmoj,https://dmoj.ca/problem/cco06p5,,standard,8,estimated,DMOJ 30p,graphs.traversal.dfs,graphs.traversal.dfs,graph-theory|via-dmoj-category,,,,,2026-09-19,2026-09-19
cco-2006-p6,Paint by Numbers,cco,CCO 2006,2006,P6,dmoj,https://dmoj.ca/problem/cco06p6,,standard,8,estimated,DMOJ 40p,adhoc.simulation.direct,adhoc.simulation.direct,ad-hoc|via-dmoj-category,,,,,2026-09-19,2026-09-19
cco-2007-p1,Cows,cco,CCO 2007,2007,P1,dmoj,https://dmoj.ca/problem/cco07p1,,standard,6,estimated,DMOJ 10p,geometry.primitives.points,geometry.primitives.points,geometry|via-dmoj-category,,,,,2026-09-19,2026-09-19
cco-2007-p2,Snowflakes,cco,CCO 2007,2007,P2,dmoj,https://dmoj.ca/problem/cco07p2,,standard,8,estimated,DMOJ 10p,adhoc.simulation.direct,adhoc.simulation.direct,implementation|via-dmoj-types,,,,,2026-09-19,2026-09-19
cco-2007-p3,Bowling for Numbers++,cco,CCO 2007,2007,P3,dmoj,https://dmoj.ca/problem/cco07p3,,standard,8,estimated,DMOJ 20p,dp.basics.linear,dp.basics.linear,dynamic-programming|via-dmoj-category,,,,,2026-09-19,2026-09-19
cco-2007-p4,Gerrymandering,cco,CCO 2007,2007,P4,dmoj,https://dmoj.ca/problem/cco07p4,,standard,6,estimated,DMOJ 20p,dp.basics.linear,dp.basics.linear,dynamic-programming|via-dmoj-category,,,,,2026-09-19,2026-09-19
cco-2007-p5,Particle Catcher,cco,CCO 2007,2007,P5,dmoj,https://dmoj.ca/problem/cco07p5,,standard,8,estimated,DMOJ 30p,adhoc.simulation.direct,adhoc.simulation.direct,ad-hoc|via-dmoj-category,,,,,2026-09-19,2026-09-19
cco-2007-p6,Road Construction,cco,CCO 2007,2007,P6,dmoj,https://dmoj.ca/problem/cco07p6,,standard,8,estimated,DMOJ 20p,graphs.traversal.dfs,graphs.traversal.dfs,graph-theory|via-dmoj-category,,,,,2026-09-19,2026-09-19
cco-2008-p1,Moving Day,cco,CCO 2008,2008,P1,dmoj,https://dmoj.ca/problem/cco08p1,,standard,6,estimated,DMOJ 7p,greedy.exchange.sorting_order,greedy.exchange.sorting_order,greedy-algorithms|via-dmoj-category,,,,,2026-09-19,2026-09-19
cco-2008-p2,King & Weber,cco,CCO 2008,2008,P2,dmoj,https://dmoj.ca/problem/cco08p2,,standard,8,estimated,DMOJ 10p,graphs.traversal.dfs,graphs.traversal.dfs,graph-theory|via-dmoj-category,,,,,2026-09-19,2026-09-19
cco-2008-p3,Mobile,cco,CCO 2008,2008,P3,dmoj,https://dmoj.ca/problem/cco08p3,,standard,8,estimated,DMOJ 17p,graphs.traversal.dfs,graphs.traversal.dfs,graph-theory|via-dmoj-category,,,,,2026-09-19,2026-09-19
cco-2008-p4,Herding,cco,CCO 2008,2008,P4,dmoj,https://dmoj.ca/problem/cco08p4,,standard,6,estimated,DMOJ 10p,graphs.traversal.dfs,graphs.traversal.dfs,graph-theory|via-dmoj-category,,,,,2026-09-19,2026-09-19
cco-2008-p5,Candy,cco,CCO 2008,2008,P5,dmoj,https://dmoj.ca/problem/cco08p5,,standard,8,estimated,DMOJ 7p,dp.basics.linear,dp.basics.linear,dynamic-programming|via-dmoj-category,,,,,2026-09-19,2026-09-19
cco-2008-p6,Landing,cco,CCO 2008,2008,P6,dmoj,https://dmoj.ca/problem/cco08p6,,standard,8,estimated,DMOJ 45p,geometry.primitives.points,geometry.primitives.points,geometry|via-dmoj-category,,,,,2026-09-19,2026-09-19
cco-2009-p1,Invasion of the Boxes,cco,CCO 2009,2009,P1,dmoj,https://dmoj.ca/problem/cco09p1,,standard,6,estimated,DMOJ 20p,geometry.primitives.points,geometry.primitives.points,geometry|via-dmoj-category,,,,,2026-09-19,2026-09-19
cco-2009-p2,Dinner,cco,CCO 2009,2009,P2,dmoj,https://dmoj.ca/problem/cco09p2,,standard,8,estimated,DMOJ 20p,dp.basics.linear,dp.basics.linear,dynamic-programming|via-dmoj-category,,,,,2026-09-19,2026-09-19
cco-2009-p3,Beware the Geoducks,cco,CCO 2009,2009,P3,dmoj,https://dmoj.ca/problem/cco09p3,,standard,8,estimated,DMOJ 10p,graphs.traversal.dfs,graphs.traversal.dfs,graph-theory|via-dmoj-category,,,,,2026-09-19,2026-09-19
cco-2009-p4,Bottle Caps,cco,CCO 2009,2009,P4,dmoj,https://dmoj.ca/problem/cco09p4,,standard,6,estimated,DMOJ 20p,search.binary_search.on_answer,search.binary_search.on_answer,divide-and-conquer|via-dmoj-category,,,,,2026-09-19,2026-09-19
cco-2009-p5,Parade,cco,CCO 2009,2009,P5,dmoj,https://dmoj.ca/problem/cco09p5,,standard,8,estimated,DMOJ 17p,data_structures.range_query.segment_tree,data_structures.range_query.segment_tree,data-structures|via-dmoj-category,,,,,2026-09-19,2026-09-19
cco-2009-p6,A Weighty Problem,cco,CCO 2009,2009,P6,dmoj,https://dmoj.ca/problem/cco09p6,,standard,8,estimated,DMOJ 12p,dp.basics.linear,dp.basics.linear,dynamic-programming|via-dmoj-category,,,,,2026-09-19,2026-09-19
cco-2010-p1,Barking Dogs!,cco,CCO 2010,2010,P1,dmoj,https://dmoj.ca/problem/cco10p1,,standard,6,estimated,DMOJ 10p,adhoc.simulation.direct,adhoc.simulation.direct,simulation|via-dmoj-types,,,,,2026-09-19,2026-09-19
cco-2010-p2,Tree Pruning,cco,CCO 2010,2010,P2,dmoj,https://dmoj.ca/problem/cco10p2,,standard,8,estimated,DMOJ 15p,dp.basics.linear,dp.basics.linear,dynamic-programming|via-dmoj-category,,,,,2026-09-19,2026-09-19
cco-2010-p3,Wowow,cco,CCO 2010,2010,P3,dmoj,https://dmoj.ca/problem/cco10p3,,standard,8,estimated,DMOJ 15p,data_structures.range_query.segment_tree,data_structures.range_query.segment_tree,data-structures|via-dmoj-category,,,,,2026-09-19,2026-09-19
cco-2010-p4,Computer Purchase Return,cco,CCO 2010,2010,P4,dmoj,https://dmoj.ca/problem/cco10p4,,standard,6,estimated,DMOJ 10p,dp.basics.linear,dp.basics.linear,dynamic-programming|via-dmoj-category,,,,,2026-09-19,2026-09-19
cco-2010-p5,Space Miner,cco,CCO 2010,2010,P5,dmoj,https://dmoj.ca/problem/cco10p5,,standard,8,estimated,DMOJ 15p,geometry.primitives.points,geometry.primitives.points,geometry|via-dmoj-category,,,,,2026-09-19,2026-09-19
cco-2010-p6,Shuffle,cco,CCO 2010,2010,P6,dmoj,https://dmoj.ca/problem/cco10p6,,standard,8,estimated,DMOJ 10p,adhoc.simulation.direct,adhoc.simulation.direct,implementation|via-dmoj-types,,,,,2026-09-19,2026-09-19
cco-2011-p1,Putnam,cco,CCO 2011,2011,P1,dmoj,https://dmoj.ca/problem/cco11p1,,standard,6,estimated,DMOJ 7p,adhoc.simulation.direct,adhoc.simulation.direct,simple-math|via-dmoj-category,,,,,2026-09-19,2026-09-19
cco-2011-p2,Vampire Tunnels,cco,CCO 2011,2011,P2,dmoj,https://dmoj.ca/problem/cco11p2,,standard,8,estimated,DMOJ 15p,graphs.traversal.dfs,graphs.traversal.dfs,graph-theory|via-dmoj-category,,,,,2026-09-19,2026-09-19
cco-2011-p3,Spies Like Us,cco,CCO 2011,2011,P3,dmoj,https://dmoj.ca/problem/cco11p3,,standard,8,estimated,DMOJ 10p,graphs.traversal.dfs,graphs.traversal.dfs,graph-theory|via-dmoj-category,,,,,2026-09-19,2026-09-19
cco-2011-p4,Reorganization,cco,CCO 2011,2011,P4,dmoj,https://dmoj.ca/problem/cco11p4,,standard,6,estimated,DMOJ 7p,data_structures.range_query.segment_tree,data_structures.range_query.segment_tree,data-structures|greedy-algorithms|via-dmoj-category,,,,,2026-09-19,2026-09-19
cco-2011-p5,Fixing Disks,cco,CCO 2011,2011,P5,dmoj,https://dmoj.ca/problem/cco11p5,,standard,8,estimated,DMOJ 40p,adhoc.simulation.direct,adhoc.simulation.direct,ad-hoc|via-dmoj-category,,,,,2026-09-19,2026-09-19
cco-2011-p6,Biggest (Zero Carbon) Footprint,cco,CCO 2011,2011,P6,dmoj,https://dmoj.ca/problem/cco11p6,,standard,8,estimated,DMOJ 15p,greedy.exchange.sorting_order,greedy.exchange.sorting_order,greedy-algorithms|via-dmoj-category,,,,,2026-09-19,2026-09-19
cco-2012-p1,Choose Your Own Arithmetic,cco,CCO 2012,2012,P1,dmoj,https://dmoj.ca/problem/cco12p1,,standard,6,estimated,DMOJ 7p,search.exhaustive.backtracking,search.exhaustive.backtracking,brute-force|via-dmoj-types,,,,,2026-09-19,2026-09-19
cco-2012-p2,The Hungary Games,cco,CCO 2012,2012,P2,dmoj,https://dmoj.ca/problem/cco12p2,,standard,8,estimated,DMOJ 15p,graphs.traversal.dfs,graphs.traversal.dfs,graph-theory|via-dmoj-category,,,,,2026-09-19,2026-09-19
cco-2012-p3,Mhocskian Languages,cco,CCO 2012,2012,P3,dmoj,https://dmoj.ca/problem/cco12p3,,standard,8,estimated,DMOJ 20p,dp.basics.linear,dp.basics.linear,dynamic-programming|via-dmoj-category,,,,,2026-09-19,2026-09-19
cco-2012-p4,Editor Distance,cco,CCO 2012,2012,P4,dmoj,https://dmoj.ca/problem/cco12p4,,standard,6,estimated,DMOJ 10p,graphs.traversal.dfs,graphs.traversal.dfs,graph-theory|via-dmoj-category,,,,,2026-09-19,2026-09-19
cco-2012-p5,Sample Size,cco,CCO 2012,2012,P5,dmoj,https://dmoj.ca/problem/cco12p5,,standard,8,estimated,DMOJ 7p,adhoc.simulation.direct,adhoc.simulation.direct,simple-math|via-dmoj-category,,,,,2026-09-19,2026-09-19
cco-2012-p6,The Winds Of War,cco,CCO 2012,2012,P6,dmoj,https://dmoj.ca/problem/cco12p6,,standard,8,estimated,DMOJ 12p,geometry.primitives.points,geometry.primitives.points,geometry|via-dmoj-category,,,,,2026-09-19,2026-09-19
cco-2013-p1,All Your Base Belong to Palindromes,cco,CCO 2013,2013,P1,dmoj,https://dmoj.ca/problem/cco13p1,,standard,6,estimated,DMOJ 10p,math.algebra.modular_arithmetic,math.algebra.modular_arithmetic,intermediate-math|via-dmoj-category,,,,,2026-09-19,2026-09-19
cco-2013-p2,Tourney,cco,CCO 2013,2013,P2,dmoj,https://dmoj.ca/problem/cco13p2,,standard,8,estimated,DMOJ 12p,data_structures.range_query.segment_tree,data_structures.range_query.segment_tree,data-structures|via-dmoj-category,,,,,2026-09-19,2026-09-19
cco-2013-p3,LHC,cco,CCO 2013,2013,P3,dmoj,https://dmoj.ca/problem/cco13p3,,standard,8,estimated,DMOJ 12p,graphs.traversal.dfs,graphs.traversal.dfs,graph-theory|via-dmoj-category,,,,,2026-09-19,2026-09-19
cco-2013-p4,A Romantic Movie Outing,cco,CCO 2013,2013,P4,dmoj,https://dmoj.ca/problem/cco13p4,,standard,6,estimated,DMOJ 20p,data_structures.range_query.segment_tree,data_structures.range_query.segment_tree,data-structures|via-dmoj-category,,,,,2026-09-19,2026-09-19
cco-2013-p5,Transforming Comets,cco,CCO 2013,2013,P5,dmoj,https://dmoj.ca/problem/cco13p5,,standard,8,estimated,DMOJ 15p,geometry.primitives.points,geometry.primitives.points,advanced-math|geometry|string-algorithms|via-dmoj-category,,,,,2026-09-19,2026-09-19
cco-2013-p6,Repetitivity,cco,CCO 2013,2013,P6,dmoj,https://dmoj.ca/problem/cco13p6,,standard,8,estimated,DMOJ 25p,dp.basics.linear,dp.basics.linear,dynamic-programming|via-dmoj-category,,,,,2026-09-19,2026-09-19
cco-2014-p1,Troyangles,cco,CCO 2014,2014,P1,dmoj,https://dmoj.ca/problem/cco14p1,,standard,6,estimated,DMOJ 10p,dp.basics.linear,dp.basics.linear,dynamic-programming|geometry|via-dmoj-category,,,,,2026-09-19,2026-09-19
cco-2014-p2,King Gruff,cco,CCO 2014,2014,P2,dmoj,https://dmoj.ca/problem/cco14p2,,standard,8,estimated,DMOJ 15p,graphs.traversal.dfs,graphs.traversal.dfs,graph-theory|via-dmoj-category,,,,,2026-09-19,2026-09-19
cco-2014-p3,Werewolf,cco,CCO 2014,2014,P3,dmoj,https://dmoj.ca/problem/cco14p3,,standard,8,estimated,DMOJ 17p,dp.basics.linear,dp.basics.linear,dynamic-programming|via-dmoj-category,,,,,2026-09-19,2026-09-19
cco-2014-p4,Where's That Fuel?,cco,CCO 2014,2014,P4,dmoj,https://dmoj.ca/problem/cco14p4,,standard,6,estimated,DMOJ 7p,greedy.exchange.sorting_order,greedy.exchange.sorting_order,greedy-algorithms|via-dmoj-category,,,,,2026-09-19,2026-09-19
cco-2014-p5,Early Exam Evacuation,cco,CCO 2014,2014,P5,dmoj,https://dmoj.ca/problem/cco14p5,,standard,8,estimated,DMOJ 20p,data_structures.range_query.segment_tree,data_structures.range_query.segment_tree,ad-hoc|data-structures|via-dmoj-category,,,,,2026-09-19,2026-09-19
cco-2014-p6,Gates,cco,CCO 2014,2014,P6,dmoj,https://dmoj.ca/problem/cco14p6,,standard,8,estimated,DMOJ 40p,graphs.traversal.dfs,graphs.traversal.dfs,ad-hoc|graph-theory|via-dmoj-category,,,,,2026-09-19,2026-09-19
cco-2015-p1,Hungry Fox,cco,CCO 2015,2015,P1,dmoj,https://dmoj.ca/problem/cco15p1,,standard,6,estimated,DMOJ 15p,greedy.exchange.sorting_order,greedy.exchange.sorting_order,greedy-algorithms|via-dmoj-category,,,,,2026-09-19,2026-09-19
cco-2015-p2,Artskjid,cco,CCO 2015,2015,P2,dmoj,https://dmoj.ca/problem/cco15p2,,standard,8,estimated,DMOJ 15p,graphs.traversal.dfs,graphs.traversal.dfs,dynamic-programming|graph-theory|via-dmoj-category,,,,,2026-09-19,2026-09-19
cco-2015-p3,Solar Flight,cco,CCO 2015,2015,P3,dmoj,https://dmoj.ca/problem/cco15p3,,standard,8,estimated,DMOJ 20p,data_structures.range_query.segment_tree,data_structures.range_query.segment_tree,data-structures|geometry|via-dmoj-category,,,,,2026-09-19,2026-09-19
cco-2015-p4,Cars on Ice,cco,CCO 2015,2015,P4,dmoj,https://dmoj.ca/problem/cco15p4,,standard,6,estimated,DMOJ 10p,graphs.traversal.dfs,graphs.traversal.dfs,graph-theory|via-dmoj-category,,,,,2026-09-19,2026-09-19
cco-2015-p5,Timpanist,cco,CCO 2015,2015,P5,dmoj,https://dmoj.ca/problem/cco15p5,,standard,8,estimated,DMOJ 20p,dp.basics.linear,dp.basics.linear,dynamic-programming|via-dmoj-category,,,,,2026-09-19,2026-09-19
cco-2015-p6,Eggscavation,cco,CCO 2015,2015,P6,dmoj,https://dmoj.ca/problem/cco15p6,,standard,8,estimated,DMOJ 30p,data_structures.range_query.segment_tree,data_structures.range_query.segment_tree,data-structures|via-dmoj-category,,,,,2026-09-19,2026-09-19
cco-2016-p1,Field Trip,cco,CCO 2016,2016,P1,dmoj,https://dmoj.ca/problem/cco16p1,,standard,6,estimated,DMOJ 10p,graphs.traversal.dfs,graphs.traversal.dfs,graph-theory|via-dmoj-category,,,,,2026-09-19,2026-09-19
cco-2016-p2,Splitting Hares,cco,CCO 2016,2016,P2,dmoj,https://dmoj.ca/problem/cco16p2,,standard,8,estimated,DMOJ 15p,geometry.primitives.points,geometry.primitives.points,geometry|via-dmoj-category,,,,,2026-09-19,2026-09-19
cco-2016-p3,Legends,cco,CCO 2016,2016,P3,dmoj,https://dmoj.ca/problem/cco16p3,,standard,8,estimated,DMOJ 30p,graphs.traversal.dfs,graphs.traversal.dfs,graph-theory|via-dmoj-category,,,,,2026-09-19,2026-09-19
cco-2016-p4,O Canada,cco,CCO 2016,2016,P4,dmoj,https://dmoj.ca/problem/cco16p4,,standard,6,estimated,DMOJ 10p,adhoc.simulation.direct,adhoc.simulation.direct,ad-hoc|via-dmoj-category,,,,,2026-09-19,2026-09-19
cco-2016-p5,Zombie Apocalypse,cco,CCO 2016,2016,P5,dmoj,https://dmoj.ca/problem/cco16p5,,standard,8,estimated,DMOJ 15p,data_structures.range_query.segment_tree,data_structures.range_query.segment_tree,data-structures|geometry|via-dmoj-category,,,,,2026-09-19,2026-09-19
cco-2016-p6,Pirates,cco,CCO 2016,2016,P6,dmoj,https://dmoj.ca/problem/cco16p6,,standard,8,estimated,DMOJ 25p,data_structures.range_query.segment_tree,data_structures.range_query.segment_tree,data-structures|via-dmoj-category,,,,,2026-09-19,2026-09-19
cco-2017-p1,Vera and Trail Building,cco,CCO 2017,2017,P1,dmoj,https://dmoj.ca/problem/cco17p1,,standard,6,estimated,DMOJ 7p,graphs.traversal.dfs,graphs.traversal.dfs,graph-theory|greedy-algorithms|via-dmoj-category,,,,,2026-09-19,2026-09-19
cco-2017-p2,Cartesian Conquest,cco,CCO 2017,2017,P2,dmoj,https://dmoj.ca/problem/cco17p2,,standard,8,estimated,DMOJ 20p,greedy.exchange.sorting_order,greedy.exchange.sorting_order,greedy-algorithms|via-dmoj-category,,,,,2026-09-19,2026-09-19
cco-2017-p3,Vera and Modern Art,cco,CCO 2017,2017,P3,dmoj,https://dmoj.ca/problem/cco17p3,,standard,8,estimated,DMOJ 30p,data_structures.range_query.segment_tree,data_structures.range_query.segment_tree,data-structures|intermediate-math|via-dmoj-category,,,,,2026-09-19,2026-09-19
cco-2017-p4,Rainfall Storage,cco,CCO 2017,2017,P4,dmoj,https://dmoj.ca/problem/cco17p4,,standard,6,estimated,DMOJ 20p,dp.basics.linear,dp.basics.linear,dynamic-programming|via-dmoj-category,,,,,2026-09-19,2026-09-19
cco-2017-p5,Professional Network,cco,CCO 2017,2017,P5,dmoj,https://dmoj.ca/problem/cco17p5,,standard,8,estimated,DMOJ 20p,greedy.exchange.sorting_order,greedy.exchange.sorting_order,greedy-algorithms|via-dmoj-category,,,,,2026-09-19,2026-09-19
cco-2017-p6,Shifty Grid,cco,CCO 2017,2017,P6,dmoj,https://dmoj.ca/problem/cco17p6,,standard,8,estimated,DMOJ 30p,adhoc.simulation.direct,adhoc.simulation.direct,ad-hoc|via-dmoj-category,,,,,2026-09-19,2026-09-19
cco-2018-p1,Geese vs. Hawks,cco,CCO 2018,2018,P1,dmoj,https://dmoj.ca/problem/cco18p1,,standard,6,estimated,DMOJ 10p,dp.basics.linear,dp.basics.linear,dynamic-programming|via-dmoj-category,,,,,2026-09-19,2026-09-19
cco-2018-p2,Wrong Answer,cco,CCO 2018,2018,P2,dmoj,https://dmoj.ca/problem/cco18p2,,standard,8,estimated,DMOJ 12p,adhoc.simulation.direct,adhoc.simulation.direct,implementation|via-dmoj-types,,,,,2026-09-19,2026-09-19
cco-2018-p3,Fun Palace,cco,CCO 2018,2018,P3,dmoj,https://dmoj.ca/problem/cco18p3,,standard,8,estimated,DMOJ 30p,dp.basics.linear,dp.basics.linear,dynamic-programming|via-dmoj-category,,,,,2026-09-19,2026-09-19
cco-2018-p4,Gradient Descent,cco,CCO 2018,2018,P4,dmoj,https://dmoj.ca/problem/cco18p4,,standard,6,estimated,DMOJ 15p,adhoc.constructive.interactive,adhoc.constructive.interactive,implementation|interactive|via-dmoj-category,,,,,2026-09-19,2026-09-19
cco-2018-p5,Boring Lectures,cco,CCO 2018,2018,P5,dmoj,https://dmoj.ca/problem/cco18p5,,standard,8,estimated,DMOJ 20p,data_structures.range_query.segment_tree,data_structures.range_query.segment_tree,data-structures|via-dmoj-category,,,,,2026-09-19,2026-09-19
cco-2018-p6,Flop Sorting,cco,CCO 2018,2018,P6,dmoj,https://dmoj.ca/problem/cco18p6,,standard,8,estimated,DMOJ 30p,search.binary_search.on_answer,search.binary_search.on_answer,divide-and-conquer|via-dmoj-category,,,,,2026-09-19,2026-09-19
cco-2019-p1,Human Error,cco,CCO 2019,2019,P1,dmoj,https://dmoj.ca/problem/cco19p1,,standard,6,estimated,DMOJ 10p,dp.basics.linear,dp.basics.linear,brute-force|dynamic-programming|game-theory|intermediate-math|recursion|simulation|via-dmoj-category,,,,,2026-09-19,2026-09-19
cco-2019-p2,Sirtet,cco,CCO 2019,2019,P2,dmoj,https://dmoj.ca/problem/cco19p2,,standard,8,estimated,DMOJ 20p,graphs.traversal.dfs,graphs.traversal.dfs,graph-theory|simulation|via-dmoj-category,,,,,2026-09-19,2026-09-19
cco-2019-p3,Winter Driving,cco,CCO 2019,2019,P3,dmoj,https://dmoj.ca/problem/cco19p3,,standard,8,estimated,DMOJ 30p,graphs.traversal.dfs,graphs.traversal.dfs,divide-and-conquer|dynamic-programming|graph-theory|via-dmoj-category,,,,,2026-09-19,2026-09-19
cco-2019-p4,Card Scoring,cco,CCO 2019,2019,P4,dmoj,https://dmoj.ca/problem/cco19p4,,standard,6,estimated,DMOJ 25p,dp.basics.linear,dp.basics.linear,dynamic-programming|via-dmoj-category,,,,,2026-09-19,2026-09-19
cco-2019-p5,Marshmallow Molecules,cco,CCO 2019,2019,P5,dmoj,https://dmoj.ca/problem/cco19p5,,standard,8,estimated,DMOJ 15p,graphs.traversal.dfs,graphs.traversal.dfs,data-structures|graph-theory|via-dmoj-category,,,,,2026-09-19,2026-09-19
cco-2019-p6,Bad Codes,cco,CCO 2019,2019,P6,dmoj,https://dmoj.ca/problem/cco19p6,,standard,8,estimated,DMOJ 20p,graphs.traversal.dfs,graphs.traversal.dfs,graph-theory|via-dmoj-category,,,,,2026-09-19,2026-09-19
cco-2020-p1,A Game with Grundy,cco,CCO 2020,2020,P1,dmoj,https://dmoj.ca/problem/cco20p1,,standard,6,estimated,DMOJ 10p,geometry.primitives.points,geometry.primitives.points,geometry|via-dmoj-category,,,,,2026-09-19,2026-09-19
cco-2020-p2,Exercise Deadlines,cco,CCO 2020,2020,P2,dmoj,https://dmoj.ca/problem/cco20p2,,standard,8,estimated,DMOJ 15p,data_structures.range_query.segment_tree,data_structures.range_query.segment_tree,data-structures|greedy-algorithms|via-dmoj-category,,,,,2026-09-19,2026-09-19
cco-2020-p3,Mountains and Valleys,cco,CCO 2020,2020,P3,dmoj,https://dmoj.ca/problem/cco20p3,,standard,8,estimated,DMOJ 35p,graphs.traversal.dfs,graphs.traversal.dfs,graph-theory|via-dmoj-category,,,,,2026-09-19,2026-09-19
cco-2020-p4,Travelling Salesperson,cco,CCO 2020,2020,P4,dmoj,https://dmoj.ca/problem/cco20p4,,standard,6,estimated,DMOJ 25p,graphs.traversal.dfs,graphs.traversal.dfs,graph-theory|via-dmoj-category,,,,,2026-09-19,2026-09-19
cco-2020-p5,Interval Collection,cco,CCO 2020,2020,P5,dmoj,https://dmoj.ca/problem/cco20p5,,standard,8,estimated,DMOJ 25p,data_structures.range_query.segment_tree,data_structures.range_query.segment_tree,data-structures|via-dmoj-category,,,,,2026-09-19,2026-09-19
cco-2020-p6,Shopping Plans,cco,CCO 2020,2020,P6,dmoj,https://dmoj.ca/problem/cco20p6,,standard,8,estimated,DMOJ 30p,adhoc.simulation.direct,adhoc.simulation.direct,ad-hoc|via-dmoj-category,,,,,2026-09-19,2026-09-19
cco-2021-p1,Swap Swap Sort,cco,CCO 2021,2021,P1,dmoj,https://dmoj.ca/problem/cco21p1,,standard,6,estimated,DMOJ 17p,data_structures.range_query.segment_tree,data_structures.range_query.segment_tree,data-structures|via-dmoj-category,,,,,2026-09-19,2026-09-19
cco-2021-p2,Weird Numeral System,cco,CCO 2021,2021,P2,dmoj,https://dmoj.ca/problem/cco21p2,,standard,8,estimated,DMOJ 17p,math.algebra.modular_arithmetic,math.algebra.modular_arithmetic,intermediate-math|via-dmoj-category,,,,,2026-09-19,2026-09-19
cco-2021-p3,Through Another Maze Darkly,cco,CCO 2021,2021,P3,dmoj,https://dmoj.ca/problem/cco21p3,,standard,8,estimated,DMOJ 25p,graphs.traversal.dfs,graphs.traversal.dfs,data-structures|graph-theory|via-dmoj-category,,,,,2026-09-19,2026-09-19
cco-2021-p4,Travelling Merchant,cco,CCO 2021,2021,P4,dmoj,https://dmoj.ca/problem/cco21p4,,standard,6,estimated,DMOJ 25p,graphs.traversal.dfs,graphs.traversal.dfs,graph-theory|via-dmoj-category,,,,,2026-09-19,2026-09-19
cco-2021-p5,Bread First Search,cco,CCO 2021,2021,P5,dmoj,https://dmoj.ca/problem/cco21p5,,standard,8,estimated,DMOJ 20p,dp.basics.linear,dp.basics.linear,dynamic-programming|via-dmoj-category,,,,,2026-09-19,2026-09-19
cco-2021-p6,Loop Town,cco,CCO 2021,2021,P6,dmoj,https://dmoj.ca/problem/cco21p6,,standard,8,estimated,DMOJ 50p,data_structures.range_query.segment_tree,data_structures.range_query.segment_tree,ad-hoc|data-structures|via-dmoj-category,,,,,2026-09-19,2026-09-19
cco-2022-p1,Alternating Heights,cco,CCO 2022,2022,P1,dmoj,https://dmoj.ca/problem/cco22p1,,standard,6,estimated,DMOJ 12p,graphs.traversal.dfs,graphs.traversal.dfs,graph-theory|via-dmoj-category,,,,,2026-09-19,2026-09-19
cco-2022-p2,Rainy Markets,cco,CCO 2022,2022,P2,dmoj,https://dmoj.ca/problem/cco22p2,,standard,8,estimated,DMOJ 17p,dp.basics.linear,dp.basics.linear,dynamic-programming|greedy-algorithms|via-dmoj-category,,,,,2026-09-19,2026-09-19
cco-2022-p3,Double Attendance,cco,CCO 2022,2022,P3,dmoj,https://dmoj.ca/problem/cco22p3,,standard,8,estimated,DMOJ 25p,graphs.traversal.dfs,graphs.traversal.dfs,dynamic-programming|graph-theory|via-dmoj-category,,,,,2026-09-19,2026-09-19
cco-2022-p4,Bi-ing Lottery Treekets,cco,CCO 2022,2022,P4,dmoj,https://dmoj.ca/problem/cco22p4,,standard,6,estimated,DMOJ 20p,graphs.traversal.dfs,graphs.traversal.dfs,dynamic-programming|graph-theory|intermediate-math|via-dmoj-category,,,,,2026-09-19,2026-09-19
cco-2022-p5,Phone Plans,cco,CCO 2022,2022,P5,dmoj,https://dmoj.ca/problem/cco22p5,,standard,8,estimated,DMOJ 20p,graphs.traversal.dfs,graphs.traversal.dfs,data-structures|graph-theory|via-dmoj-category,,,,,2026-09-19,2026-09-19
cco-2022-p6,Good Game,cco,CCO 2022,2022,P6,dmoj,https://dmoj.ca/problem/cco22p6,,standard,8,estimated,DMOJ 35p,dp.basics.linear,dp.basics.linear,constructive|dynamic-programming|via-dmoj-category,,,,,2026-09-19,2026-09-19
cco-2023-p1,Binaria,cco,CCO 2023,2023,P1,dmoj,https://dmoj.ca/problem/cco23p1,,standard,6,estimated,DMOJ 12p,math.algebra.modular_arithmetic,math.algebra.modular_arithmetic,implementation|intermediate-math|via-dmoj-category,,,,,2026-09-19,2026-09-19
cco-2023-p2,Real Mountains,cco,CCO 2023,2023,P2,dmoj,https://dmoj.ca/problem/cco23p2,,standard,8,estimated,DMOJ 17p,data_structures.range_query.segment_tree,data_structures.range_query.segment_tree,data-structures|greedy-algorithms|via-dmoj-category,,,,,2026-09-19,2026-09-19
cco-2023-p3,Line Town,cco,CCO 2023,2023,P3,dmoj,https://dmoj.ca/problem/cco23p3,,standard,8,estimated,DMOJ 30p,dp.basics.linear,dp.basics.linear,ad-hoc|data-structures|dynamic-programming|via-dmoj-category,,,,,2026-09-19,2026-09-19
cco-2023-p4,Flip it and Stick it,cco,CCO 2023,2023,P4,dmoj,https://dmoj.ca/problem/cco23p4,,standard,6,estimated,DMOJ 17p,strings.matching.kmp,strings.matching.kmp,ad-hoc|string-algorithms|via-dmoj-category,,,,,2026-09-19,2026-09-19
cco-2023-p5,Travelling Trader,cco,CCO 2023,2023,P5,dmoj,https://dmoj.ca/problem/cco23p5,,standard,8,estimated,DMOJ 30p,graphs.traversal.dfs,graphs.traversal.dfs,dynamic-programming|graph-theory|via-dmoj-category,,,,,2026-09-19,2026-09-19
cco-2023-p6,Triangle Collection,cco,CCO 2023,2023,P6,dmoj,https://dmoj.ca/problem/cco23p6,,standard,8,estimated,DMOJ 25p,data_structures.range_query.segment_tree,data_structures.range_query.segment_tree,data-structures|greedy-algorithms|via-dmoj-category,,,,,2026-09-19,2026-09-19
cco-2024-p1,Treasure Hunt,cco,CCO 2024,2024,P1,dmoj,https://dmoj.ca/problem/cco24p1,,standard,6,estimated,DMOJ 10p,graphs.traversal.dfs,graphs.traversal.dfs,graph-theory|via-dmoj-category,,,,,2026-09-19,2026-09-19
cco-2024-p2,Pizza Party,cco,CCO 2024,2024,P2,dmoj,https://dmoj.ca/problem/cco24p2,,standard,8,estimated,DMOJ 10p,greedy.exchange.sorting_order,greedy.exchange.sorting_order,greedy-algorithms|via-dmoj-category,,,,,2026-09-19,2026-09-19
cco-2024-p3,Summer Driving,cco,CCO 2024,2024,P3,dmoj,https://dmoj.ca/problem/cco24p3,,standard,8,estimated,DMOJ 25p,graphs.traversal.dfs,graphs.traversal.dfs,data-structures|graph-theory|via-dmoj-category,,,,,2026-09-19,2026-09-19
cco-2024-p4,Infiltration,cco,CCO 2024,2024,P4,dmoj,https://dmoj.ca/problem/cco24p4,,standard,6,estimated,DMOJ 20p,graphs.traversal.dfs,graphs.traversal.dfs,graph-theory|via-dmoj-category,,,,,2026-09-19,2026-09-19
cco-2024-p5,Heavy Light Decomposition,cco,CCO 2024,2024,P5,dmoj,https://dmoj.ca/problem/cco24p5,,standard,8,estimated,DMOJ 20p,dp.basics.linear,dp.basics.linear,data-structures|dynamic-programming|via-dmoj-category,,,,,2026-09-19,2026-09-19
cco-2024-p6,Telephone Plans,cco,CCO 2024,2024,P6,dmoj,https://dmoj.ca/problem/cco24p6,,standard,8,estimated,DMOJ 30p,graphs.traversal.dfs,graphs.traversal.dfs,data-structures|graph-theory|via-dmoj-category,,,,,2026-09-19,2026-09-19
cco-2025-p1,Asteroid Mining,cco,CCO 2025,2025,P1,dmoj,https://dmoj.ca/problem/cco25p1,,standard,6,estimated,DMOJ 15p,greedy.exchange.sorting_order,greedy.exchange.sorting_order,greedy-algorithms|via-dmoj-category,,,,,2026-09-19,2026-09-19
cco-2025-p2,Tree Decorations,cco,CCO 2025,2025,P2,dmoj,https://dmoj.ca/problem/cco25p2,,standard,8,estimated,DMOJ 17p,graphs.traversal.dfs,graphs.traversal.dfs,graph-theory|via-dmoj-category,,,,,2026-09-19,2026-09-19
cco-2025-p3,Balanced Integer,cco,CCO 2025,2025,P3,dmoj,https://dmoj.ca/problem/cco25p3,,standard,8,estimated,DMOJ 25p,math.algebra.modular_arithmetic,math.algebra.modular_arithmetic,advanced-math|via-dmoj-category,,,,,2026-09-19,2026-09-19
cco-2025-p4,Restaurant Recommendation Rescue,cco,CCO 2025,2025,P4,dmoj,https://dmoj.ca/problem/cco25p4,,standard,6,estimated,DMOJ 17p,graphs.traversal.dfs,graphs.traversal.dfs,data-structures|graph-theory|via-dmoj-category,,,,,2026-09-19,2026-09-19
cco-2025-p5,Patrol Robot,cco,CCO 2025,2025,P5,dmoj,https://dmoj.ca/problem/cco25p5,,standard,8,estimated,DMOJ 25p,geometry.primitives.points,geometry.primitives.points,constructive|geometry|via-dmoj-category,,,,,2026-09-19,2026-09-19
cco-2025-p6,Shopping Deals,cco,CCO 2025,2025,P6,dmoj,https://dmoj.ca/problem/cco25p6,,standard,8,estimated,DMOJ 35p,data_structures.range_query.segment_tree,data_structures.range_query.segment_tree,data-structures|via-dmoj-category,,,,,2026-09-19,2026-09-19
cco-2026-p1,Waterloo Tag,cco,CCO 2026,2026,P1,dmoj,https://dmoj.ca/problem/cco26p1,,standard,6,estimated,DMOJ 15p,graphs.traversal.dfs,graphs.traversal.dfs,graph-theory|simple-math|via-dmoj-category,,,,,2026-09-19,2026-09-19
cco-2026-p2,Melborp,cco,CCO 2026,2026,P2,dmoj,https://dmoj.ca/problem/cco26p2,,standard,8,estimated,DMOJ 15p,search.exhaustive.backtracking,search.exhaustive.backtracking,constructive|recursion|via-dmoj-category,,,,,2026-09-19,2026-09-19
cco-2026-p3,Beyond Counting,cco,CCO 2026,2026,P3,dmoj,https://dmoj.ca/problem/cco26p3,,standard,8,estimated,DMOJ 30p,graphs.traversal.dfs,graphs.traversal.dfs,data-structures|graph-theory|via-dmoj-category,,,,,2026-09-19,2026-09-19
cco-2026-p4,Asymmetry,cco,CCO 2026,2026,P4,dmoj,https://dmoj.ca/problem/cco26p4,,standard,6,estimated,DMOJ 15p,game_theory.partisan.minimax_dp,game_theory.partisan.minimax_dp,game-theory|simple-math|via-dmoj-category,,,,,2026-09-19,2026-09-19
cco-2026-p5,Tree Traversals,cco,CCO 2026,2026,P5,dmoj,https://dmoj.ca/problem/cco26p5,,standard,8,estimated,DMOJ 17p,graphs.traversal.dfs,graphs.traversal.dfs,graph-theory|via-dmoj-category,,,,,2026-09-19,2026-09-19
cco-2026-p6,Walking on a Graph,cco,CCO 2026,2026,P6,dmoj,https://dmoj.ca/problem/cco26p6,,standard,8,estimated,DMOJ 25p,dp.basics.linear,dp.basics.linear,dynamic-programming|via-dmoj-category,,,,,2026-09-19,2026-09-19
ceoi-2006-connect,Connect,ceoi,CEOI 2006,2006,,oj.uz,https://oj.uz/problem/view/CEOI06_connect,,subtask,7,estimated,,dp.subset.broken_profile,dp.subset.broken_profile,via-usaco-guide,,,,,2026-09-19,2026-09-19
ceoi-2006-link,Link,ceoi,CEOI 2006,2006,,oj.uz,https://oj.uz/problem/view/CEOI06_link,,subtask,7,estimated,,adhoc.unclassified,adhoc.unclassified,via-dmoj-category,,,,,2026-09-19,2026-09-19
ceoi-2006-meandian,Meandian,ceoi,CEOI 2006,2006,,oj.uz,https://oj.uz/problem/view/CEOI06_meandian,,subtask,7,estimated,,adhoc.unclassified,adhoc.unclassified,via-dmoj-category,,,,,2026-09-19,2026-09-19
ceoi-2006-queue,Queue,ceoi,CEOI 2006,2006,,oj.uz,https://oj.uz/problem/view/CEOI06_queue,,subtask,7,estimated,,data_structures.range_query.lazy_propagation,data_structures.range_query.lazy_propagation,via-usaco-guide,,,,,2026-09-19,2026-09-19
ceoi-2006-walk,Walk,ceoi,CEOI 2006,2006,,oj.uz,https://oj.uz/problem/view/CEOI06_walk,,subtask,7,estimated,,geometry.sweep.line_sweep,geometry.sweep.line_sweep,via-usaco-guide,,,,,2026-09-19,2026-09-19
ceoi-2008-dominance,Dominance,ceoi,CEOI 2008,2008,,oj.uz,https://oj.uz/problem/view/CEOI08_dominance,,subtask,7,estimated,,adhoc.unclassified,adhoc.unclassified,via-dmoj-category,,,,,2026-09-19,2026-09-19
ceoi-2008-fence,Fence,ceoi,CEOI 2008,2008,,oj.uz,https://oj.uz/problem/view/CEOI08_fence,,subtask,7,estimated,,adhoc.unclassified,adhoc.unclassified,via-dmoj-category,,,,,2026-09-19,2026-09-19
ceoi-2008-information,Information,ceoi,CEOI 2008,2008,,oj.uz,https://oj.uz/problem/view/CEOI08_information,,subtask,7,estimated,,adhoc.unclassified,adhoc.unclassified,via-dmoj-category,,,,,2026-09-19,2026-09-19
ceoi-2008-snake,Snake,ceoi,CEOI 2008,2008,,oj.uz,https://oj.uz/problem/view/CEOI08_snake,,subtask,7,estimated,,adhoc.unclassified,adhoc.unclassified,via-dmoj-category,,,,,2026-09-19,2026-09-19
ceoi-2009-harbingers,Harbingers,ceoi,CEOI 2009,2009,,oj.uz,https://oj.uz/problem/view/CEOI09_harbingers,,subtask,7,estimated,,dp.optimization.convex_hull_trick,dp.optimization.convex_hull_trick,via-usaco-guide,,,,,2026-09-19,2026-09-19
ceoi-2009-tri,Tri,ceoi,CEOI 2009,2009,,oj.uz,https://oj.uz/problem/view/CEOI09_tri,,subtask,7,estimated,,adhoc.unclassified,adhoc.unclassified,via-dmoj-category,,,,,2026-09-19,2026-09-19
ceoi-2010-bodyguards,Bodyguards,ceoi,CEOI 2010,2010,,oj.uz,https://oj.uz/problem/view/CEOI10_bodyguards,,subtask,7,estimated,,adhoc.unclassified,adhoc.unclassified,via-dmoj-category,,,,,2026-09-19,2026-09-19
ceoi-2010-mp3player,MP3 Player,ceoi,CEOI 2010,2010,,oj.uz,https://oj.uz/problem/view/CEOI10_mp3player,,subtask,7,estimated,,adhoc.unclassified,adhoc.unclassified,via-dmoj-category,,,,,2026-09-19,2026-09-19
ceoi-2010-pin,PIN,ceoi,CEOI 2010,2010,,oj.uz,https://oj.uz/problem/view/CEOI10_pin,,subtask,7,estimated,,adhoc.unclassified,adhoc.unclassified,via-dmoj-category,,,,,2026-09-19,2026-09-19
ceoi-2010-tower,A Huge Tower,ceoi,CEOI 2010,2010,,oj.uz,https://oj.uz/problem/view/CEOI10_tower,,subtask,7,estimated,,adhoc.unclassified,adhoc.unclassified,via-dmoj-category,,,,,2026-09-19,2026-09-19
ceoi-2011-bal,Balloons,ceoi,CEOI 2011,2011,,oj.uz,https://oj.uz/problem/view/CEOI11_bal,,subtask,7,estimated,,data_structures.linear.stack,data_structures.linear.stack,via-usaco-guide,,,,,2026-09-19,2026-09-19
ceoi-2011-hot,Hotel,ceoi,CEOI 2011,2011,,oj.uz,https://oj.uz/problem/view/CEOI11_hot,,subtask,7,estimated,,adhoc.unclassified,adhoc.unclassified,via-dmoj-category,,,,,2026-09-19,2026-09-19
ceoi-2011-mat,Matching,ceoi,CEOI 2011,2011,,oj.uz,https://oj.uz/problem/view/CEOI11_mat,,subtask,7,estimated,,adhoc.unclassified,adhoc.unclassified,via-dmoj-category,,,,,2026-09-19,2026-09-19
ceoi-2011-tea,Teams,ceoi,CEOI 2011,2011,,oj.uz,https://oj.uz/problem/view/CEOI11_tea,,subtask,7,estimated,,adhoc.unclassified,adhoc.unclassified,via-dmoj-category,,,,,2026-09-19,2026-09-19
ceoi-2011-tra,Traffic,ceoi,CEOI 2011,2011,,oj.uz,https://oj.uz/problem/view/CEOI11_tra,,subtask,7,estimated,,adhoc.unclassified,adhoc.unclassified,via-dmoj-category,,,,,2026-09-19,2026-09-19
ceoi-2011-tre,Treasure Hunt,ceoi,CEOI 2011,2011,,oj.uz,https://oj.uz/problem/view/CEOI11_tre,,subtask,7,estimated,,adhoc.unclassified,adhoc.unclassified,via-dmoj-category,,,,,2026-09-19,2026-09-19
ceoi-2012-circuit,Printed Circuit Board,ceoi,CEOI 2012,2012,,oj.uz,https://oj.uz/problem/view/CEOI12_circuit,,subtask,7,estimated,,adhoc.unclassified,adhoc.unclassified,via-dmoj-category,,,,,2026-09-19,2026-09-19
ceoi-2012-highway,Highway design,ceoi,CEOI 2012,2012,,oj.uz,https://oj.uz/problem/view/CEOI12_highway,,subtask,7,estimated,,adhoc.unclassified,adhoc.unclassified,via-dmoj-category,,,,,2026-09-19,2026-09-19
ceoi-2012-jobs,Job Scheduling,ceoi,CEOI 2012,2012,,oj.uz,https://oj.uz/problem/view/CEOI12_jobs,,subtask,7,estimated,,adhoc.unclassified,adhoc.unclassified,via-dmoj-category,,,,,2026-09-19,2026-09-19
ceoi-2012-race,Sailing Race,ceoi,CEOI 2012,2012,,oj.uz,https://oj.uz/problem/view/CEOI12_race,,subtask,7,estimated,,trees.decomposition.centroid,trees.decomposition.centroid,via-usaco-guide,,,,,2026-09-19,2026-09-19
ceoi-2013-adriatic,Adriatic,ceoi,CEOI 2013,2013,,oj.uz,https://oj.uz/problem/view/CEOI13_adriatic,,subtask,7,estimated,,adhoc.unclassified,adhoc.unclassified,via-dmoj-category,,,,,2026-09-19,2026-09-19
ceoi-2013-board,Board,ceoi,CEOI 2013,2013,,oj.uz,https://oj.uz/problem/view/CEOI13_board,,subtask,7,estimated,,adhoc.unclassified,adhoc.unclassified,via-dmoj-category,,,,,2026-09-19,2026-09-19
ceoi-2013-tram,Tram,ceoi,CEOI 2013,2013,,oj.uz,https://oj.uz/problem/view/CEOI13_tram,,subtask,7,estimated,,adhoc.unclassified,adhoc.unclassified,via-dmoj-category,,,,,2026-09-19,2026-09-19
ceoi-2013-treasure2,Treasure (different grader from official contest),ceoi,CEOI 2013,2013,,oj.uz,https://oj.uz/problem/view/CEOI13_treasure2,,subtask,7,estimated,,adhoc.unclassified,adhoc.unclassified,via-dmoj-category,,,,,2026-09-19,2026-09-19
ceoi-2014-007,007,ceoi,CEOI 2014,2014,,oj.uz,https://oj.uz/problem/view/CEOI14_007,,subtask,7,estimated,,adhoc.unclassified,adhoc.unclassified,via-dmoj-category,,,,,2026-09-19,2026-09-19
ceoi-2014-cake,Cake,ceoi,CEOI 2014,2014,,oj.uz,https://oj.uz/problem/view/CEOI14_cake,,subtask,7,estimated,,adhoc.unclassified,adhoc.unclassified,via-dmoj-category,,,,,2026-09-19,2026-09-19
ceoi-2014-carnival,Carnival,ceoi,CEOI 2014,2014,,oj.uz,https://oj.uz/problem/view/CEOI14_carnival,,subtask,7,estimated,,adhoc.unclassified,adhoc.unclassified,via-dmoj-category,,,,,2026-09-19,2026-09-19
ceoi-2014-fangorn,The Forest of Fangorn,ceoi,CEOI 2014,2014,,oj.uz,https://oj.uz/problem/view/CEOI14_fangorn,,subtask,7,estimated,,adhoc.unclassified,adhoc.unclassified,via-dmoj-category,,,,,2026-09-19,2026-09-19
ceoi-2014-questiongrader,Question (Grader is different from the original contest),ceoi,CEOI 2014,2014,,oj.uz,https://oj.uz/problem/view/CEOI14_question_grader,,subtask,7,estimated,,adhoc.unclassified,adhoc.unclassified,via-dmoj-category,,,,,2026-09-19,2026-09-19
ceoi-2014-wall,Wall,ceoi,CEOI 2014,2014,,oj.uz,https://oj.uz/problem/view/CEOI14_wall,,subtask,7,estimated,,data_structures.range_query.lazy_propagation,data_structures.range_query.lazy_propagation,via-usaco-guide,,,,,2026-09-19,2026-09-19
ceoi-2015-bobek,Ice Hockey World Championship,ceoi,CEOI 2015,2015,,oj.uz,https://oj.uz/problem/view/CEOI15_bobek,,subtask,7,estimated,,adhoc.unclassified,adhoc.unclassified,via-dmoj-category,,,,,2026-09-19,2026-09-19
ceoi-2015-indcyc,Potemkin cycle,ceoi,CEOI 2015,2015,,oj.uz,https://oj.uz/problem/view/CEOI15_indcyc,,subtask,7,estimated,,adhoc.unclassified,adhoc.unclassified,via-dmoj-category,,,,,2026-09-19,2026-09-19
ceoi-2015-nuclearia,Nuclearia,ceoi,CEOI 2015,2015,,oj.uz,https://oj.uz/problem/view/CEOI15_nuclearia,,subtask,7,estimated,,adhoc.unclassified,adhoc.unclassified,via-dmoj-category,,,,,2026-09-19,2026-09-19
ceoi-2015-pipes,Pipes,ceoi,CEOI 2015,2015,,oj.uz,https://oj.uz/problem/view/CEOI15_pipes,,subtask,7,estimated,,graphs.components.biconnected,graphs.components.biconnected,via-usaco-guide,,,,,2026-09-19,2026-09-19
ceoi-2015-teams,Calvinball championship,ceoi,CEOI 2015,2015,,oj.uz,https://oj.uz/problem/view/CEOI15_teams,,subtask,7,estimated,,data_structures.sqrt.sqrt_decomposition,data_structures.sqrt.sqrt_decomposition,via-usaco-guide,,,,,2026-09-19,2026-09-19
ceoi-2016-icc,ICC,ceoi,CEOI 2016,2016,,oj.uz,https://oj.uz/problem/view/CEOI16_icc,,subtask,7,estimated,,adhoc.unclassified,adhoc.unclassified,via-dmoj-category,,,,,2026-09-19,2026-09-19
ceoi-2016-kangaroo,Kangaroo,ceoi,CEOI 2016,2016,,oj.uz,https://oj.uz/problem/view/CEOI16_kangaroo,,subtask,7,estimated,,adhoc.unclassified,adhoc.unclassified,via-dmoj-category,,,,,2026-09-19,2026-09-19
ceoi-2016-match,Match,ceoi,CEOI 2016,2016,,oj.uz,https://oj.uz/problem/view/CEOI16_match,,subtask,7,estimated,,adhoc.unclassified,adhoc.unclassified,via-dmoj-category,,,,,2026-09-19,2026-09-19
ceoi-2016-popeala,Popeala,ceoi,CEOI 2016,2016,,oj.uz,https://oj.uz/problem/view/CEOI16_popeala,,subtask,7,estimated,,adhoc.unclassified,adhoc.unclassified,via-dmoj-category,,,,,2026-09-19,2026-09-19
ceoi-2016-router,Router,ceoi,CEOI 2016,2016,,oj.uz,https://oj.uz/problem/view/CEOI16_router,,subtask,7,estimated,,adhoc.unclassified,adhoc.unclassified,via-dmoj-category,,,,,2026-09-19,2026-09-19
ceoi-2017-building,Building Bridges,ceoi,CEOI 2017,2017,,oj.uz,https://oj.uz/problem/view/CEOI17_building,,subtask,7,estimated,,adhoc.unclassified,adhoc.unclassified,via-dmoj-category,,,,,2026-09-19,2026-09-19
ceoi-2017-chase,Chase,ceoi,CEOI 2017,2017,,oj.uz,https://oj.uz/problem/view/CEOI17_chase,,subtask,7,estimated,,adhoc.unclassified,adhoc.unclassified,via-dmoj-category,,,,,2026-09-19,2026-09-19
ceoi-2017-mousetrap,Mousetrap,ceoi,CEOI 2017,2017,,oj.uz,https://oj.uz/problem/view/CEOI17_mousetrap,,subtask,7,estimated,,adhoc.unclassified,adhoc.unclassified,via-dmoj-category,,,,,2026-09-19,2026-09-19
ceoi-2017-mul,Multiply,ceoi,CEOI 2017,2017,,oj.uz,https://oj.uz/problem/view/CEOI17_mul,,subtask,7,estimated,,adhoc.unclassified,adhoc.unclassified,via-dmoj-category,,,,,2026-09-19,2026-09-19
ceoi-2017-museum,Museum,ceoi,CEOI 2017,2017,,oj.uz,https://oj.uz/problem/view/CEOI17_museum,,subtask,7,estimated,,adhoc.unclassified,adhoc.unclassified,via-dmoj-category,,,,,2026-09-19,2026-09-19
ceoi-2017-oneway,One-Way Streets,ceoi,CEOI 2017,2017,,oj.uz,https://oj.uz/problem/view/CEOI17_oneway,,subtask,7,estimated,,adhoc.unclassified,adhoc.unclassified,via-dmoj-category,,,,,2026-09-19,2026-09-19
ceoi-2017-palindromic,Palindromic Partitions,ceoi,CEOI 2017,2017,,oj.uz,https://oj.uz/problem/view/CEOI17_palindromic,,subtask,7,estimated,,adhoc.unclassified,adhoc.unclassified,via-dmoj-category,,,,,2026-09-19,2026-09-19
ceoi-2017-sure,Sure Bet,ceoi,CEOI 2017,2017,,oj.uz,https://oj.uz/problem/view/CEOI17_sure,,subtask,7,estimated,,adhoc.unclassified,adhoc.unclassified,via-dmoj-category,,,,,2026-09-19,2026-09-19
ceoi-2018-clo,Cloud Computing,ceoi,CEOI 2018,2018,,oj.uz,https://oj.uz/problem/view/CEOI18_clo,,subtask,7,estimated,,dp.basics.knapsack,dp.basics.knapsack,via-usaco-guide,,,,,2026-09-19,2026-09-19
ceoi-2018-fib,Fibonacci representations,ceoi,CEOI 2018,2018,,oj.uz,https://oj.uz/problem/view/CEOI18_fib,,subtask,7,estimated,,adhoc.unclassified,adhoc.unclassified,via-dmoj-category,,,,,2026-09-19,2026-09-19
ceoi-2018-glo,Global Warming,ceoi,CEOI 2018,2018,,oj.uz,https://oj.uz/problem/view/CEOI18_glo,,subtask,7,estimated,,adhoc.unclassified,adhoc.unclassified,via-dmoj-category,,,,,2026-09-19,2026-09-19
ceoi-2018-lot,Lottery,ceoi,CEOI 2018,2018,,oj.uz,https://oj.uz/problem/view/CEOI18_lot,,subtask,7,estimated,,adhoc.unclassified,adhoc.unclassified,via-dmoj-category,,,,,2026-09-19,2026-09-19
ceoi-2018-toy,Toys,ceoi,CEOI 2018,2018,,oj.uz,https://oj.uz/problem/view/CEOI18_toy,,subtask,7,estimated,,adhoc.unclassified,adhoc.unclassified,via-dmoj-category,,,,,2026-09-19,2026-09-19
ceoi-2018-tri,Triangles,ceoi,CEOI 2018,2018,,oj.uz,https://oj.uz/problem/view/CEOI18_tri,,subtask,7,estimated,,adhoc.unclassified,adhoc.unclassified,via-dmoj-category,,,,,2026-09-19,2026-09-19
ceoi-2019-amusementpark,Amusement Park,ceoi,CEOI 2019,2019,,oj.uz,https://oj.uz/problem/view/CEOI19_amusementpark,,subtask,7,estimated,,dp.subset.subset_dp,dp.subset.subset_dp,via-usaco-guide,,,,,2026-09-19,2026-09-19
ceoi-2019-countsquares,Count Squares,ceoi,CEOI 2019,2019,,oj.uz,https://oj.uz/problem/view/CEOI19_countsquares,,subtask,7,estimated,,adhoc.unclassified,adhoc.unclassified,via-dmoj-category,,,,,2026-09-19,2026-09-19
ceoi-2019-cubeword,Cubeword,ceoi,CEOI 2019,2019,,oj.uz,https://oj.uz/problem/view/CEOI19_cubeword,,subtask,7,estimated,,adhoc.unclassified,adhoc.unclassified,via-dmoj-category,,,,,2026-09-19,2026-09-19
ceoi-2019-diameter,Dynamic Diameter,ceoi,CEOI 2019,2019,,oj.uz,https://oj.uz/problem/view/CEOI19_diameter,,subtask,7,estimated,,adhoc.unclassified,adhoc.unclassified,via-dmoj-category,,,,,2026-09-19,2026-09-19
ceoi-2019-magictree,Magic Tree,ceoi,CEOI 2019,2019,,oj.uz,https://oj.uz/problem/view/CEOI19_magictree,,subtask,7,estimated,,dp.optimization.slope_trick,dp.optimization.slope_trick,via-usaco-guide,,,,,2026-09-19,2026-09-19
ceoi-2019-scissors,Scissors and Tape,ceoi,CEOI 2019,2019,,oj.uz,https://oj.uz/problem/view/CEOI19_scissors,,subtask,7,estimated,,adhoc.unclassified,adhoc.unclassified,via-dmoj-category,,,,,2026-09-19,2026-09-19
ceoi-2019-separator,Separator,ceoi,CEOI 2019,2019,,oj.uz,https://oj.uz/problem/view/CEOI19_separator,,subtask,7,estimated,,adhoc.unclassified,adhoc.unclassified,via-dmoj-category,,,,,2026-09-19,2026-09-19
ceoi-2019-skyscrapers,Building Skyscrapers,ceoi,CEOI 2019,2019,,oj.uz,https://oj.uz/problem/view/CEOI19_skyscrapers,,subtask,7,estimated,,adhoc.unclassified,adhoc.unclassified,via-dmoj-category,,,,,2026-09-19,2026-09-19
ceoi-2019-towerdefense,Tower Defense,ceoi,CEOI 2019,2019,,oj.uz,https://oj.uz/problem/view/CEOI19_towerdefense,,subtask,7,estimated,,adhoc.unclassified,adhoc.unclassified,via-dmoj-category,,,,,2026-09-19,2026-09-19
ceoi-2020-chessrush,Chess Rush,ceoi,CEOI 2020,2020,,oj.uz,https://oj.uz/problem/view/CEOI20_chessrush,,subtask,7,estimated,,adhoc.unclassified,adhoc.unclassified,via-dmoj-category,,,,,2026-09-19,2026-09-19
ceoi-2020-cleaning,Spring cleaning,ceoi,CEOI 2020,2020,,oj.uz,https://oj.uz/problem/view/CEOI20_cleaning,,subtask,7,estimated,,adhoc.unclassified,adhoc.unclassified,via-dmoj-category,,,,,2026-09-19,2026-09-19
ceoi-2020-fancyfence,Fancy Fence,ceoi,CEOI 2020,2020,,oj.uz,https://oj.uz/problem/view/CEOI20_fancyfence,,subtask,7,estimated,,data_structures.linear.stack,data_structures.linear.stack,via-usaco-guide,,,,,2026-09-19,2026-09-19
ceoi-2020-potion,The Potion of Great Power,ceoi,CEOI 2020,2020,,oj.uz,https://oj.uz/problem/view/CEOI20_potion,,subtask,7,estimated,,data_structures.sqrt.sqrt_decomposition,data_structures.sqrt.sqrt_decomposition,via-usaco-guide,,,,,2026-09-19,2026-09-19
ceoi-2020-roads,Roads,ceoi,CEOI 2020,2020,,oj.uz,https://oj.uz/problem/view/CEOI20_roads,,subtask,7,estimated,,geometry.sweep.line_sweep,geometry.sweep.line_sweep,via-usaco-guide,,,,,2026-09-19,2026-09-19
ceoi-2020-startrek,Star Trek,ceoi,CEOI 2020,2020,,oj.uz,https://oj.uz/problem/view/CEOI20_startrek,,subtask,7,estimated,,dp.tree.rerooting,dp.tree.rerooting,via-usaco-guide,,,,,2026-09-19,2026-09-19
ceoi-2021-diversity,Diversity,ceoi,CEOI 2021,2021,,oj.uz,https://oj.uz/problem/view/CEOI21_diversity,,subtask,7,estimated,,adhoc.unclassified,adhoc.unclassified,via-dmoj-category,,,,,2026-09-19,2026-09-19
ceoi-2021-ltriominoes,L-triominoes,ceoi,CEOI 2021,2021,,oj.uz,https://oj.uz/problem/view/CEOI21_ltriominoes,,subtask,7,estimated,,adhoc.unclassified,adhoc.unclassified,via-dmoj-category,,,,,2026-09-19,2026-09-19
ceoi-2021-newspapers,Newspapers,ceoi,CEOI 2021,2021,,oj.uz,https://oj.uz/problem/view/CEOI21_newspapers,,subtask,7,estimated,,adhoc.unclassified,adhoc.unclassified,via-dmoj-category,,,,,2026-09-19,2026-09-19
ceoi-2021-tortoise,Tortoise,ceoi,CEOI 2021,2021,,oj.uz,https://oj.uz/problem/view/CEOI21_tortoise,,subtask,7,estimated,,adhoc.unclassified,adhoc.unclassified,via-dmoj-category,,,,,2026-09-19,2026-09-19
ceoi-2021-wells,Wells,ceoi,CEOI 2021,2021,,oj.uz,https://oj.uz/problem/view/CEOI21_wells,,subtask,7,estimated,,adhoc.unclassified,adhoc.unclassified,via-dmoj-category,,,,,2026-09-19,2026-09-19
ceoi-2022-abracadabra,Abracadabra,ceoi,CEOI 2022,2022,,oj.uz,https://oj.uz/problem/view/CEOI22_abracadabra,,subtask,7,estimated,,adhoc.unclassified,adhoc.unclassified,via-dmoj-category,,,,,2026-09-19,2026-09-19
ceoi-2022-drawing,Drawing,ceoi,CEOI 2022,2022,,oj.uz,https://oj.uz/problem/view/CEOI22_drawing,,subtask,7,estimated,,adhoc.unclassified,adhoc.unclassified,via-dmoj-category,,,,,2026-09-19,2026-09-19
ceoi-2022-homework,Homework,ceoi,CEOI 2022,2022,,oj.uz,https://oj.uz/problem/view/CEOI22_homework,,subtask,7,estimated,,adhoc.unclassified,adhoc.unclassified,via-dmoj-category,,,,,2026-09-19,2026-09-19
ceoi-2022-measures,Measures,ceoi,CEOI 2022,2022,,oj.uz,https://oj.uz/problem/view/CEOI22_measures,,subtask,7,estimated,,adhoc.unclassified,adhoc.unclassified,via-dmoj-category,,,,,2026-09-19,2026-09-19
ceoi-2022-parking,Parking,ceoi,CEOI 2022,2022,,oj.uz,https://oj.uz/problem/view/CEOI22_parking,,subtask,7,estimated,,adhoc.unclassified,adhoc.unclassified,via-dmoj-category,,,,,2026-09-19,2026-09-19
ceoi-2022-prize,Prize,ceoi,CEOI 2022,2022,,oj.uz,https://oj.uz/problem/view/CEOI22_prize,,subtask,7,estimated,,adhoc.unclassified,adhoc.unclassified,via-dmoj-category,,,,,2026-09-19,2026-09-19
ceoi-2023-avoid,How to Avoid Disqualification in 75 Easy Steps,ceoi,CEOI 2023,2023,,oj.uz,https://oj.uz/problem/view/CEOI23_avoid,,subtask,7,estimated,,adhoc.unclassified,adhoc.unclassified,via-dmoj-category,,,,,2026-09-19,2026-09-19
ceoi-2023-balance,Brought Down the Grading Server?,ceoi,CEOI 2023,2023,,oj.uz,https://oj.uz/problem/view/CEOI23_balance,,subtask,7,estimated,,adhoc.unclassified,adhoc.unclassified,via-dmoj-category,,,,,2026-09-19,2026-09-19
ceoi-2023-gradingserver,Bring Down the Grading Server,ceoi,CEOI 2023,2023,,oj.uz,https://oj.uz/problem/view/CEOI23_gradingserver,,subtask,7,estimated,,adhoc.unclassified,adhoc.unclassified,via-dmoj-category,,,,,2026-09-19,2026-09-19
ceoi-2023-incursion,The Ties That Guide Us,ceoi,CEOI 2023,2023,,oj.uz,https://oj.uz/problem/view/CEOI23_incursion,,subtask,7,estimated,,adhoc.unclassified,adhoc.unclassified,via-dmoj-category,,,,,2026-09-19,2026-09-19
ceoi-2023-light,A Light Inconvenience,ceoi,CEOI 2023,2023,,oj.uz,https://oj.uz/problem/view/CEOI23_light,,subtask,7,estimated,,adhoc.unclassified,adhoc.unclassified,via-dmoj-category,,,,,2026-09-19,2026-09-19
ceoi-2023-trade,Tricks of the Trade,ceoi,CEOI 2023,2023,,oj.uz,https://oj.uz/problem/view/CEOI23_trade,,subtask,7,estimated,,adhoc.unclassified,adhoc.unclassified,via-dmoj-category,,,,,2026-09-19,2026-09-19
ceoi-2024-battle,Naval battle,ceoi,CEOI 2024,2024,,oj.uz,https://oj.uz/problem/view/CEOI24_battle,,subtask,7,estimated,,adhoc.unclassified,adhoc.unclassified,via-dmoj-category,,,,,2026-09-19,2026-09-19
ceoi-2024-covid,COVID tests,ceoi,CEOI 2024,2024,,oj.uz,https://oj.uz/problem/view/CEOI24_covid,,subtask,7,estimated,,adhoc.unclassified,adhoc.unclassified,via-dmoj-category,,,,,2026-09-19,2026-09-19
ceoi-2024-editor,Text editor,ceoi,CEOI 2024,2024,,oj.uz,https://oj.uz/problem/view/CEOI24_editor,,subtask,7,estimated,,trees.ancestors.binary_lifting,trees.ancestors.binary_lifting,via-usaco-guide,,,,,2026-09-19,2026-09-19
ceoi-2024-sprinklers,Sprinklers,ceoi,CEOI 2024,2024,,oj.uz,https://oj.uz/problem/view/CEOI24_sprinklers,,subtask,7,estimated,,adhoc.unclassified,adhoc.unclassified,via-dmoj-category,,,,,2026-09-19,2026-09-19
ceoi-2024-stations,Petrol stations,ceoi,CEOI 2024,2024,,oj.uz,https://oj.uz/problem/view/CEOI24_stations,,subtask,7,estimated,,adhoc.unclassified,adhoc.unclassified,via-dmoj-category,,,,,2026-09-19,2026-09-19
ceoi-2024-toy,Toy,ceoi,CEOI 2024,2024,,oj.uz,https://oj.uz/problem/view/CEOI24_toy,,subtask,7,estimated,,adhoc.unclassified,adhoc.unclassified,via-dmoj-category,,,,,2026-09-19,2026-09-19
ceoi-2025-boardgames,Boardgames,ceoi,CEOI 2025,2025,,oj.uz,https://oj.uz/problem/view/CEOI25_boardgames,,subtask,7,estimated,,adhoc.unclassified,adhoc.unclassified,via-dmoj-category,,,,,2026-09-19,2026-09-19
ceoi-2025-equalmex,Equalmex,ceoi,CEOI 2025,2025,,oj.uz,https://oj.uz/problem/view/CEOI25_equalmex,,subtask,7,estimated,,adhoc.unclassified,adhoc.unclassified,via-dmoj-category,,,,,2026-09-19,2026-09-19
ceoi-2025-highest,Highest,ceoi,CEOI 2025,2025,,oj.uz,https://oj.uz/problem/view/CEOI25_highest,,subtask,7,estimated,,adhoc.unclassified,adhoc.unclassified,via-dmoj-category,,,,,2026-09-19,2026-09-19
ceoi-2025-lawnmower,Lawn Mower,ceoi,CEOI 2025,2025,,oj.uz,https://oj.uz/problem/view/CEOI25_lawnmower,,subtask,7,estimated,,adhoc.unclassified,adhoc.unclassified,via-dmoj-category,,,,,2026-09-19,2026-09-19
ceoi-2025-splits,Splits,ceoi,CEOI 2025,2025,,oj.uz,https://oj.uz/problem/view/CEOI25_splits,,subtask,7,estimated,,adhoc.unclassified,adhoc.unclassified,via-dmoj-category,,,,,2026-09-19,2026-09-19
ceoi-2025-theseus,Theseus,ceoi,CEOI 2025,2025,,oj.uz,https://oj.uz/problem/view/CEOI25_theseus,,subtask,7,estimated,,adhoc.unclassified,adhoc.unclassified,via-dmoj-category,,,,,2026-09-19,2026-09-19
ceoi-2026-birdwatchers,Birdwatchers,ceoi,CEOI 2026,2026,,oj.uz,https://oj.uz/problem/view/CEOI26_birdwatchers,,subtask,7,estimated,,adhoc.unclassified,adhoc.unclassified,via-dmoj-category,,,,,2026-09-19,2026-09-19
ceoi-2026-dfs,DFS,ceoi,CEOI 2026,2026,,oj.uz,https://oj.uz/problem/view/CEOI26_dfs,,subtask,7,estimated,,adhoc.unclassified,adhoc.unclassified,via-dmoj-category,,,,,2026-09-19,2026-09-19
ceoi-2026-flowers,Flower Cutting,ceoi,CEOI 2026,2026,,oj.uz,https://oj.uz/problem/view/CEOI26_flowers,,subtask,7,estimated,,adhoc.unclassified,adhoc.unclassified,via-dmoj-category,,,,,2026-09-19,2026-09-19
ceoi-2026-hunt,Treasure Hunt,ceoi,CEOI 2026,2026,,oj.uz,https://oj.uz/problem/view/CEOI26_hunt,,subtask,7,estimated,,adhoc.unclassified,adhoc.unclassified,via-dmoj-category,,,,,2026-09-19,2026-09-19
ceoi-2026-towers,Towers,ceoi,CEOI 2026,2026,,oj.uz,https://oj.uz/problem/view/CEOI26_towers,,subtask,7,estimated,,adhoc.unclassified,adhoc.unclassified,via-dmoj-category,,,,,2026-09-19,2026-09-19
ceoi-2026-vim,Vim,ceoi,CEOI 2026,2026,,oj.uz,https://oj.uz/problem/view/CEOI26_vim,,subtask,7,estimated,,adhoc.unclassified,adhoc.unclassified,via-dmoj-category,,,,,2026-09-19,2026-09-19
coci-2014-bob,Bob,coci,COCI 2014,2014,,oj.uz,https://oj.uz/problem/view/COCI14_bob,,subtask,4,estimated,,adhoc.unclassified,adhoc.unclassified,via-dmoj-category,,,,,2026-09-19,2026-09-19
coci-2014-mobitel,Mobitel,coci,COCI 2014,2014,,oj.uz,https://oj.uz/problem/view/COCI14_mobitel,,subtask,4,estimated,,adhoc.unclassified,adhoc.unclassified,via-dmoj-category,,,,,2026-09-19,2026-09-19
coci-2014-prosjek,Prosjek,coci,COCI 2014,2014,,oj.uz,https://oj.uz/problem/view/COCI14_prosjek,,subtask,4,estimated,,adhoc.unclassified,adhoc.unclassified,via-dmoj-category,,,,,2026-09-19,2026-09-19
coci-2014-studentsko,Studentsko,coci,COCI 2014,2014,,oj.uz,https://oj.uz/problem/view/COCI14_studentsko,,subtask,4,estimated,,adhoc.unclassified,adhoc.unclassified,via-dmoj-category,,,,,2026-09-19,2026-09-19
coci-2014-utrka,Utrka,coci,COCI 2014,2014,,oj.uz,https://oj.uz/problem/view/COCI14_utrka,,subtask,4,estimated,,adhoc.unclassified,adhoc.unclassified,via-dmoj-category,,,,,2026-09-19,2026-09-19
coci-2015-akcija,Akcija,coci,COCI 2015,2015,,oj.uz,https://oj.uz/problem/view/COCI15_akcija,,subtask,4,estimated,,adhoc.unclassified,adhoc.unclassified,via-dmoj-category,,,,,2026-09-19,2026-09-19
coci-2015-baloni,Baloni,coci,COCI 2015,2015,,oj.uz,https://oj.uz/problem/view/COCI15_baloni,,subtask,4,estimated,,adhoc.unclassified,adhoc.unclassified,via-dmoj-category,,,,,2026-09-19,2026-09-19
coci-2015-domino,Domino,coci,COCI 2015,2015,,oj.uz,https://oj.uz/problem/view/COCI15_domino,,subtask,4,estimated,,adhoc.unclassified,adhoc.unclassified,via-dmoj-category,,,,,2026-09-19,2026-09-19
coci-2015-drzava,Drzava,coci,COCI 2015,2015,,oj.uz,https://oj.uz/problem/view/COCI15_drzava,,subtask,4,estimated,,adhoc.unclassified,adhoc.unclassified,via-dmoj-category,,,,,2026-09-19,2026-09-19
coci-2015-esej,Esej,coci,COCI 2015,2015,,oj.uz,https://oj.uz/problem/view/COCI15_esej,,subtask,4,estimated,,adhoc.unclassified,adhoc.unclassified,via-dmoj-category,,,,,2026-09-19,2026-09-19
coci-2015-geppetto,Geppetto,coci,COCI 2015,2015,,oj.uz,https://oj.uz/problem/view/COCI15_geppetto,,subtask,4,estimated,,adhoc.unclassified,adhoc.unclassified,via-dmoj-category,,,,,2026-09-19,2026-09-19
coci-2015-karte,Karte,coci,COCI 2015,2015,,oj.uz,https://oj.uz/problem/view/COCI15_karte,,subtask,4,estimated,,adhoc.unclassified,adhoc.unclassified,via-dmoj-category,,,,,2026-09-19,2026-09-19
coci-2015-marko,Marko,coci,COCI 2015,2015,,oj.uz,https://oj.uz/problem/view/COCI15_marko,,subtask,4,estimated,,adhoc.unclassified,adhoc.unclassified,via-dmoj-category,,,,,2026-09-19,2026-09-19
coci-2015-nekameleoni,Nekameleoni,coci,COCI 2015,2015,,oj.uz,https://oj.uz/problem/view/COCI15_nekameleoni,,subtask,4,estimated,,adhoc.unclassified,adhoc.unclassified,via-dmoj-category,,,,,2026-09-19,2026-09-19
coci-2015-pot,Pot,coci,COCI 2015,2015,,oj.uz,https://oj.uz/problem/view/COCI15_pot,,subtask,4,estimated,,adhoc.unclassified,adhoc.unclassified,via-dmoj-category,,,,,2026-09-19,2026-09-19
coci-2015-relativnost,Relativnost,coci,COCI 2015,2015,,oj.uz,https://oj.uz/problem/view/COCI15_relativnost,,subtask,4,estimated,,adhoc.unclassified,adhoc.unclassified,via-dmoj-category,,,,,2026-09-19,2026-09-19
coci-2015-savez,Savez,coci,COCI 2015,2015,,oj.uz,https://oj.uz/problem/view/COCI15_savez,,subtask,4,estimated,,adhoc.unclassified,adhoc.unclassified,via-dmoj-category,,,,,2026-09-19,2026-09-19
coci-2015-slon,Slon,coci,COCI 2015,2015,,oj.uz,https://oj.uz/problem/view/COCI15_slon,,subtask,4,estimated,,adhoc.unclassified,adhoc.unclassified,via-dmoj-category,,,,,2026-09-19,2026-09-19
coci-2015-topovi,Topovi,coci,COCI 2015,2015,,oj.uz,https://oj.uz/problem/view/COCI15_topovi,,subtask,4,estimated,,adhoc.unclassified,adhoc.unclassified,via-dmoj-category,,,,,2026-09-19,2026-09-19
coci-2015-uzastopni,Uzastopni,coci,COCI 2015,2015,,oj.uz,https://oj.uz/problem/view/COCI15_uzastopni,,subtask,4,estimated,,bitwise.techniques.bitset_optimization,bitwise.techniques.bitset_optimization,via-usaco-guide,,,,,2026-09-19,2026-09-19
coci-2015-vudu,Vudu,coci,COCI 2015,2015,,oj.uz,https://oj.uz/problem/view/COCI15_vudu,,subtask,4,estimated,,adhoc.unclassified,adhoc.unclassified,via-dmoj-category,,,,,2026-09-19,2026-09-19
coci-2016-baza,Baza,coci,COCI 2016,2016,,oj.uz,https://oj.uz/problem/view/COCI17_baza,,subtask,4,estimated,,adhoc.unclassified,adhoc.unclassified,via-dmoj-category,,,,,2026-09-19,2026-09-19
coci-2016-bridz,Bridž,coci,COCI 2016,2016,,oj.uz,https://oj.uz/problem/view/COCI17_bridz,,subtask,4,estimated,,adhoc.unclassified,adhoc.unclassified,via-dmoj-category,,,,,2026-09-19,2026-09-19
coci-2016-burza,Burza,coci,COCI 2016,2016,,oj.uz,https://oj.uz/problem/view/COCI16_burza,,subtask,4,estimated,,dp.subset.subset_dp,dp.subset.subset_dp,via-usaco-guide,,,,,2026-09-19,2026-09-19
coci-2016-cezar,Cezar,coci,COCI 2016,2016,,oj.uz,https://oj.uz/problem/view/COCI16_cezar,,subtask,4,estimated,,adhoc.unclassified,adhoc.unclassified,via-dmoj-category,,,,,2026-09-19,2026-09-19
coci-2016-gauss,Gauss,coci,COCI 2016,2016,,oj.uz,https://oj.uz/problem/view/COCI17_gauss,,subtask,4,estimated,,adhoc.unclassified,adhoc.unclassified,via-dmoj-category,,,,,2026-09-19,2026-09-19
coci-2016-go,Go,coci,COCI 2016,2016,,oj.uz,https://oj.uz/problem/view/COCI16_go,,subtask,4,estimated,,adhoc.unclassified,adhoc.unclassified,via-dmoj-category,,,,,2026-09-19,2026-09-19
coci-2016-hindeks,Hindeks,coci,COCI 2016,2016,,oj.uz,https://oj.uz/problem/view/COCI17_hindeks,,subtask,4,estimated,,adhoc.unclassified,adhoc.unclassified,via-dmoj-category,,,,,2026-09-19,2026-09-19
coci-2016-igra,Igra,coci,COCI 2016,2016,,oj.uz,https://oj.uz/problem/view/COCI17_igra,,subtask,4,estimated,,adhoc.unclassified,adhoc.unclassified,via-dmoj-category,,,,,2026-09-19,2026-09-19
coci-2016-imena,Imena,coci,COCI 2016,2016,,oj.uz,https://oj.uz/problem/view/COCI16_imena,,subtask,4,estimated,,adhoc.unclassified,adhoc.unclassified,via-dmoj-category,,,,,2026-09-19,2026-09-19
coci-2016-jetpack,Jetpack,coci,COCI 2016,2016,,oj.uz,https://oj.uz/problem/view/COCI16_jetpack,,subtask,4,estimated,,adhoc.unclassified,adhoc.unclassified,via-dmoj-category,,,,,2026-09-19,2026-09-19
coci-2016-kartomat,Kartomat,coci,COCI 2016,2016,,oj.uz,https://oj.uz/problem/view/COCI17_kartomat,,subtask,4,estimated,,adhoc.unclassified,adhoc.unclassified,via-dmoj-category,,,,,2026-09-19,2026-09-19
coci-2016-kas,Kas,coci,COCI 2016,2016,,oj.uz,https://oj.uz/problem/view/COCI17_kas,,subtask,4,estimated,,adhoc.unclassified,adhoc.unclassified,via-dmoj-category,,,,,2026-09-19,2026-09-19
coci-2016-klavir,Klavir,coci,COCI 2016,2016,,oj.uz,https://oj.uz/problem/view/COCI17_klavir,,subtask,4,estimated,,adhoc.unclassified,adhoc.unclassified,via-dmoj-category,,,,,2026-09-19,2026-09-19
coci-2016-kralj,Kralj,coci,COCI 2016,2016,,oj.uz,https://oj.uz/problem/view/COCI16_kralj,,subtask,4,estimated,,adhoc.unclassified,adhoc.unclassified,via-dmoj-category,,,,,2026-09-19,2026-09-19
coci-2016-kronican,Kronican,coci,COCI 2016,2016,,oj.uz,https://oj.uz/problem/view/COCI16_kronican,,subtask,4,estimated,,adhoc.unclassified,adhoc.unclassified,via-dmoj-category,,,,,2026-09-19,2026-09-19
coci-2016-kvalitetni,Kvalitetni,coci,COCI 2016,2016,,oj.uz,https://oj.uz/problem/view/COCI16_kvalitetni,,subtask,4,estimated,,adhoc.unclassified,adhoc.unclassified,via-dmoj-category,,,,,2026-09-19,2026-09-19
coci-2016-mag,Mag,coci,COCI 2016,2016,,oj.uz,https://oj.uz/problem/view/COCI16_mag,,subtask,4,estimated,,adhoc.unclassified,adhoc.unclassified,via-dmoj-category,,,,,2026-09-19,2026-09-19
coci-2016-meksikanac,Meksikanac,coci,COCI 2016,2016,,oj.uz,https://oj.uz/problem/view/COCI16_meksikanac,,subtask,4,estimated,,adhoc.unclassified,adhoc.unclassified,via-dmoj-category,,,,,2026-09-19,2026-09-19
coci-2016-nizin,Nizin,coci,COCI 2016,2016,,oj.uz,https://oj.uz/problem/view/COCI16_nizin,,subtask,4,estimated,,adhoc.unclassified,adhoc.unclassified,via-dmoj-category,,,,,2026-09-19,2026-09-19
coci-2016-osmosmjerka,Osmosmjerka,coci,COCI 2016,2016,,oj.uz,https://oj.uz/problem/view/COCI17_osmosmjerka,,subtask,4,estimated,,strings.hashing.polynomial_hash,strings.hashing.polynomial_hash,via-usaco-guide,,,,,2026-09-19,2026-09-19
coci-2016-paralelogrami,Paralelogrami,coci,COCI 2016,2016,,oj.uz,https://oj.uz/problem/view/COCI17_paralelogrami,,subtask,4,estimated,,adhoc.unclassified,adhoc.unclassified,via-dmoj-category,,,,,2026-09-19,2026-09-19
coci-2016-pareto,Pareto,coci,COCI 2016,2016,,oj.uz,https://oj.uz/problem/view/COCI17_pareto,,subtask,4,estimated,,adhoc.unclassified,adhoc.unclassified,via-dmoj-category,,,,,2026-09-19,2026-09-19
coci-2016-pohlepko,Pohlepko,coci,COCI 2016,2016,,oj.uz,https://oj.uz/problem/view/COCI16_pohlepko,,subtask,4,estimated,,adhoc.unclassified,adhoc.unclassified,via-dmoj-category,,,,,2026-09-19,2026-09-19
coci-2016-poklon,Poklon,coci,COCI 2016,2016,,oj.uz,https://oj.uz/problem/view/COCI17_poklon,,subtask,4,estimated,,adhoc.unclassified,adhoc.unclassified,via-dmoj-category,,,,,2026-09-19,2026-09-19
coci-2016-poklon7,Poklon,coci,COCI 2016,2016,,oj.uz,https://oj.uz/problem/view/COCI17_poklon7,,subtask,4,estimated,,adhoc.unclassified,adhoc.unclassified,via-dmoj-category,,,,,2026-09-19,2026-09-19
coci-2016-prosjecni,Prosjecni,coci,COCI 2016,2016,,oj.uz,https://oj.uz/problem/view/COCI16_prosjecni,,subtask,4,estimated,,adhoc.unclassified,adhoc.unclassified,via-dmoj-category,,,,,2026-09-19,2026-09-19
coci-2016-rima,Rima,coci,COCI 2016,2016,,oj.uz,https://oj.uz/problem/view/COCI17_rima,,subtask,4,estimated,,adhoc.unclassified,adhoc.unclassified,via-dmoj-category,,,,,2026-09-19,2026-09-19
coci-2016-ronald,Ronald,coci,COCI 2016,2016,,oj.uz,https://oj.uz/problem/view/COCI17_ronald,,subtask,4,estimated,,adhoc.unclassified,adhoc.unclassified,via-dmoj-category,,,,,2026-09-19,2026-09-19
coci-2016-savrsen,Savrsen,coci,COCI 2016,2016,,oj.uz,https://oj.uz/problem/view/COCI17_savrsen,,subtask,4,estimated,,adhoc.unclassified,adhoc.unclassified,via-dmoj-category,,,,,2026-09-19,2026-09-19
coci-2016-sirni,Sirni,coci,COCI 2016,2016,,oj.uz,https://oj.uz/problem/view/COCI17_sirni,,subtask,4,estimated,,graphs.spanning.mst,graphs.spanning.mst,via-usaco-guide,,,,,2026-09-19,2026-09-19
coci-2016-tarifa,Tarifa,coci,COCI 2016,2016,,oj.uz,https://oj.uz/problem/view/COCI16_tarifa,,subtask,4,estimated,,adhoc.unclassified,adhoc.unclassified,via-dmoj-category,,,,,2026-09-19,2026-09-19
coci-2016-tavan,Tavan,coci,COCI 2016,2016,,oj.uz,https://oj.uz/problem/view/COCI16_tavan,,subtask,4,estimated,,adhoc.unclassified,adhoc.unclassified,via-dmoj-category,,,,,2026-09-19,2026-09-19
coci-2016-telefoni,Telefoni,coci,COCI 2016,2016,,oj.uz,https://oj.uz/problem/view/COCI17_telefoni,,subtask,4,estimated,,adhoc.unclassified,adhoc.unclassified,via-dmoj-category,,,,,2026-09-19,2026-09-19
coci-2016-tuna,Tuna,coci,COCI 2016,2016,,oj.uz,https://oj.uz/problem/view/COCI17_tuna,,subtask,4,estimated,,adhoc.unclassified,adhoc.unclassified,via-dmoj-category,,,,,2026-09-19,2026-09-19
coci-2016-turnir,Turnir,coci,COCI 2016,2016,,oj.uz,https://oj.uz/problem/view/COCI17_turnir,,subtask,4,estimated,,adhoc.unclassified,adhoc.unclassified,via-dmoj-category,,,,,2026-09-19,2026-09-19
coci-2016-unija,Unija,coci,COCI 2016,2016,,oj.uz,https://oj.uz/problem/view/COCI17_unija,,subtask,4,estimated,,adhoc.unclassified,adhoc.unclassified,via-dmoj-category,,,,,2026-09-19,2026-09-19
coci-2016-uzastopni,Uzastopni,coci,COCI 2016,2016,,oj.uz,https://oj.uz/problem/view/COCI17_uzastopni,,subtask,4,estimated,,bitwise.techniques.bitset_optimization,bitwise.techniques.bitset_optimization,via-usaco-guide,,,,,2026-09-19,2026-09-19
coci-2016-vjestica,Vještica,coci,COCI 2016,2016,,oj.uz,https://oj.uz/problem/view/COCI16_vjestica,,subtask,4,estimated,,adhoc.unclassified,adhoc.unclassified,via-dmoj-category,,,,,2026-09-19,2026-09-19
coci-2016-zamjene,Zamjene,coci,COCI 2016,2016,,oj.uz,https://oj.uz/problem/view/COCI16_zamjene,,subtask,4,estimated,,strings.hashing.polynomial_hash,strings.hashing.polynomial_hash,via-usaco-guide,,,,,2026-09-19,2026-09-19
coci-2016-zoltan,Zoltan,coci,COCI 2016,2016,,oj.uz,https://oj.uz/problem/view/COCI16_zoltan,,subtask,4,estimated,,geometry.sweep.line_sweep,geometry.sweep.line_sweep,via-usaco-guide,,,,,2026-09-19,2026-09-19
coci-2017-alkemija,Alkemija,coci,COCI 2017,2017,,oj.uz,https://oj.uz/problem/view/COCI18_alkemija,,subtask,4,estimated,,adhoc.unclassified,adhoc.unclassified,via-dmoj-category,,,,,2026-09-19,2026-09-19
coci-2017-aron,Aron,coci,COCI 2017,2017,,oj.uz,https://oj.uz/problem/view/COCI17_aron,,subtask,4,estimated,,adhoc.unclassified,adhoc.unclassified,via-dmoj-category,,,,,2026-09-19,2026-09-19
coci-2017-automobil,Automobil,coci,COCI 2017,2017,,oj.uz,https://oj.uz/problem/view/COCI17_automobil,,subtask,4,estimated,,adhoc.unclassified,adhoc.unclassified,via-dmoj-category,,,,,2026-09-19,2026-09-19
coci-2017-birokracija,Birokracija,coci,COCI 2017,2017,,oj.uz,https://oj.uz/problem/view/COCI18_birokracija,,subtask,4,estimated,,adhoc.unclassified,adhoc.unclassified,via-dmoj-category,,,,,2026-09-19,2026-09-19
coci-2017-ceste,Ceste,coci,COCI 2017,2017,,oj.uz,https://oj.uz/problem/view/COCI17_ceste,,subtask,4,estimated,,adhoc.unclassified,adhoc.unclassified,via-dmoj-category,,,,,2026-09-19,2026-09-19
coci-2017-cezar,COCI17_cezar,coci,COCI 2017,2017,,oj.uz,https://oj.uz/problem/view/COCI17_cezar,,subtask,4,estimated,,adhoc.unclassified,adhoc.unclassified,via-dmoj-category,,,,,2026-09-19,2026-09-19
coci-2017-clickbait,Clickbait,coci,COCI 2017,2017,,oj.uz,https://oj.uz/problem/view/COCI18_clickbait,,subtask,4,estimated,,adhoc.unclassified,adhoc.unclassified,via-dmoj-category,,,,,2026-09-19,2026-09-19
coci-2017-cover,Cover,coci,COCI 2017,2017,,oj.uz,https://oj.uz/problem/view/COCI18_cover,,subtask,4,estimated,,adhoc.unclassified,adhoc.unclassified,via-dmoj-category,,,,,2026-09-19,2026-09-19
coci-2017-deda,Deda,coci,COCI 2017,2017,,oj.uz,https://oj.uz/problem/view/COCI17_deda,,subtask,4,estimated,,data_structures.range_query.segment_tree,data_structures.range_query.segment_tree,via-usaco-guide,,,,,2026-09-19,2026-09-19
coci-2017-dojave,Dojave,coci,COCI 2017,2017,,oj.uz,https://oj.uz/problem/view/COCI17_dojave,,subtask,4,estimated,,adhoc.unclassified,adhoc.unclassified,via-dmoj-category,,,,,2026-09-19,2026-09-19
coci-2017-doktor,Doktor,coci,COCI 2017,2017,,oj.uz,https://oj.uz/problem/view/COCI17_doktor,,subtask,4,estimated,,adhoc.unclassified,adhoc.unclassified,via-dmoj-category,,,,,2026-09-19,2026-09-19
coci-2017-dostavljac,Dostavljač,coci,COCI 2017,2017,,oj.uz,https://oj.uz/problem/view/COCI18_dostavljac,,subtask,4,estimated,,adhoc.unclassified,adhoc.unclassified,via-dmoj-category,,,,,2026-09-19,2026-09-19
coci-2017-garaza,Garaža,coci,COCI 2017,2017,,oj.uz,https://oj.uz/problem/view/COCI17_garaza,,subtask,4,estimated,,adhoc.unclassified,adhoc.unclassified,via-dmoj-category,,,,,2026-09-19,2026-09-19
coci-2017-go,Go,coci,COCI 2017,2017,,oj.uz,https://oj.uz/problem/view/COCI18_go,,subtask,4,estimated,,adhoc.unclassified,adhoc.unclassified,via-dmoj-category,,,,,2026-09-19,2026-09-19
coci-2017-hokej,Hokej,coci,COCI 2017,2017,,oj.uz,https://oj.uz/problem/view/COCI17_hokej,,subtask,4,estimated,,adhoc.unclassified,adhoc.unclassified,via-dmoj-category,,,,,2026-09-19,2026-09-19
coci-2017-izbori,Izbori,coci,COCI 2017,2017,,oj.uz,https://oj.uz/problem/view/COCI17_izbori,,subtask,4,estimated,,adhoc.unclassified,adhoc.unclassified,via-dmoj-category,,,,,2026-09-19,2026-09-19
coci-2017-karte,Karte,coci,COCI 2017,2017,,oj.uz,https://oj.uz/problem/view/COCI18_karte,,subtask,4,estimated,,adhoc.unclassified,adhoc.unclassified,via-dmoj-category,,,,,2026-09-19,2026-09-19
coci-2017-kosnja,Košnja,coci,COCI 2017,2017,,oj.uz,https://oj.uz/problem/view/COCI17_kosnja,,subtask,4,estimated,,adhoc.unclassified,adhoc.unclassified,via-dmoj-category,,,,,2026-09-19,2026-09-19
coci-2017-kotrljanje,Kotrljanje,coci,COCI 2017,2017,,oj.uz,https://oj.uz/problem/view/COCI18_kotrljanje,,subtask,4,estimated,,adhoc.unclassified,adhoc.unclassified,via-dmoj-category,,,,,2026-09-19,2026-09-19
coci-2017-krov,Krov,coci,COCI 2017,2017,,oj.uz,https://oj.uz/problem/view/COCI17_krov,,subtask,4,estimated,,adhoc.unclassified,adhoc.unclassified,via-dmoj-category,,,,,2026-09-19,2026-09-19
coci-2017-lozinke,Lozinke,coci,COCI 2017,2017,,oj.uz,https://oj.uz/problem/view/COCI17_lozinke,,subtask,4,estimated,,adhoc.unclassified,adhoc.unclassified,via-dmoj-category,,,,,2026-09-19,2026-09-19
coci-2017-mate,Mate,coci,COCI 2017,2017,,oj.uz,https://oj.uz/problem/view/COCI18_mate,,subtask,4,estimated,,adhoc.unclassified,adhoc.unclassified,via-dmoj-category,,,,,2026-09-19,2026-09-19
coci-2017-olivander,Olivander,coci,COCI 2017,2017,,oj.uz,https://oj.uz/problem/view/COCI18_olivander,,subtask,4,estimated,,adhoc.unclassified,adhoc.unclassified,via-dmoj-category,,,,,2026-09-19,2026-09-19
coci-2017-pictionary,Pictionary,coci,COCI 2017,2017,,oj.uz,https://oj.uz/problem/view/COCI18_pictionary,,subtask,4,estimated,,adhoc.unclassified,adhoc.unclassified,via-dmoj-category,,,,,2026-09-19,2026-09-19
coci-2017-plahte,Plahte,coci,COCI 2017,2017,,oj.uz,https://oj.uz/problem/view/COCI17_plahte,,subtask,4,estimated,,geometry.sweep.line_sweep,geometry.sweep.line_sweep,via-usaco-guide,,,,,2026-09-19,2026-09-19
coci-2017-planinarenje,Planinarenje,coci,COCI 2017,2017,,oj.uz,https://oj.uz/problem/view/COCI18_planinarenje,,subtask,4,estimated,,adhoc.unclassified,adhoc.unclassified,via-dmoj-category,,,,,2026-09-19,2026-09-19
coci-2017-portal,Portal,coci,COCI 2017,2017,,oj.uz,https://oj.uz/problem/view/COCI17_portal,,subtask,4,estimated,,adhoc.unclassified,adhoc.unclassified,via-dmoj-category,,,,,2026-09-19,2026-09-19
coci-2017-priglavci,Priglavci,coci,COCI 2017,2017,,oj.uz,https://oj.uz/problem/view/COCI18_priglavci,,subtask,4,estimated,,adhoc.unclassified,adhoc.unclassified,via-dmoj-category,,,,,2026-09-19,2026-09-19
coci-2017-programiranje,Programiranje,coci,COCI 2017,2017,,oj.uz,https://oj.uz/problem/view/COCI17_programiranje,,subtask,4,estimated,,adhoc.unclassified,adhoc.unclassified,via-dmoj-category,,,,,2026-09-19,2026-09-19
coci-2017-prosjek,Prosjek,coci,COCI 2017,2017,,oj.uz,https://oj.uz/problem/view/COCI18_prosjek,,subtask,4,estimated,,adhoc.unclassified,adhoc.unclassified,via-dmoj-category,,,,,2026-09-19,2026-09-19
coci-2017-rasvjeta,Rasvjeta,coci,COCI 2017,2017,,oj.uz,https://oj.uz/problem/view/COCI17_rasvjeta,,subtask,4,estimated,,adhoc.unclassified,adhoc.unclassified,via-dmoj-category,,,,,2026-09-19,2026-09-19
coci-2017-retro,Retro,coci,COCI 2017,2017,,oj.uz,https://oj.uz/problem/view/COCI17_retro,,subtask,4,estimated,,adhoc.unclassified,adhoc.unclassified,via-dmoj-category,,,,,2026-09-19,2026-09-19
coci-2017-san,San,coci,COCI 2017,2017,,oj.uz,https://oj.uz/problem/view/COCI17_san,,subtask,4,estimated,,adhoc.unclassified,adhoc.unclassified,via-dmoj-category,,,,,2026-09-19,2026-09-19
coci-2017-sazetak,Sažetak,coci,COCI 2017,2017,,oj.uz,https://oj.uz/problem/view/COCI17_sazetak,,subtask,4,estimated,,adhoc.unclassified,adhoc.unclassified,via-dmoj-category,,,,,2026-09-19,2026-09-19
coci-2017-spirale,Spirale,coci,COCI 2017,2017,,oj.uz,https://oj.uz/problem/view/COCI18_spirale,,subtask,4,estimated,,search.exhaustive.backtracking,search.exhaustive.backtracking,via-usaco-guide,,,,,2026-09-19,2026-09-19
coci-2017-tetris,Tetris,coci,COCI 2017,2017,,oj.uz,https://oj.uz/problem/view/COCI17_tetris,,subtask,4,estimated,,adhoc.unclassified,adhoc.unclassified,via-dmoj-category,,,,,2026-09-19,2026-09-19
coci-2017-timovi,Timovi,coci,COCI 2017,2017,,oj.uz,https://oj.uz/problem/view/COCI18_timovi,,subtask,4,estimated,,adhoc.unclassified,adhoc.unclassified,via-dmoj-category,,,,,2026-09-19,2026-09-19
coci-2017-usmjeri,Usmjeri,coci,COCI 2017,2017,,oj.uz,https://oj.uz/problem/view/COCI17_usmjeri,,subtask,4,estimated,,adhoc.unclassified,adhoc.unclassified,via-dmoj-category,,,,,2026-09-19,2026-09-19
coci-2017-vode,Vođe,coci,COCI 2017,2017,,oj.uz,https://oj.uz/problem/view/COCI17_vode,,subtask,4,estimated,,adhoc.unclassified,adhoc.unclassified,via-dmoj-category,,,,,2026-09-19,2026-09-19
coci-2017-vrtic,Vrtić,coci,COCI 2017,2017,,oj.uz,https://oj.uz/problem/view/COCI18_vrtic,,subtask,4,estimated,,adhoc.unclassified,adhoc.unclassified,via-dmoj-category,,,,,2026-09-19,2026-09-19
coci-2017-zigzag,ZigZag,coci,COCI 2017,2017,,oj.uz,https://oj.uz/problem/view/COCI17_zigzag,,subtask,4,estimated,,adhoc.unclassified,adhoc.unclassified,via-dmoj-category,,,,,2026-09-19,2026-09-19
coci-2018-akvizna,새로운 문제,coci,COCI 2018,2018,,oj.uz,https://oj.uz/problem/view/COCI19_akvizna,,subtask,4,estimated,,adhoc.unclassified,adhoc.unclassified,via-dmoj-category,,,,,2026-09-19,2026-09-19
coci-2018-cipele,Cipele,coci,COCI 2018,2018,,oj.uz,https://oj.uz/problem/view/COCI18_cipele,,subtask,4,estimated,,adhoc.unclassified,adhoc.unclassified,via-dmoj-category,,,,,2026-09-19,2026-09-19
coci-2018-deblo,Deblo,coci,COCI 2018,2018,,oj.uz,https://oj.uz/problem/view/COCI18_deblo,,subtask,4,estimated,,adhoc.unclassified,adhoc.unclassified,via-dmoj-category,,,,,2026-09-19,2026-09-19
coci-2018-elder,Elder,coci,COCI 2018,2018,,oj.uz,https://oj.uz/problem/view/COCI19_elder,,subtask,4,estimated,,adhoc.unclassified,adhoc.unclassified,via-dmoj-category,,,,,2026-09-19,2026-09-19
coci-2018-ispit,Ispit,coci,COCI 2018,2018,,oj.uz,https://oj.uz/problem/view/COCI19_ispit,,subtask,4,estimated,,adhoc.unclassified,adhoc.unclassified,via-dmoj-category,,,,,2026-09-19,2026-09-19
coci-2018-jarvis,Jarvis,coci,COCI 2018,2018,,oj.uz,https://oj.uz/problem/view/COCI19_jarvis,,subtask,4,estimated,,adhoc.unclassified,adhoc.unclassified,via-dmoj-category,,,,,2026-09-19,2026-09-19
coci-2018-kisik,Kisik,coci,COCI 2018,2018,,oj.uz,https://oj.uz/problem/view/COCI19_kisik,,subtask,4,estimated,,adhoc.unclassified,adhoc.unclassified,via-dmoj-category,,,,,2026-09-19,2026-09-19
coci-2018-kocka,Kocka,coci,COCI 2018,2018,,oj.uz,https://oj.uz/problem/view/COCI18_kocka,,subtask,4,estimated,,adhoc.unclassified,adhoc.unclassified,via-dmoj-category,,,,,2026-09-19,2026-09-19
coci-2018-konj,Konj,coci,COCI 2018,2018,,oj.uz,https://oj.uz/problem/view/COCI19_konj,,subtask,4,estimated,,adhoc.unclassified,adhoc.unclassified,via-dmoj-category,,,,,2026-09-19,2026-09-19
coci-2018-lun,Lun,coci,COCI 2018,2018,,oj.uz,https://oj.uz/problem/view/COCI19_lun,,subtask,4,estimated,,adhoc.unclassified,adhoc.unclassified,via-dmoj-category,,,,,2026-09-19,2026-09-19
coci-2018-magnus,Magnus,coci,COCI 2018,2018,,oj.uz,https://oj.uz/problem/view/COCI18_magnus,,subtask,4,estimated,,adhoc.unclassified,adhoc.unclassified,via-dmoj-category,,,,,2026-09-19,2026-09-19
coci-2018-maja,Maja,coci,COCI 2018,2018,,oj.uz,https://oj.uz/problem/view/COCI18_maja,,subtask,4,estimated,,adhoc.unclassified,adhoc.unclassified,via-dmoj-category,,,,,2026-09-19,2026-09-19
coci-2018-mobitel,Mobitel,coci,COCI 2018,2018,,oj.uz,https://oj.uz/problem/view/COCI19_mobitel,,subtask,4,estimated,,adhoc.unclassified,adhoc.unclassified,via-dmoj-category,,,,,2026-09-19,2026-09-19
coci-2018-nadan,Nadan,coci,COCI 2018,2018,,oj.uz,https://oj.uz/problem/view/COCI18_nadan,,subtask,4,estimated,,adhoc.unclassified,adhoc.unclassified,via-dmoj-category,,,,,2026-09-19,2026-09-19
coci-2018-nlo,NLO,coci,COCI 2018,2018,,oj.uz,https://oj.uz/problem/view/COCI18_nlo,,subtask,4,estimated,,adhoc.unclassified,adhoc.unclassified,via-dmoj-category,,,,,2026-09-19,2026-09-19
coci-2018-parametriziran,Parametriziran,coci,COCI 2018,2018,,oj.uz,https://oj.uz/problem/view/COCI19_parametriziran,,subtask,4,estimated,,adhoc.unclassified,adhoc.unclassified,via-dmoj-category,,,,,2026-09-19,2026-09-19
coci-2018-pismo,Pismo,coci,COCI 2018,2018,,oj.uz,https://oj.uz/problem/view/COCI18_pismo,,subtask,4,estimated,,adhoc.unclassified,adhoc.unclassified,via-dmoj-category,,,,,2026-09-19,2026-09-19
coci-2018-prakticni,Praktični,coci,COCI 2018,2018,,oj.uz,https://oj.uz/problem/view/COCI18_prakticni,,subtask,4,estimated,,adhoc.unclassified,adhoc.unclassified,via-dmoj-category,,,,,2026-09-19,2026-09-19
coci-2018-preokret,Preokret,coci,COCI 2018,2018,,oj.uz,https://oj.uz/problem/view/COCI18_preokret,,subtask,4,estimated,,adhoc.unclassified,adhoc.unclassified,via-dmoj-category,,,,,2026-09-19,2026-09-19
coci-2018-sajam,Sajam,coci,COCI 2018,2018,,oj.uz,https://oj.uz/problem/view/COCI18_sajam,,subtask,4,estimated,,adhoc.unclassified,adhoc.unclassified,via-dmoj-category,,,,,2026-09-19,2026-09-19
coci-2018-simfonija,Simfonija,coci,COCI 2018,2018,,oj.uz,https://oj.uz/problem/view/COCI19_simfonija,,subtask,4,estimated,,adhoc.unclassified,adhoc.unclassified,via-dmoj-category,,,,,2026-09-19,2026-09-19
coci-2018-slagalica,Slagalica,coci,COCI 2018,2018,,oj.uz,https://oj.uz/problem/view/COCI19_slagalica,,subtask,4,estimated,,adhoc.unclassified,adhoc.unclassified,via-dmoj-category,,,,,2026-09-19,2026-09-19
coci-2018-slicice,Sličice,coci,COCI 2018,2018,,oj.uz,https://oj.uz/problem/view/COCI19_slicice,,subtask,4,estimated,,adhoc.unclassified,adhoc.unclassified,via-dmoj-category,,,,,2026-09-19,2026-09-19
coci-2018-strah,Strah,coci,COCI 2018,2018,,oj.uz,https://oj.uz/problem/view/COCI18_strah,,subtask,4,estimated,,adhoc.unclassified,adhoc.unclassified,via-dmoj-category,,,,,2026-09-19,2026-09-19
coci-2018-suncanje,Sunčanje,coci,COCI 2018,2018,,oj.uz,https://oj.uz/problem/view/COCI18_suncanje,,subtask,4,estimated,,adhoc.unclassified,adhoc.unclassified,via-dmoj-category,,,,,2026-09-19,2026-09-19
coci-2018-teoreticar,Teoretičar,coci,COCI 2018,2018,,oj.uz,https://oj.uz/problem/view/COCI18_teoreticar,,subtask,4,estimated,,adhoc.unclassified,adhoc.unclassified,via-dmoj-category,,,,,2026-09-19,2026-09-19
coci-2018-titlovi,Titlovi,coci,COCI 2018,2018,,oj.uz,https://oj.uz/problem/view/COCI19_titlovi,,subtask,4,estimated,,adhoc.unclassified,adhoc.unclassified,via-dmoj-category,,,,,2026-09-19,2026-09-19
coci-2018-transport,Transport,coci,COCI 2018,2018,,oj.uz,https://oj.uz/problem/view/COCI19_transport,,subtask,4,estimated,,adhoc.unclassified,adhoc.unclassified,via-dmoj-category,,,,,2026-09-19,2026-09-19
coci-2018-wand,Wand,coci,COCI 2018,2018,,oj.uz,https://oj.uz/problem/view/COCI19_wand,,subtask,4,estimated,,adhoc.unclassified,adhoc.unclassified,via-dmoj-category,,,,,2026-09-19,2026-09-19
coci-2018-zamjena,Zamjena,coci,COCI 2018,2018,,oj.uz,https://oj.uz/problem/view/COCI18_zamjena,,subtask,4,estimated,,adhoc.unclassified,adhoc.unclassified,via-dmoj-category,,,,,2026-09-19,2026-09-19
coci-2019-acm,ACM,coci,COCI 2019,2019,,oj.uz,https://oj.uz/problem/view/COCI19_acm,,subtask,4,estimated,,adhoc.unclassified,adhoc.unclassified,via-dmoj-category,,,,,2026-09-19,2026-09-19
coci-2019-birmingham,Birmingham,coci,COCI 2019,2019,,oj.uz,https://oj.uz/problem/view/COCI20_birmingham,,subtask,4,estimated,,adhoc.unclassified,adhoc.unclassified,via-dmoj-category,,,,,2026-09-19,2026-09-19
coci-2019-checker,Checker,coci,COCI 2019,2019,,oj.uz,https://oj.uz/problem/view/COCI19_checker,,subtask,4,estimated,,adhoc.unclassified,adhoc.unclassified,via-dmoj-category,,,,,2026-09-19,2026-09-19
coci-2019-datum,Datum,coci,COCI 2019,2019,,oj.uz,https://oj.uz/problem/view/COCI20_datum,,subtask,4,estimated,,adhoc.unclassified,adhoc.unclassified,via-dmoj-category,,,,,2026-09-19,2026-09-19
coci-2019-drvca,Drvca,coci,COCI 2019,2019,,oj.uz,https://oj.uz/problem/view/COCI19_drvca,,subtask,4,estimated,,adhoc.unclassified,adhoc.unclassified,via-dmoj-category,,,,,2026-09-19,2026-09-19
coci-2019-dzumbus,Džumbus,coci,COCI 2019,2019,,oj.uz,https://oj.uz/problem/view/COCI19_dzumbus,,subtask,4,estimated,,adhoc.unclassified,adhoc.unclassified,via-dmoj-category,,,,,2026-09-19,2026-09-19
coci-2019-emacs,Emacs,coci,COCI 2019,2019,,oj.uz,https://oj.uz/problem/view/COCI20_emacs,,subtask,4,estimated,,adhoc.unclassified,adhoc.unclassified,via-dmoj-category,,,,,2026-09-19,2026-09-19
coci-2019-grudanje,Grudanje,coci,COCI 2019,2019,,oj.uz,https://oj.uz/problem/view/COCI19_grudanje,,subtask,4,estimated,,adhoc.unclassified,adhoc.unclassified,via-dmoj-category,,,,,2026-09-19,2026-09-19
coci-2019-holding,Holding,coci,COCI 2019,2019,,oj.uz,https://oj.uz/problem/view/COCI20_holding,,subtask,4,estimated,,adhoc.unclassified,adhoc.unclassified,via-dmoj-category,,,,,2026-09-19,2026-09-19
coci-2019-klasika,Klasika,coci,COCI 2019,2019,,oj.uz,https://oj.uz/problem/view/COCI20_klasika,,subtask,4,estimated,,strings.matching.kmp,strings.matching.kmp,via-usaco-guide,,,,,2026-09-19,2026-09-19
coci-2019-konstrukcija,Konstrukcija,coci,COCI 2019,2019,,oj.uz,https://oj.uz/problem/view/COCI20_konstrukcija,,subtask,4,estimated,,adhoc.unclassified,adhoc.unclassified,via-dmoj-category,,,,,2026-09-19,2026-09-19
coci-2019-lampice,Lampice,coci,COCI 2019,2019,,oj.uz,https://oj.uz/problem/view/COCI19_lampice,,subtask,4,estimated,,trees.decomposition.centroid,trees.decomposition.centroid,via-usaco-guide,,,,,2026-09-19,2026-09-19
coci-2019-lutrija,Lutrija,coci,COCI 2019,2019,,oj.uz,https://oj.uz/problem/view/COCI19_lutrija,,subtask,4,estimated,,adhoc.unclassified,adhoc.unclassified,via-dmoj-category,,,,,2026-09-19,2026-09-19
coci-2019-matching,Matching,coci,COCI 2019,2019,,oj.uz,https://oj.uz/problem/view/COCI20_matching,,subtask,4,estimated,,dp.subset.subset_dp,dp.subset.subset_dp,via-usaco-guide,,,,,2026-09-19,2026-09-19
coci-2019-nivelle,Nivelle,coci,COCI 2019,2019,,oj.uz,https://oj.uz/problem/view/COCI20_nivelle,,subtask,4,estimated,,adhoc.unclassified,adhoc.unclassified,via-dmoj-category,,,,,2026-09-19,2026-09-19
coci-2019-politicari,Političari,coci,COCI 2019,2019,,oj.uz,https://oj.uz/problem/view/COCI20_politicari,,subtask,4,estimated,,adhoc.unclassified,adhoc.unclassified,via-dmoj-category,,,,,2026-09-19,2026-09-19
coci-2019-popcount,Popcount,coci,COCI 2019,2019,,oj.uz,https://oj.uz/problem/view/COCI19_popcount,,subtask,4,estimated,,adhoc.unclassified,adhoc.unclassified,via-dmoj-category,,,,,2026-09-19,2026-09-19
coci-2019-preokret,Preokret,coci,COCI 2019,2019,,oj.uz,https://oj.uz/problem/view/COCI19_preokret,,subtask,4,estimated,,adhoc.unclassified,adhoc.unclassified,via-dmoj-category,,,,,2026-09-19,2026-09-19
coci-2019-psk,Pod starim krovovima,coci,COCI 2019,2019,,oj.uz,https://oj.uz/problem/view/COCI20_psk,,subtask,4,estimated,,adhoc.unclassified,adhoc.unclassified,via-dmoj-category,,,,,2026-09-19,2026-09-19
coci-2019-putovanje,Putovanje,coci,COCI 2019,2019,,oj.uz,https://oj.uz/problem/view/COCI20_putovanje,,subtask,4,estimated,,adhoc.unclassified,adhoc.unclassified,via-dmoj-category,,,,,2026-09-19,2026-09-19
coci-2019-skandi,Skandi,coci,COCI 2019,2019,,oj.uz,https://oj.uz/problem/view/COCI20_skandi,,subtask,4,estimated,,adhoc.unclassified,adhoc.unclassified,via-dmoj-category,,,,,2026-09-19,2026-09-19
coci-2019-slagalica2,Slagalica,coci,COCI 2019,2019,,oj.uz,https://oj.uz/problem/view/COCI19_slagalica2,,subtask,4,estimated,,adhoc.unclassified,adhoc.unclassified,via-dmoj-category,,,,,2026-09-19,2026-09-19
coci-2019-sob,Sob,coci,COCI 2019,2019,,oj.uz,https://oj.uz/problem/view/COCI19_sob,,subtask,4,estimated,,adhoc.unclassified,adhoc.unclassified,via-dmoj-category,,,,,2026-09-19,2026-09-19
coci-2019-spiderman,Spiderman,coci,COCI 2019,2019,,oj.uz,https://oj.uz/problem/view/COCI20_spiderman,,subtask,4,estimated,,adhoc.unclassified,adhoc.unclassified,via-dmoj-category,,,,,2026-09-19,2026-09-19
coci-2019-trener,Trener,coci,COCI 2019,2019,,oj.uz,https://oj.uz/problem/view/COCI20_trener,,subtask,4,estimated,,adhoc.unclassified,adhoc.unclassified,via-dmoj-category,,,,,2026-09-19,2026-09-19
coci-2019-trobojnica,Trobojnica,coci,COCI 2019,2019,,oj.uz,https://oj.uz/problem/view/COCI19_trobojnica,,subtask,4,estimated,,adhoc.unclassified,adhoc.unclassified,via-dmoj-category,,,,,2026-09-19,2026-09-19
coci-2019-trol,Trol,coci,COCI 2019,2019,,oj.uz,https://oj.uz/problem/view/COCI19_trol,,subtask,4,estimated,,adhoc.unclassified,adhoc.unclassified,via-dmoj-category,,,,,2026-09-19,2026-09-19
coci-2019-zapina,Zapina,coci,COCI 2019,2019,,oj.uz,https://oj.uz/problem/view/COCI20_zapina,,subtask,4,estimated,,adhoc.unclassified,adhoc.unclassified,via-dmoj-category,,,,,2026-09-19,2026-09-19
coci-2019-zoo,Zoo,coci,COCI 2019,2019,,oj.uz,https://oj.uz/problem/view/COCI19_zoo,,subtask,4,estimated,,adhoc.unclassified,adhoc.unclassified,via-dmoj-category,,,,,2026-09-19,2026-09-19
coci-2019-zvijezda,Zvijezda,coci,COCI 2019,2019,,oj.uz,https://oj.uz/problem/view/COCI19_zvijezda,,subtask,4,estimated,,adhoc.unclassified,adhoc.unclassified,via-dmoj-category,,,,,2026-09-19,2026-09-19
coci-2020-alias,Alias,coci,COCI 2020,2020,,oj.uz,https://oj.uz/problem/view/COCI21_alias,,subtask,4,estimated,,adhoc.unclassified,adhoc.unclassified,via-dmoj-category,,,,,2026-09-19,2026-09-19
coci-2020-anagramistica,Anagramistica,coci,COCI 2020,2020,,oj.uz,https://oj.uz/problem/view/COCI21_anagramistica,,subtask,4,estimated,,adhoc.unclassified,adhoc.unclassified,via-dmoj-category,,,,,2026-09-19,2026-09-19
coci-2020-bajka,Bajka,coci,COCI 2020,2020,,oj.uz,https://oj.uz/problem/view/COCI20_bajka,,subtask,4,estimated,,adhoc.unclassified,adhoc.unclassified,via-dmoj-category,,,,,2026-09-19,2026-09-19
coci-2020-bold,Bold,coci,COCI 2020,2020,,oj.uz,https://oj.uz/problem/view/COCI21_bold,,subtask,4,estimated,,adhoc.unclassified,adhoc.unclassified,via-dmoj-category,,,,,2026-09-19,2026-09-19
coci-2020-crtanje,Crtanje,coci,COCI 2020,2020,,oj.uz,https://oj.uz/problem/view/COCI20_crtanje,,subtask,4,estimated,,adhoc.unclassified,adhoc.unclassified,via-dmoj-category,,,,,2026-09-19,2026-09-19
coci-2020-euklid,Euklid,coci,COCI 2020,2020,,oj.uz,https://oj.uz/problem/view/COCI20_euklid,,subtask,4,estimated,,adhoc.unclassified,adhoc.unclassified,via-dmoj-category,,,,,2026-09-19,2026-09-19
coci-2020-geometrija,Geometrija,coci,COCI 2020,2020,,oj.uz,https://oj.uz/problem/view/COCI21_geometrija,,subtask,4,estimated,,adhoc.unclassified,adhoc.unclassified,via-dmoj-category,,,,,2026-09-19,2026-09-19
coci-2020-histogram,3D Histogram,coci,COCI 2020,2020,,oj.uz,https://oj.uz/problem/view/COCI20_histogram,,subtask,4,estimated,,adhoc.unclassified,adhoc.unclassified,via-dmoj-category,,,,,2026-09-19,2026-09-19
coci-2020-hop,Hop,coci,COCI 2020,2020,,oj.uz,https://oj.uz/problem/view/COCI21_hop,,subtask,4,estimated,,adhoc.unclassified,adhoc.unclassified,via-dmoj-category,,,,,2026-09-19,2026-09-19
coci-2020-index,Index,coci,COCI 2020,2020,,oj.uz,https://oj.uz/problem/view/COCI21_index,,subtask,4,estimated,,adhoc.unclassified,adhoc.unclassified,via-dmoj-category,,,,,2026-09-19,2026-09-19
coci-2020-janjetina,Janjetina,coci,COCI 2020,2020,,oj.uz,https://oj.uz/problem/view/COCI21_janjetina,,subtask,4,estimated,,adhoc.unclassified,adhoc.unclassified,via-dmoj-category,,,,,2026-09-19,2026-09-19
coci-2020-knjige,Knjige,coci,COCI 2020,2020,,oj.uz,https://oj.uz/problem/view/COCI20_knjige,,subtask,4,estimated,,adhoc.unclassified,adhoc.unclassified,via-dmoj-category,,,,,2026-09-19,2026-09-19
coci-2020-magenta,Magenta,coci,COCI 2020,2020,,oj.uz,https://oj.uz/problem/view/COCI21_magenta,,subtask,4,estimated,,adhoc.unclassified,adhoc.unclassified,via-dmoj-category,,,,,2026-09-19,2026-09-19
coci-2020-odasiljaci,Odašiljači,coci,COCI 2020,2020,,oj.uz,https://oj.uz/problem/view/COCI20_odasiljaci,,subtask,4,estimated,,adhoc.unclassified,adhoc.unclassified,via-dmoj-category,,,,,2026-09-19,2026-09-19
coci-2020-papricice,Papričice,coci,COCI 2020,2020,,oj.uz,https://oj.uz/problem/view/COCI20_papricice,,subtask,4,estimated,,adhoc.unclassified,adhoc.unclassified,via-dmoj-category,,,,,2026-09-19,2026-09-19
coci-2020-patkice,Patkice,coci,COCI 2020,2020,,oj.uz,https://oj.uz/problem/view/COCI20_patkice,,subtask,4,estimated,,adhoc.unclassified,adhoc.unclassified,via-dmoj-category,,,,,2026-09-19,2026-09-19
coci-2020-patkice2,Patkice II,coci,COCI 2020,2020,,oj.uz,https://oj.uz/problem/view/COCI21_patkice2,,subtask,4,estimated,,adhoc.unclassified,adhoc.unclassified,via-dmoj-category,,,,,2026-09-19,2026-09-19
coci-2020-pizza,Pizza,coci,COCI 2020,2020,,oj.uz,https://oj.uz/problem/view/COCI21_pizza,,subtask,4,estimated,,adhoc.unclassified,adhoc.unclassified,via-dmoj-category,,,,,2026-09-19,2026-09-19
coci-2020-planine,Planine,coci,COCI 2020,2020,,oj.uz,https://oj.uz/problem/view/COCI21_planine,,subtask,4,estimated,,adhoc.unclassified,adhoc.unclassified,via-dmoj-category,,,,,2026-09-19,2026-09-19
coci-2020-po,Po,coci,COCI 2020,2020,,oj.uz,https://oj.uz/problem/view/COCI21_po,,subtask,4,estimated,,adhoc.unclassified,adhoc.unclassified,via-dmoj-category,,,,,2026-09-19,2026-09-19
coci-2020-satellti,Sateliti,coci,COCI 2020,2020,,oj.uz,https://oj.uz/problem/view/COCI20_satellti,,subtask,4,estimated,,adhoc.unclassified,adhoc.unclassified,via-dmoj-category,,,,,2026-09-19,2026-09-19
coci-2020-selotejp,Selotejp,coci,COCI 2020,2020,,oj.uz,https://oj.uz/problem/view/COCI20_selotejp,,subtask,4,estimated,,dp.subset.broken_profile,dp.subset.broken_profile,via-usaco-guide,,,,,2026-09-19,2026-09-19
coci-2020-sifra,Sifra,coci,COCI 2020,2020,,oj.uz,https://oj.uz/problem/view/COCI21_sifra,,subtask,4,estimated,,adhoc.unclassified,adhoc.unclassified,via-dmoj-category,,,,,2026-09-19,2026-09-19
coci-2020-sjeckanje,Sjeckanje,coci,COCI 2020,2020,,oj.uz,https://oj.uz/problem/view/COCI21_sjeckanje,,subtask,4,estimated,,data_structures.range_query.segment_tree,data_structures.range_query.segment_tree,via-usaco-guide,,,,,2026-09-19,2026-09-19
coci-2020-sjekira,Sjekira,coci,COCI 2020,2020,,oj.uz,https://oj.uz/problem/view/COCI20_sjekira,,subtask,4,estimated,,adhoc.unclassified,adhoc.unclassified,via-dmoj-category,,,,,2026-09-19,2026-09-19
coci-2020-specijacija,Specijacija,coci,COCI 2020,2020,,oj.uz,https://oj.uz/problem/view/COCI20_specijacija,,subtask,4,estimated,,adhoc.unclassified,adhoc.unclassified,via-dmoj-category,,,,,2026-09-19,2026-09-19
coci-2020-svjetlo,Svjetlo,coci,COCI 2020,2020,,oj.uz,https://oj.uz/problem/view/COCI20_svjetlo,,subtask,4,estimated,,adhoc.unclassified,adhoc.unclassified,via-dmoj-category,,,,,2026-09-19,2026-09-19
coci-2020-tenis,Tenis,coci,COCI 2020,2020,,oj.uz,https://oj.uz/problem/view/COCI20_tenis,,subtask,4,estimated,,adhoc.unclassified,adhoc.unclassified,via-dmoj-category,,,,,2026-09-19,2026-09-19
coci-2020-vepar,Vepar,coci,COCI 2020,2020,,oj.uz,https://oj.uz/problem/view/COCI21_vepar,,subtask,4,estimated,,adhoc.unclassified,adhoc.unclassified,via-dmoj-category,,,,,2026-09-19,2026-09-19
coci-2020-vlak,Vlak,coci,COCI 2020,2020,,oj.uz,https://oj.uz/problem/view/COCI20_vlak,,subtask,4,estimated,,strings.matching.kmp,strings.matching.kmp,via-usaco-guide,,,,,2026-09-19,2026-09-19
coci-2021-akcija,Akcija,coci,COCI 2021,2021,,oj.uz,https://oj.uz/problem/view/COCI21_akcija,,subtask,4,estimated,,adhoc.unclassified,adhoc.unclassified,via-dmoj-category,,,,,2026-09-19,2026-09-19
coci-2021-autici,Autići,coci,COCI 2021,2021,,oj.uz,https://oj.uz/problem/view/COCI22_autici,,subtask,4,estimated,,adhoc.unclassified,adhoc.unclassified,via-dmoj-category,,,,,2026-09-19,2026-09-19
coci-2021-autobus,Autobus,coci,COCI 2021,2021,,oj.uz,https://oj.uz/problem/view/COCI22_autobus,,subtask,4,estimated,,adhoc.unclassified,adhoc.unclassified,via-dmoj-category,,,,,2026-09-19,2026-09-19
coci-2021-cijanobakterije,Cijanobakterije,coci,COCI 2021,2021,,oj.uz,https://oj.uz/problem/view/COCI21_cijanobakterije,,subtask,4,estimated,,adhoc.unclassified,adhoc.unclassified,via-dmoj-category,,,,,2026-09-19,2026-09-19
coci-2021-dijamant,Dijamant,coci,COCI 2021,2021,,oj.uz,https://oj.uz/problem/view/COCI22_dijamant,,subtask,4,estimated,,adhoc.unclassified,adhoc.unclassified,via-dmoj-category,,,,,2026-09-19,2026-09-19
coci-2021-ekoeko,Ekoeko,coci,COCI 2021,2021,,oj.uz,https://oj.uz/problem/view/COCI21_ekoeko,,subtask,4,estimated,,adhoc.unclassified,adhoc.unclassified,via-dmoj-category,,,,,2026-09-19,2026-09-19
coci-2021-fliper,Fliper,coci,COCI 2021,2021,,oj.uz,https://oj.uz/problem/view/COCI22_fliper,,subtask,4,estimated,,adhoc.unclassified,adhoc.unclassified,via-dmoj-category,,,,,2026-09-19,2026-09-19
coci-2021-hiperkocka,Hiperkocka,coci,COCI 2021,2021,,oj.uz,https://oj.uz/problem/view/COCI21_hiperkocka,,subtask,4,estimated,,adhoc.unclassified,adhoc.unclassified,via-dmoj-category,,,,,2026-09-19,2026-09-19
coci-2021-izbori,Izbori,coci,COCI 2021,2021,,oj.uz,https://oj.uz/problem/view/COCI22_izbori,,subtask,4,estimated,,adhoc.unclassified,adhoc.unclassified,via-dmoj-category,,,,,2026-09-19,2026-09-19
coci-2021-kamencici,Kamenčići,coci,COCI 2021,2021,,oj.uz,https://oj.uz/problem/view/COCI21_kamencici,,subtask,4,estimated,,adhoc.unclassified,adhoc.unclassified,via-dmoj-category,,,,,2026-09-19,2026-09-19
coci-2021-kaucuk,Kaučuk,coci,COCI 2021,2021,,oj.uz,https://oj.uz/problem/view/COCI21_kaucuk,,subtask,4,estimated,,adhoc.unclassified,adhoc.unclassified,via-dmoj-category,,,,,2026-09-19,2026-09-19
coci-2021-kemija,Kemija,coci,COCI 2021,2021,,oj.uz,https://oj.uz/problem/view/COCI22_kemija,,subtask,4,estimated,,adhoc.unclassified,adhoc.unclassified,via-dmoj-category,,,,,2026-09-19,2026-09-19
coci-2021-kucice,Kućice,coci,COCI 2021,2021,,oj.uz,https://oj.uz/problem/view/COCI21_kucice,,subtask,4,estimated,,adhoc.unclassified,adhoc.unclassified,via-dmoj-category,,,,,2026-09-19,2026-09-19
coci-2021-kutije,Kutije,coci,COCI 2021,2021,,oj.uz,https://oj.uz/problem/view/COCI21_kutije,,subtask,4,estimated,,adhoc.unclassified,adhoc.unclassified,via-dmoj-category,,,,,2026-09-19,2026-09-19
coci-2021-lampice,Lampice,coci,COCI 2021,2021,,oj.uz,https://oj.uz/problem/view/COCI21_lampice,,subtask,4,estimated,,trees.decomposition.centroid,trees.decomposition.centroid,via-usaco-guide,,,,,2026-09-19,2026-09-19
coci-2021-ljeto,Ljeto,coci,COCI 2021,2021,,oj.uz,https://oj.uz/problem/view/COCI21_ljeto,,subtask,4,estimated,,adhoc.unclassified,adhoc.unclassified,via-dmoj-category,,,,,2026-09-19,2026-09-19
coci-2021-logicari,Logičari,coci,COCI 2021,2021,,oj.uz,https://oj.uz/problem/view/COCI21_logicari,,subtask,4,estimated,,adhoc.unclassified,adhoc.unclassified,via-dmoj-category,,,,,2026-09-19,2026-09-19
coci-2021-magneti,Magneti,coci,COCI 2021,2021,,oj.uz,https://oj.uz/problem/view/COCI21_magneti,,subtask,4,estimated,,adhoc.unclassified,adhoc.unclassified,via-dmoj-category,,,,,2026-09-19,2026-09-19
coci-2021-med,Med,coci,COCI 2021,2021,,oj.uz,https://oj.uz/problem/view/COCI22_med,,subtask,4,estimated,,adhoc.unclassified,adhoc.unclassified,via-dmoj-category,,,,,2026-09-19,2026-09-19
coci-2021-naboj,Naboj,coci,COCI 2021,2021,,oj.uz,https://oj.uz/problem/view/COCI22_naboj,,subtask,4,estimated,,adhoc.unclassified,adhoc.unclassified,via-dmoj-category,,,,,2026-09-19,2026-09-19
coci-2021-osumnjiceni,Osumnjičeni,coci,COCI 2021,2021,,oj.uz,https://oj.uz/problem/view/COCI21_osumnjiceni,,subtask,4,estimated,,adhoc.unclassified,adhoc.unclassified,via-dmoj-category,,,,,2026-09-19,2026-09-19
coci-2021-palindromi,Palindromi,coci,COCI 2021,2021,,oj.uz,https://oj.uz/problem/view/COCI22_palindromi,,subtask,4,estimated,,adhoc.unclassified,adhoc.unclassified,via-dmoj-category,,,,,2026-09-19,2026-09-19
coci-2021-parkovi,Parkovi,coci,COCI 2021,2021,,oj.uz,https://oj.uz/problem/view/COCI22_parkovi,,subtask,4,estimated,,adhoc.unclassified,adhoc.unclassified,via-dmoj-category,,,,,2026-09-19,2026-09-19
coci-2021-radio,Radio,coci,COCI 2021,2021,,oj.uz,https://oj.uz/problem/view/COCI22_radio,,subtask,4,estimated,,adhoc.unclassified,adhoc.unclassified,via-dmoj-category,,,,,2026-09-19,2026-09-19
coci-2021-sarenlist,Šarenlist,coci,COCI 2021,2021,,oj.uz,https://oj.uz/problem/view/COCI22_sarenlist,,subtask,4,estimated,,adhoc.unclassified,adhoc.unclassified,via-dmoj-category,,,,,2026-09-19,2026-09-19
coci-2021-set,Set,coci,COCI 2021,2021,,oj.uz,https://oj.uz/problem/view/COCI21_set,,subtask,4,estimated,,adhoc.unclassified,adhoc.unclassified,via-dmoj-category,,,,,2026-09-19,2026-09-19
coci-2021-superpozicija,Superpozicija,coci,COCI 2021,2021,,oj.uz,https://oj.uz/problem/view/COCI22_superpozicija,,subtask,4,estimated,,adhoc.unclassified,adhoc.unclassified,via-dmoj-category,,,,,2026-09-19,2026-09-19
coci-2021-usmjeravanje,Usmjeravanje,coci,COCI 2021,2021,,oj.uz,https://oj.uz/problem/view/COCI22_usmjeravanje,,subtask,4,estimated,,adhoc.unclassified,adhoc.unclassified,via-dmoj-category,,,,,2026-09-19,2026-09-19
coci-2021-volontiranje,Volontiranje,coci,COCI 2021,2021,,oj.uz,https://oj.uz/problem/view/COCI21_volontiranje,,subtask,4,estimated,,adhoc.unclassified,adhoc.unclassified,via-dmoj-category,,,,,2026-09-19,2026-09-19
coci-2021-zemljiste,Zemljište,coci,COCI 2021,2021,,oj.uz,https://oj.uz/problem/view/COCI22_zemljiste,,subtask,4,estimated,,adhoc.unclassified,adhoc.unclassified,via-dmoj-category,,,,,2026-09-19,2026-09-19
coci-2025-dodatna,Dodatna,coci,COCI 2025,2025,,oj.uz,https://oj.uz/problem/view/COCI25_dodatna,,subtask,4,estimated,,adhoc.unclassified,adhoc.unclassified,via-dmoj-category,,,,,2026-09-19,2026-09-19
coci-2025-domjenak,Domjenak,coci,COCI 2025,2025,,oj.uz,https://oj.uz/problem/view/COCI25_domjenak,,subtask,4,estimated,,adhoc.unclassified,adhoc.unclassified,via-dmoj-category,,,,,2026-09-19,2026-09-19
coci-2025-drzava,Drzava,coci,COCI 2025,2025,,oj.uz,https://oj.uz/problem/view/COCI25_drzava,,subtask,4,estimated,,adhoc.unclassified,adhoc.unclassified,via-dmoj-category,,,,,2026-09-19,2026-09-19
coci-2025-festival,Festival,coci,COCI 2025,2025,,oj.uz,https://oj.uz/problem/view/COCI25_festival,,subtask,4,estimated,,graphs.components.scc_tarjan,graphs.components.scc_tarjan,via-usaco-guide,,,,,2026-09-19,2026-09-19
coci-2025-harmonija,Harmonija,coci,COCI 2025,2025,,oj.uz,https://oj.uz/problem/view/COCI25_harmonija,,subtask,4,estimated,,adhoc.unclassified,adhoc.unclassified,via-dmoj-category,,,,,2026-09-19,2026-09-19
coci-2025-kist,Kist,coci,COCI 2025,2025,,oj.uz,https://oj.uz/problem/view/COCI25_kist,,subtask,4,estimated,,adhoc.unclassified,adhoc.unclassified,via-dmoj-category,,,,,2026-09-19,2026-09-19
coci-2025-kraljica,Kraljica,coci,COCI 2025,2025,,oj.uz,https://oj.uz/problem/view/COCI25_kraljica,,subtask,4,estimated,,adhoc.unclassified,adhoc.unclassified,via-dmoj-category,,,,,2026-09-19,2026-09-19
coci-2025-krugomet,Krugomet,coci,COCI 2025,2025,,oj.uz,https://oj.uz/problem/view/COCI25_krugomet,,subtask,4,estimated,,adhoc.unclassified,adhoc.unclassified,via-dmoj-category,,,,,2026-09-19,2026-09-19
coci-2025-magija,Magija,coci,COCI 2025,2025,,oj.uz,https://oj.uz/problem/view/COCI26_magija,,subtask,4,estimated,,adhoc.unclassified,adhoc.unclassified,via-dmoj-category,,,,,2026-09-19,2026-09-19
coci-2025-matcha,Matcha,coci,COCI 2025,2025,,oj.uz,https://oj.uz/problem/view/COCI26_matcha,,subtask,4,estimated,,adhoc.unclassified,adhoc.unclassified,via-dmoj-category,,,,,2026-09-19,2026-09-19
coci-2025-minesweeper,Minesweeper,coci,COCI 2025,2025,,oj.uz,https://oj.uz/problem/view/COCI25_minesweeper,,subtask,4,estimated,,adhoc.unclassified,adhoc.unclassified,via-dmoj-category,,,,,2026-09-19,2026-09-19
coci-2025-natjecanje,Natjecanje,coci,COCI 2025,2025,,oj.uz,https://oj.uz/problem/view/COCI25_natjecanje,,subtask,4,estimated,,adhoc.unclassified,adhoc.unclassified,via-dmoj-category,,,,,2026-09-19,2026-09-19
coci-2025-pet,Pet,coci,COCI 2025,2025,,oj.uz,https://oj.uz/problem/view/COCI26_pet,,subtask,4,estimated,,adhoc.unclassified,adhoc.unclassified,via-dmoj-category,,,,,2026-09-19,2026-09-19
coci-2025-rastuci,Rastuci,coci,COCI 2025,2025,,oj.uz,https://oj.uz/problem/view/COCI25_rastuci,,subtask,4,estimated,,adhoc.unclassified,adhoc.unclassified,via-dmoj-category,,,,,2026-09-19,2026-09-19
coci-2025-ravnalo,Ravnalo,coci,COCI 2025,2025,,oj.uz,https://oj.uz/problem/view/COCI25_ravnalo,,subtask,4,estimated,,adhoc.unclassified,adhoc.unclassified,via-dmoj-category,,,,,2026-09-19,2026-09-19
coci-2025-rima,Rima,coci,COCI 2025,2025,,oj.uz,https://oj.uz/problem/view/COCI25_rima,,subtask,4,estimated,,adhoc.unclassified,adhoc.unclassified,via-dmoj-category,,,,,2026-09-19,2026-09-19
coci-2025-skare,Skare,coci,COCI 2025,2025,,oj.uz,https://oj.uz/problem/view/COCI26_skare,,subtask,4,estimated,,adhoc.unclassified,adhoc.unclassified,via-dmoj-category,,,,,2026-09-19,2026-09-19
coci-2025-sladoled,Sladoled,coci,COCI 2025,2025,,oj.uz,https://oj.uz/problem/view/COCI26_sladoled,,subtask,4,estimated,,adhoc.unclassified,adhoc.unclassified,via-dmoj-category,,,,,2026-09-19,2026-09-19
coci-2025-slaganje,Slaganje,coci,COCI 2025,2025,,oj.uz,https://oj.uz/problem/view/COCI26_slaganje,,subtask,4,estimated,,adhoc.unclassified,adhoc.unclassified,via-dmoj-category,,,,,2026-09-19,2026-09-19
coci-2025-struktura,Struktura,coci,COCI 2025,2025,,oj.uz,https://oj.uz/problem/view/COCI26_struktura,,subtask,4,estimated,,adhoc.unclassified,adhoc.unclassified,via-dmoj-category,,,,,2026-09-19,2026-09-19
coci-2025-tezina,Tezina,coci,COCI 2025,2025,,oj.uz,https://oj.uz/problem/view/COCI26_tezina,,subtask,4,estimated,,adhoc.unclassified,adhoc.unclassified,via-dmoj-category,,,,,2026-09-19,2026-09-19
coci-2025-tjelesni,Tjelesni,coci,COCI 2025,2025,,oj.uz,https://oj.uz/problem/view/COCI26_tjelesni,,subtask,4,estimated,,adhoc.unclassified,adhoc.unclassified,via-dmoj-category,,,,,2026-09-19,2026-09-19
coci-2025-tomahawk,Tomahawk,coci,COCI 2025,2025,,oj.uz,https://oj.uz/problem/view/COCI26_tomahawk,,subtask,4,estimated,,adhoc.unclassified,adhoc.unclassified,via-dmoj-category,,,,,2026-09-19,2026-09-19
coci-2025-tornjevi,Tornjevi,coci,COCI 2025,2025,,oj.uz,https://oj.uz/problem/view/COCI25_tornjevi,,subtask,4,estimated,,adhoc.unclassified,adhoc.unclassified,via-dmoj-category,,,,,2026-09-19,2026-09-19
coci-2025-zagi,Zagi,coci,COCI 2025,2025,,oj.uz,https://oj.uz/problem/view/COCI25_zagi,,subtask,4,estimated,,adhoc.unclassified,adhoc.unclassified,via-dmoj-category,,,,,2026-09-19,2026-09-19
coci-2025-zombie,Zombie,coci,COCI 2025,2025,,oj.uz,https://oj.uz/problem/view/COCI26_zombie,,subtask,4,estimated,,adhoc.unclassified,adhoc.unclassified,via-dmoj-category,,,,,2026-09-19,2026-09-19
coi-2014-css,CSS,coi,COI 2014,2014,,oj.uz,https://oj.uz/problem/view/COI14_css,,subtask,6,estimated,,adhoc.unclassified,adhoc.unclassified,via-dmoj-category,,,,,2026-09-19,2026-09-19
coi-2014-grad,Grad,coi,COI 2014,2014,,oj.uz,https://oj.uz/problem/view/COI14_grad,,subtask,6,estimated,,adhoc.unclassified,adhoc.unclassified,via-dmoj-category,,,,,2026-09-19,2026-09-19
coi-2014-gta,GTA,coi,COI 2014,2014,,oj.uz,https://oj.uz/problem/view/COI14_gta,,subtask,6,estimated,,adhoc.unclassified,adhoc.unclassified,via-dmoj-category,,,,,2026-09-19,2026-09-19
coi-2014-kosta,Kosta,coi,COI 2014,2014,,oj.uz,https://oj.uz/problem/view/COI14_kosta,,subtask,6,estimated,,adhoc.unclassified,adhoc.unclassified,via-dmoj-category,,,,,2026-09-19,2026-09-19
coi-2014-krave,Krave,coi,COI 2014,2014,,oj.uz,https://oj.uz/problem/view/COI14_krave,,subtask,6,estimated,,adhoc.unclassified,adhoc.unclassified,via-dmoj-category,,,,,2026-09-19,2026-09-19
coi-2014-mostovi,Mostovi,coi,COI 2014,2014,,oj.uz,https://oj.uz/problem/view/COI14_mostovi,,subtask,6,estimated,,adhoc.unclassified,adhoc.unclassified,via-dmoj-category,,,,,2026-09-19,2026-09-19
coi-2014-nizovi,Nizovi,coi,COI 2014,2014,,oj.uz,https://oj.uz/problem/view/COI14_nizovi,,subtask,6,estimated,,adhoc.unclassified,adhoc.unclassified,via-dmoj-category,,,,,2026-09-19,2026-09-19
coi-2015-cvenk,ČVENK,coi,COI 2015,2015,,oj.uz,https://oj.uz/problem/view/COI15_cvenk,,subtask,6,estimated,,adhoc.unclassified,adhoc.unclassified,via-dmoj-category,,,,,2026-09-19,2026-09-19
coi-2015-kovanice,KOVANICE,coi,COI 2015,2015,,oj.uz,https://oj.uz/problem/view/COI15_kovanice,,subtask,6,estimated,,adhoc.unclassified,adhoc.unclassified,via-dmoj-category,,,,,2026-09-19,2026-09-19
coi-2015-nafta,Nafta,coi,COI 2015,2015,,oj.uz,https://oj.uz/problem/view/COI15_nafta,,subtask,6,estimated,,dp.optimization.divide_conquer_opt,dp.optimization.divide_conquer_opt,via-usaco-guide,,,,,2026-09-19,2026-09-19
coi-2015-ogledala,OGLEDALA,coi,COI 2015,2015,,oj.uz,https://oj.uz/problem/view/COI15_ogledala,,subtask,6,estimated,,adhoc.unclassified,adhoc.unclassified,via-dmoj-category,,,,,2026-09-19,2026-09-19
coi-2015-ruka,Ruka,coi,COI 2015,2015,,oj.uz,https://oj.uz/problem/view/COI15_ruka,,subtask,6,estimated,,adhoc.unclassified,adhoc.unclassified,via-dmoj-category,,,,,2026-09-19,2026-09-19
coi-2015-sir,SIR,coi,COI 2015,2015,,oj.uz,https://oj.uz/problem/view/COI15_sir,,subtask,6,estimated,,adhoc.unclassified,adhoc.unclassified,via-dmoj-category,,,,,2026-09-19,2026-09-19
coi-2015-zarulje,Žarulje,coi,COI 2015,2015,,oj.uz,https://oj.uz/problem/view/COI15_zarulje,,subtask,6,estimated,,adhoc.unclassified,adhoc.unclassified,via-dmoj-category,,,,,2026-09-19,2026-09-19
coi-2016-dijament,Dijamant,coi,COI 2016,2016,,oj.uz,https://oj.uz/problem/view/COI16_dijament,,subtask,6,estimated,,adhoc.unclassified,adhoc.unclassified,via-dmoj-category,,,,,2026-09-19,2026-09-19
coi-2016-palinilap,Palinilap,coi,COI 2016,2016,,oj.uz,https://oj.uz/problem/view/COI16_palinilap,,subtask,6,estimated,,strings.hashing.polynomial_hash,strings.hashing.polynomial_hash,via-usaco-guide,,,,,2026-09-19,2026-09-19
coi-2016-relay,Relay,coi,COI 2016,2016,,oj.uz,https://oj.uz/problem/view/COI16_relay,,subtask,6,estimated,,adhoc.unclassified,adhoc.unclassified,via-dmoj-category,,,,,2026-09-19,2026-09-19
coi-2016-torrent,Torrent,coi,COI 2016,2016,,oj.uz,https://oj.uz/problem/view/COI16_torrent,,subtask,6,estimated,,dp.tree.subtree_dp,dp.tree.subtree_dp,via-usaco-guide,,,,,2026-09-19,2026-09-19
coi-2017-ili,Ili,coi,COI 2017,2017,,oj.uz,https://oj.uz/problem/view/COI17_ili,,subtask,6,estimated,,adhoc.unclassified,adhoc.unclassified,via-dmoj-category,,,,,2026-09-19,2026-09-19
coi-2017-raspad,Raspad,coi,COI 2017,2017,,oj.uz,https://oj.uz/problem/view/COI17_raspad,,subtask,6,estimated,,adhoc.unclassified,adhoc.unclassified,via-dmoj-category,,,,,2026-09-19,2026-09-19
coi-2017-trapezi,Trapezi,coi,COI 2017,2017,,oj.uz,https://oj.uz/problem/view/COI17_trapezi,,subtask,6,estimated,,adhoc.unclassified,adhoc.unclassified,via-dmoj-category,,,,,2026-09-19,2026-09-19
coi-2017-zagrade,Zagrade,coi,COI 2017,2017,,oj.uz,https://oj.uz/problem/view/COI17_zagrade,,subtask,6,estimated,,adhoc.unclassified,adhoc.unclassified,via-dmoj-category,,,,,2026-09-19,2026-09-19
coi-2018-paprike,Paprike,coi,COI 2018,2018,,oj.uz,https://oj.uz/problem/view/COI18_paprike,,subtask,6,estimated,,adhoc.unclassified,adhoc.unclassified,via-dmoj-category,,,,,2026-09-19,2026-09-19
coi-2018-pick,Pick,coi,COI 2018,2018,,oj.uz,https://oj.uz/problem/view/COI18_pick,,subtask,6,estimated,,adhoc.unclassified,adhoc.unclassified,via-dmoj-category,,,,,2026-09-19,2026-09-19
coi-2018-svjetlost,Svjetlost,coi,COI 2018,2018,,oj.uz,https://oj.uz/problem/view/COI18_svjetlost,,subtask,6,estimated,,adhoc.unclassified,adhoc.unclassified,via-dmoj-category,,,,,2026-09-19,2026-09-19
coi-2018-zagonetka,Zagonetka,coi,COI 2018,2018,,oj.uz,https://oj.uz/problem/view/COI18_zagonetka,,subtask,6,estimated,,adhoc.unclassified,adhoc.unclassified,via-dmoj-category,,,,,2026-09-19,2026-09-19
coi-2019-izlet,Izlet,coi,COI 2019,2019,,oj.uz,https://oj.uz/problem/view/COI19_izlet,,subtask,6,estimated,,adhoc.unclassified,adhoc.unclassified,via-dmoj-category,,,,,2026-09-19,2026-09-19
coi-2019-ljetopica,Ljetopica,coi,COI 2019,2019,,oj.uz,https://oj.uz/problem/view/COI19_ljetopica,,subtask,6,estimated,,adhoc.unclassified,adhoc.unclassified,via-dmoj-category,,,,,2026-09-19,2026-09-19
coi-2019-segway,Segway,coi,COI 2019,2019,,oj.uz,https://oj.uz/problem/view/COI19_segway,,subtask,6,estimated,,adhoc.unclassified,adhoc.unclassified,via-dmoj-category,,,,,2026-09-19,2026-09-19
coi-2019-tenis,Tenis,coi,COI 2019,2019,,oj.uz,https://oj.uz/problem/view/COI19_tenis,,subtask,6,estimated,,adhoc.unclassified,adhoc.unclassified,via-dmoj-category,,,,,2026-09-19,2026-09-19
coi-2020-paint,Paint,coi,COI 2020,2020,,oj.uz,https://oj.uz/problem/view/COI20_paint,,subtask,6,estimated,,adhoc.unclassified,adhoc.unclassified,via-dmoj-category,,,,,2026-09-19,2026-09-19
coi-2020-pastiri,Pastiri,coi,COI 2020,2020,,oj.uz,https://oj.uz/problem/view/COI20_pastiri,,subtask,6,estimated,,adhoc.unclassified,adhoc.unclassified,via-dmoj-category,,,,,2026-09-19,2026-09-19
coi-2020-semafor,Semafor,coi,COI 2020,2020,,oj.uz,https://oj.uz/problem/view/COI20_semafor,,subtask,6,estimated,,adhoc.unclassified,adhoc.unclassified,via-dmoj-category,,,,,2026-09-19,2026-09-19
coi-2020-zagrade,Zagrade,coi,COI 2020,2020,,oj.uz,https://oj.uz/problem/view/COI20_zagrade,,subtask,6,estimated,,adhoc.unclassified,adhoc.unclassified,via-dmoj-category,,,,,2026-09-19,2026-09-19
coi-2021-autobahn,Autobahn,coi,COI 2021,2021,,oj.uz,https://oj.uz/problem/view/COI21_autobahn,,subtask,6,estimated,,adhoc.unclassified,adhoc.unclassified,via-dmoj-category,,,,,2026-09-19,2026-09-19
coi-2021-cigle,Cigle,coi,COI 2021,2021,,oj.uz,https://oj.uz/problem/view/COI21_cigle,,subtask,6,estimated,,adhoc.unclassified,adhoc.unclassified,via-dmoj-category,,,,,2026-09-19,2026-09-19
coi-2021-izvanzemaljci,Izvanzemaljci,coi,COI 2021,2021,,oj.uz,https://oj.uz/problem/view/COI21_izvanzemaljci,,subtask,6,estimated,,adhoc.unclassified,adhoc.unclassified,via-dmoj-category,,,,,2026-09-19,2026-09-19
coi-2021-malnarisc,MalnaRISC,coi,COI 2021,2021,,oj.uz,https://oj.uz/problem/view/COI21_malnarisc,,subtask,6,estimated,,adhoc.unclassified,adhoc.unclassified,via-dmoj-category,,,,,2026-09-19,2026-09-19
coi-2022-madionicar,Mađioničar,coi,COI 2022,2022,,oj.uz,https://oj.uz/problem/view/COI22_madionicar,,subtask,6,estimated,,adhoc.unclassified,adhoc.unclassified,via-dmoj-category,,,,,2026-09-19,2026-09-19
coi-2022-mensza,Mensza,coi,COI 2022,2022,,oj.uz,https://oj.uz/problem/view/COI22_mensza,,subtask,6,estimated,,adhoc.unclassified,adhoc.unclassified,via-dmoj-category,,,,,2026-09-19,2026-09-19
coi-2022-povjerenstvo,Povjerenstvo,coi,COI 2022,2022,,oj.uz,https://oj.uz/problem/view/COI22_povjerenstvo,,subtask,6,estimated,,adhoc.unclassified,adhoc.unclassified,via-dmoj-category,,,,,2026-09-19,2026-09-19
coi-2022-vinjete,Vinjete,coi,COI 2022,2022,,oj.uz,https://oj.uz/problem/view/COI22_vinjete,,subtask,6,estimated,,adhoc.unclassified,adhoc.unclassified,via-dmoj-category,,,,,2026-09-19,2026-09-19
coi-2023-bliskost,Bliskost,coi,COI 2023,2023,,oj.uz,https://oj.uz/problem/view/COI23_bliskost,,subtask,6,estimated,,adhoc.unclassified,adhoc.unclassified,via-dmoj-category,,,,,2026-09-19,2026-09-19
coi-2023-nestabilnost,Nestabilnost,coi,COI 2023,2023,,oj.uz,https://oj.uz/problem/view/COI23_nestabilnost,,subtask,6,estimated,,adhoc.unclassified,adhoc.unclassified,via-dmoj-category,,,,,2026-09-19,2026-09-19
coi-2023-netrpeljivost,Netrpeljivost,coi,COI 2023,2023,,oj.uz,https://oj.uz/problem/view/COI23_netrpeljivost,,subtask,6,estimated,,adhoc.unclassified,adhoc.unclassified,via-dmoj-category,,,,,2026-09-19,2026-09-19
coi-2023-slicnost,Sličnost,coi,COI 2023,2023,,oj.uz,https://oj.uz/problem/view/COI23_slicnost,,subtask,6,estimated,,adhoc.unclassified,adhoc.unclassified,via-dmoj-category,,,,,2026-09-19,2026-09-19
coi-2024-cern,CERN,coi,COI 2024,2024,,oj.uz,https://oj.uz/problem/view/COI24_cern,,subtask,6,estimated,,adhoc.unclassified,adhoc.unclassified,via-dmoj-category,,,,,2026-09-19,2026-09-19
coi-2024-koreografija,Koreografija,coi,COI 2024,2024,,oj.uz,https://oj.uz/problem/view/COI24_koreografija,,subtask,6,estimated,,adhoc.unclassified,adhoc.unclassified,via-dmoj-category,,,,,2026-09-19,2026-09-19
coi-2024-ministarstvo,Ministarstvo,coi,COI 2024,2024,,oj.uz,https://oj.uz/problem/view/COI24_ministarstvo,,subtask,6,estimated,,adhoc.unclassified,adhoc.unclassified,via-dmoj-category,,,,,2026-09-19,2026-09-19
coi-2024-sirologija,Sirologija,coi,COI 2024,2024,,oj.uz,https://oj.uz/problem/view/COI24_sirologija,,subtask,6,estimated,,adhoc.unclassified,adhoc.unclassified,via-dmoj-category,,,,,2026-09-19,2026-09-19
coi-2025-automatizacija,Automatizacija,coi,COI 2025,2025,,oj.uz,https://oj.uz/problem/view/COI25_automatizacija,,subtask,6,estimated,,adhoc.unclassified,adhoc.unclassified,via-dmoj-category,,,,,2026-09-19,2026-09-19
coi-2025-bolivija,Bolivija,coi,COI 2025,2025,,oj.uz,https://oj.uz/problem/view/COI25_bolivija,,subtask,6,estimated,,adhoc.unclassified,adhoc.unclassified,via-dmoj-category,,,,,2026-09-19,2026-09-19
coi-2025-korupcija,Korupcija,coi,COI 2025,2025,,oj.uz,https://oj.uz/problem/view/COI25_korupcija,,subtask,6,estimated,,adhoc.unclassified,adhoc.unclassified,via-dmoj-category,,,,,2026-09-19,2026-09-19
coi-2025-lirili,Lirili Larila,coi,COI 2025,2025,,oj.uz,https://oj.uz/problem/view/COI25_lirili,,subtask,6,estimated,,adhoc.unclassified,adhoc.unclassified,via-dmoj-category,,,,,2026-09-19,2026-09-19
cses-1068,Weird Algorithm,cses,CSES Problem Set - Introductory Problems,,,cses,https://cses.fi/problemset/task/1068,,standard,1,estimated,,adhoc.simulation.direct,adhoc.simulation.direct,,3,,,,2026-09-19,2026-09-19
cses-1069,Repetitions,cses,CSES Problem Set - Introductory Problems,,,cses,https://cses.fi/problemset/task/1069,,standard,1,estimated,,adhoc.simulation.direct,adhoc.simulation.direct,,3,,,,2026-09-19,2026-09-19
cses-1070,Permutations,cses,CSES Problem Set - Introductory Problems,,,cses,https://cses.fi/problemset/task/1070,,standard,2,estimated,,adhoc.constructive.construction,adhoc.constructive.construction,,4,,,,2026-09-19,2026-09-19
cses-1071,Number Spiral,cses,CSES Problem Set - Introductory Problems,,,cses,https://cses.fi/problemset/task/1071,,standard,2,estimated,,adhoc.constructive.construction,adhoc.constructive.construction,,3,,,,2026-09-19,2026-09-19
cses-1072,Two Knights,cses,CSES Problem Set - Introductory Problems,,,cses,https://cses.fi/problemset/task/1072,,standard,2,estimated,,combinatorics.basics.binomials,combinatorics.basics.binomials,,3,,,,2026-09-19,2026-09-19
cses-1073,Towers,cses,CSES Problem Set - Sorting and Searching,,,cses,https://cses.fi/problemset/task/1073,,standard,3,estimated,,greedy.exchange.sorting_order,greedy.exchange.sorting_order,,4,,,,2026-09-19,2026-09-19
cses-1074,Stick Lengths,cses,CSES Problem Set - Sorting and Searching,,,cses,https://cses.fi/problemset/task/1074,,standard,2,estimated,,greedy.exchange.sorting_order,greedy.exchange.sorting_order,,4,,,,2026-09-19,2026-09-19
cses-1075,Counting Permutations,cses,CSES Problem Set - Counting Problems,,,cses,https://cses.fi/problemset/task/1075,,standard,6,estimated,,adhoc.unclassified,adhoc.unclassified,via-dmoj-category,,,,,2026-09-19,2026-09-19
cses-1076,Sliding Window Median,cses,CSES Problem Set - Sliding Window Problems,,,cses,https://cses.fi/problemset/task/1076,,standard,4,estimated,,data_structures.linear.sliding_window,data_structures.linear.sliding_window,via-usaco-guide,,,,,2026-09-19,2026-09-19
cses-1077,Sliding Window Cost,cses,CSES Problem Set - Sliding Window Problems,,,cses,https://cses.fi/problemset/task/1077,,standard,4,estimated,,data_structures.linear.sliding_window,data_structures.linear.sliding_window,via-usaco-guide,,,,,2026-09-19,2026-09-19
cses-1078,Grid Paths II,cses,CSES Problem Set - Counting Problems,,,cses,https://cses.fi/problemset/task/1078,,standard,6,estimated,,adhoc.unclassified,adhoc.unclassified,via-dmoj-category,,,,,2026-09-19,2026-09-19
cses-1079,Binomial Coefficients,cses,CSES Problem Set - Mathematics,,,cses,https://cses.fi/problemset/task/1079,,standard,5,estimated,,combinatorics.basics.binomials,combinatorics.basics.binomials,via-usaco-guide,,,,,2026-09-19,2026-09-19
cses-1080,Empty String,cses,CSES Problem Set - Counting Problems,,,cses,https://cses.fi/problemset/task/1080,,standard,6,estimated,,dp.basics.interval,dp.basics.interval,via-usaco-guide,,,,,2026-09-19,2026-09-19
cses-1081,Common Divisors,cses,CSES Problem Set - Mathematics,,,cses,https://cses.fi/problemset/task/1081,,standard,5,estimated,,adhoc.unclassified,adhoc.unclassified,via-dmoj-category,,,,,2026-09-19,2026-09-19
cses-1082,Sum of Divisors,cses,CSES Problem Set - Mathematics,,,cses,https://cses.fi/problemset/task/1082,,standard,5,estimated,,adhoc.unclassified,adhoc.unclassified,via-dmoj-category,,,,,2026-09-19,2026-09-19
cses-1083,Missing Number,cses,CSES Problem Set - Introductory Problems,,,cses,https://cses.fi/problemset/task/1083,,standard,1,estimated,,adhoc.simulation.direct,adhoc.simulation.direct,,3,,,,2026-09-19,2026-09-19
cses-1084,Apartments,cses,CSES Problem Set - Sorting and Searching,,,cses,https://cses.fi/problemset/task/1084,,standard,2,estimated,,data_structures.linear.sliding_window,data_structures.linear.sliding_window|adhoc.simulation.sorting,,4,,,,2026-09-19,2026-09-19
cses-1085,Array Division,cses,CSES Problem Set - Sorting and Searching,,,cses,https://cses.fi/problemset/task/1085,,standard,4,estimated,,search.binary_search.on_answer,search.binary_search.on_answer,,4,,,,2026-09-19,2026-09-19
cses-1086,Writing Numbers,cses,CSES Problem Set - Additional Problems I,,,cses,https://cses.fi/problemset/task/1086,,standard,6,estimated,,adhoc.unclassified,adhoc.unclassified,via-dmoj-category,,,,,2026-09-19,2026-09-19
cses-1087,Shortest Subsequence,cses,CSES Problem Set - Additional Problems I,,,cses,https://cses.fi/problemset/task/1087,,standard,6,estimated,,adhoc.unclassified,adhoc.unclassified,via-dmoj-category,,,,,2026-09-19,2026-09-19
cses-1090,Ferris Wheel,cses,CSES Problem Set - Sorting and Searching,,,cses,https://cses.fi/problemset/task/1090,,standard,2,estimated,,data_structures.linear.sliding_window,data_structures.linear.sliding_window|adhoc.simulation.sorting,,4,,,,2026-09-19,2026-09-19
cses-1091,Concert Tickets,cses,CSES Problem Set - Sorting and Searching,,,cses,https://cses.fi/problemset/task/1091,,standard,3,estimated,,greedy.exchange.sorting_order,greedy.exchange.sorting_order,,4,,,,2026-09-19,2026-09-19
cses-1092,Two Sets,cses,CSES Problem Set - Introductory Problems,,,cses,https://cses.fi/problemset/task/1092,,standard,3,estimated,,adhoc.constructive.construction,adhoc.constructive.construction,,4,,,,2026-09-19,2026-09-19
cses-1093,Two Sets II,cses,CSES Problem Set - Dynamic Programming,,,cses,https://cses.fi/problemset/task/1093,,standard,4,estimated,,dp.basics.knapsack,dp.basics.knapsack,,4,,,,2026-09-19,2026-09-19
cses-1094,Increasing Array,cses,CSES Problem Set - Introductory Problems,,,cses,https://cses.fi/problemset/task/1094,,standard,1,estimated,,adhoc.simulation.direct,adhoc.simulation.direct,,3,,,,2026-09-19,2026-09-19
cses-1095,Exponentiation,cses,CSES Problem Set - Mathematics,,,cses,https://cses.fi/problemset/task/1095,,standard,5,estimated,,math.algebra.modular_arithmetic,math.algebra.modular_arithmetic,via-usaco-guide,,,,,2026-09-19,2026-09-19
cses-1096,Throwing Dice,cses,CSES Problem Set - Mathematics,,,cses,https://cses.fi/problemset/task/1096,,standard,5,estimated,,adhoc.unclassified,adhoc.unclassified,via-dmoj-category,,,,,2026-09-19,2026-09-19
cses-1097,Removal Game,cses,CSES Problem Set - Dynamic Programming,,,cses,https://cses.fi/problemset/task/1097,,standard,4,estimated,,game_theory.partisan.minimax_dp,game_theory.partisan.minimax_dp|dp.basics.interval,,5,true,,,2026-09-19,2026-09-19
cses-1098,Nim Game II,cses,CSES Problem Set - Mathematics,,,cses,https://cses.fi/problemset/task/1098,,standard,5,estimated,,adhoc.unclassified,adhoc.unclassified,via-dmoj-category,,,,,2026-09-19,2026-09-19
cses-1099,Stair Game,cses,CSES Problem Set - Mathematics,,,cses,https://cses.fi/problemset/task/1099,,standard,5,estimated,,adhoc.unclassified,adhoc.unclassified,via-dmoj-category,,,,,2026-09-19,2026-09-19
cses-1110,Minimal Rotation,cses,CSES Problem Set - String Algorithms,,,cses,https://cses.fi/problemset/task/1110,,standard,5,estimated,,strings.structure.lyndon,strings.structure.lyndon,,5,true,,,2026-09-19,2026-09-19
cses-1111,Longest Palindrome,cses,CSES Problem Set - String Algorithms,,,cses,https://cses.fi/problemset/task/1111,,standard,5,estimated,,strings.matching.manacher,strings.matching.manacher,,5,true,,,2026-09-19,2026-09-19
cses-1112,Required Substring,cses,CSES Problem Set - String Algorithms,,,cses,https://cses.fi/problemset/task/1112,,standard,7,estimated,,dp.automaton.dp_on_aho_corasick,dp.automaton.dp_on_aho_corasick,,5,true,,,2026-09-19,2026-09-19
cses-1113,String Transform,cses,CSES Problem Set - String Algorithms,,,cses,https://cses.fi/problemset/task/1113,,standard,5,estimated,,adhoc.unclassified,adhoc.unclassified,via-dmoj-category,,,,,2026-09-19,2026-09-19
cses-1130,Tree Matching,cses,CSES Problem Set - Tree Algorithms,,,cses,https://cses.fi/problemset/task/1130,,standard,4,estimated,,dp.tree.subtree_dp,dp.tree.subtree_dp,via-usaco-guide,,,,,2026-09-19,2026-09-19
cses-1131,Tree Diameter,cses,CSES Problem Set - Tree Algorithms,,,cses,https://cses.fi/problemset/task/1131,,standard,3,estimated,,trees.basics.diameter,trees.basics.diameter,,5,true,,,2026-09-19,2026-09-19
cses-1132,Tree Distances I,cses,CSES Problem Set - Tree Algorithms,,,cses,https://cses.fi/problemset/task/1132,,standard,4,estimated,,dp.tree.rerooting,dp.tree.rerooting,,5,true,,,2026-09-19,2026-09-19
cses-1133,Tree Distances II,cses,CSES Problem Set - Tree Algorithms,,,cses,https://cses.fi/problemset/task/1133,,standard,4,estimated,,dp.tree.rerooting,dp.tree.rerooting,,4,,,,2026-09-19,2026-09-19
cses-1134,Prüfer Code,cses,CSES Problem Set - Advanced Graph Problems,,,cses,https://cses.fi/problemset/task/1134,,standard,6,estimated,,adhoc.unclassified,adhoc.unclassified,via-dmoj-category,,,,,2026-09-19,2026-09-19
cses-1135,Distance Queries,cses,CSES Problem Set - Tree Algorithms,,,cses,https://cses.fi/problemset/task/1135,,standard,4,estimated,,trees.ancestors.lca,trees.ancestors.lca,,4,,,,2026-09-19,2026-09-19
cses-1136,Counting Paths,cses,CSES Problem Set - Tree Algorithms,,,cses,https://cses.fi/problemset/task/1136,,standard,5,estimated,,trees.ancestors.lca,trees.ancestors.lca,,4,,,,2026-09-19,2026-09-19
cses-1137,Subtree Queries,cses,CSES Problem Set - Tree Algorithms,,,cses,https://cses.fi/problemset/task/1137,,standard,4,estimated,,trees.basics.euler_tour,trees.basics.euler_tour,,5,true,,,2026-09-19,2026-09-19
cses-1138,Path Queries,cses,CSES Problem Set - Tree Algorithms,,,cses,https://cses.fi/problemset/task/1138,,standard,4,estimated,,trees.basics.euler_tour,trees.basics.euler_tour,,4,,,,2026-09-19,2026-09-19
cses-1139,Distinct Colors,cses,CSES Problem Set - Tree Algorithms,,,cses,https://cses.fi/problemset/task/1139,,standard,5,estimated,,trees.decomposition.small_to_large,trees.decomposition.small_to_large,,5,true,,,2026-09-19,2026-09-19
cses-1140,Projects,cses,CSES Problem Set - Dynamic Programming,,,cses,https://cses.fi/problemset/task/1140,,standard,4,estimated,,dp.basics.linear,dp.basics.linear|search.binary_search.on_answer,,4,,,,2026-09-19,2026-09-19
cses-1141,Playlist,cses,CSES Problem Set - Sorting and Searching,,,cses,https://cses.fi/problemset/task/1141,,standard,3,estimated,,data_structures.linear.sliding_window,data_structures.linear.sliding_window,,5,true,,,2026-09-19,2026-09-19
cses-1142,Advertisement,cses,CSES Problem Set - Additional Problems I,,,cses,https://cses.fi/problemset/task/1142,,standard,6,estimated,,data_structures.linear.stack,data_structures.linear.stack,via-usaco-guide,,,,,2026-09-19,2026-09-19
cses-1143,Hotel Queries,cses,CSES Problem Set - Range Queries,,,cses,https://cses.fi/problemset/task/1143,,standard,5,estimated,,data_structures.range_query.segment_tree,data_structures.range_query.segment_tree,via-usaco-guide,,,,,2026-09-19,2026-09-19
cses-1144,Salary Queries,cses,CSES Problem Set - Range Queries,,,cses,https://cses.fi/problemset/task/1144,,standard,5,estimated,,data_structures.range_query.segment_tree,data_structures.range_query.segment_tree,via-usaco-guide,,,,,2026-09-19,2026-09-19
cses-1145,Increasing Subsequence,cses,CSES Problem Set - Dynamic Programming,,,cses,https://cses.fi/problemset/task/1145,,standard,3,estimated,,dp.basics.lis,dp.basics.lis,,5,true,,,2026-09-19,2026-09-19
cses-1146,Counting Bits,cses,CSES Problem Set - Bitwise Operations,,,cses,https://cses.fi/problemset/task/1146,,standard,5,estimated,,bitwise.basics.popcount,bitwise.basics.popcount,,4,,,,2026-09-19,2026-09-19
cses-1147,Maximum Building I,cses,CSES Problem Set - Additional Problems I,,,cses,https://cses.fi/problemset/task/1147,,standard,6,estimated,,data_structures.linear.stack,data_structures.linear.stack,via-usaco-guide,,,,,2026-09-19,2026-09-19
cses-1148,Maximum Building II,cses,CSES Problem Set - Additional Problems II,,,cses,https://cses.fi/problemset/task/1148,,standard,7,estimated,,data_structures.linear.stack,data_structures.linear.stack,via-usaco-guide,,,,,2026-09-19,2026-09-19
cses-1149,Distinct Subsequences,cses,CSES Problem Set - String Algorithms,,,cses,https://cses.fi/problemset/task/1149,,standard,5,estimated,,adhoc.unclassified,adhoc.unclassified,via-dmoj-category,,,,,2026-09-19,2026-09-19
cses-1157,Mex Grid Queries,cses,CSES Problem Set - Additional Problems II,,,cses,https://cses.fi/problemset/task/1157,,standard,7,estimated,,adhoc.unclassified,adhoc.unclassified,via-dmoj-category,,,,,2026-09-19,2026-09-19
cses-1158,Book Shop,cses,CSES Problem Set - Dynamic Programming,,,cses,https://cses.fi/problemset/task/1158,,standard,3,estimated,,dp.basics.knapsack,dp.basics.knapsack,,5,true,,,2026-09-19,2026-09-19
cses-1159,Book Shop II,cses,CSES Problem Set - Additional Problems II,,,cses,https://cses.fi/problemset/task/1159,,standard,7,estimated,,adhoc.unclassified,adhoc.unclassified,via-dmoj-category,,,,,2026-09-19,2026-09-19
cses-1160,Planets Queries II,cses,CSES Problem Set - Graph Algorithms,,,cses,https://cses.fi/problemset/task/1160,,standard,4,estimated,,trees.ancestors.binary_lifting,trees.ancestors.binary_lifting,via-usaco-guide,,,,,2026-09-19,2026-09-19
cses-1161,Stick Divisions,cses,CSES Problem Set - Additional Problems II,,,cses,https://cses.fi/problemset/task/1161,,standard,7,estimated,,data_structures.linear.heap,data_structures.linear.heap,via-usaco-guide,,,,,2026-09-19,2026-09-19
cses-1162,Sorting Methods,cses,CSES Problem Set - Additional Problems I,,,cses,https://cses.fi/problemset/task/1162,,standard,6,estimated,,adhoc.unclassified,adhoc.unclassified,via-dmoj-category,,,,,2026-09-19,2026-09-19
cses-1163,Traffic Lights,cses,CSES Problem Set - Sorting and Searching,,,cses,https://cses.fi/problemset/task/1163,,standard,3,estimated,,data_structures.trees.treap,data_structures.trees.treap,via-usaco-guide,,,,,2026-09-19,2026-09-19
cses-1164,Room Allocation,cses,CSES Problem Set - Sorting and Searching,,,cses,https://cses.fi/problemset/task/1164,,standard,3,estimated,,greedy.exchange.scheduling,greedy.exchange.scheduling,,5,true,,,2026-09-19,2026-09-19
cses-1188,Bit Inversions,cses,CSES Problem Set - Additional Problems I,,,cses,https://cses.fi/problemset/task/1188,,standard,6,estimated,,data_structures.trees.treap,data_structures.trees.treap,via-usaco-guide,,,,,2026-09-19,2026-09-19
cses-1189,Food Division,cses,CSES Problem Set - Additional Problems II,,,cses,https://cses.fi/problemset/task/1189,,standard,7,estimated,,adhoc.unclassified,adhoc.unclassified,via-dmoj-category,,,,,2026-09-19,2026-09-19
cses-1190,Subarray Sum Queries,cses,CSES Problem Set - Range Queries,,,cses,https://cses.fi/problemset/task/1190,,standard,5,estimated,,data_structures.range_query.segment_tree,data_structures.range_query.segment_tree,via-usaco-guide,,,,,2026-09-19,2026-09-19
cses-1191,Cyclic Array,cses,CSES Problem Set - Additional Problems I,,,cses,https://cses.fi/problemset/task/1191,,standard,6,estimated,,trees.ancestors.binary_lifting,trees.ancestors.binary_lifting,via-usaco-guide,,,,,2026-09-19,2026-09-19
cses-1192,Counting Rooms,cses,CSES Problem Set - Graph Algorithms,,,cses,https://cses.fi/problemset/task/1192,,standard,2,estimated,,graphs.traversal.connectivity,graphs.traversal.connectivity,,5,true,,,2026-09-19,2026-09-19
cses-1193,Labyrinth,cses,CSES Problem Set - Graph Algorithms,,,cses,https://cses.fi/problemset/task/1193,,standard,3,estimated,,graphs.traversal.bfs,graphs.traversal.bfs,,5,true,,,2026-09-19,2026-09-19
cses-1194,Monsters,cses,CSES Problem Set - Graph Algorithms,,,cses,https://cses.fi/problemset/task/1194,,standard,4,estimated,,graphs.traversal.bfs,graphs.traversal.bfs,,4,,,,2026-09-19,2026-09-19
cses-1195,Flight Discount,cses,CSES Problem Set - Graph Algorithms,,,cses,https://cses.fi/problemset/task/1195,,standard,5,estimated,,graphs.shortest_path.dijkstra,graphs.shortest_path.dijkstra,,4,,,,2026-09-19,2026-09-19
cses-1196,Flight Routes,cses,CSES Problem Set - Graph Algorithms,,,cses,https://cses.fi/problemset/task/1196,,standard,6,estimated,,graphs.shortest_path.k_shortest,graphs.shortest_path.k_shortest,,5,true,,,2026-09-19,2026-09-19
cses-1197,Cycle Finding,cses,CSES Problem Set - Graph Algorithms,,,cses,https://cses.fi/problemset/task/1197,,standard,4,estimated,,graphs.shortest_path.bellman_ford,graphs.shortest_path.bellman_ford,,4,,,,2026-09-19,2026-09-19
cses-1202,Investigation,cses,CSES Problem Set - Graph Algorithms,,,cses,https://cses.fi/problemset/task/1202,,standard,5,estimated,,graphs.shortest_path.dijkstra,graphs.shortest_path.dijkstra,,4,,,,2026-09-19,2026-09-19
cses-1203,Visiting Cities,cses,CSES Problem Set - Advanced Graph Problems,,,cses,https://cses.fi/problemset/task/1203,,standard,6,estimated,,adhoc.unclassified,adhoc.unclassified,via-dmoj-category,,,,,2026-09-19,2026-09-19
cses-1617,Bit Strings,cses,CSES Problem Set - Introductory Problems,,,cses,https://cses.fi/problemset/task/1617,,standard,1,estimated,,math.algebra.modular_arithmetic,math.algebra.modular_arithmetic,,4,,,,2026-09-19,2026-09-19
cses-1618,Trailing Zeros,cses,CSES Problem Set - Introductory Problems,,,cses,https://cses.fi/problemset/task/1618,,standard,2,estimated,,number_theory.primes.factorization,number_theory.primes.factorization,,4,,,,2026-09-19,2026-09-19
cses-1619,Restaurant Customers,cses,CSES Problem Set - Sorting and Searching,,,cses,https://cses.fi/problemset/task/1619,,standard,2,estimated,,geometry.sweep.line_sweep,geometry.sweep.line_sweep,,4,,,,2026-09-19,2026-09-19
cses-1620,Factory Machines,cses,CSES Problem Set - Sorting and Searching,,,cses,https://cses.fi/problemset/task/1620,,standard,3,estimated,,search.binary_search.on_answer,search.binary_search.on_answer,,5,true,,,2026-09-19,2026-09-19
cses-1621,Distinct Numbers,cses,CSES Problem Set - Sorting and Searching,,,cses,https://cses.fi/problemset/task/1621,,standard,1,estimated,,adhoc.simulation.sorting,adhoc.simulation.sorting,,4,true,,,2026-09-19,2026-09-19
cses-1622,Creating Strings,cses,CSES Problem Set - Introductory Problems,,,cses,https://cses.fi/problemset/task/1622,,standard,2,estimated,,search.exhaustive.backtracking,search.exhaustive.backtracking,,4,,,,2026-09-19,2026-09-19
cses-1623,Apple Division,cses,CSES Problem Set - Introductory Problems,,,cses,https://cses.fi/problemset/task/1623,,standard,3,estimated,,bitwise.masks.subset_enumeration,bitwise.masks.subset_enumeration,,5,true,,,2026-09-19,2026-09-19
cses-1624,Chessboard and Queens,cses,CSES Problem Set - Introductory Problems,,,cses,https://cses.fi/problemset/task/1624,,standard,3,estimated,,search.exhaustive.backtracking,search.exhaustive.backtracking,,5,true,,,2026-09-19,2026-09-19
cses-1625,Grid Path Description,cses,CSES Problem Set - Introductory Problems,,,cses,https://cses.fi/problemset/task/1625,,standard,7,estimated,,search.exhaustive.backtracking,search.exhaustive.backtracking,,5,,,,2026-09-19,2026-09-19
cses-1628,Meet in the Middle,cses,CSES Problem Set - Advanced Techniques,,,cses,https://cses.fi/problemset/task/1628,,standard,7,estimated,,search.exhaustive.meet_in_middle,search.exhaustive.meet_in_middle,via-usaco-guide,,,,,2026-09-19,2026-09-19
cses-1629,Movie Festival,cses,CSES Problem Set - Sorting and Searching,,,cses,https://cses.fi/problemset/task/1629,,standard,3,estimated,,greedy.intervals.selection,greedy.intervals.selection,,5,true,,,2026-09-19,2026-09-19
cses-1630,Tasks and Deadlines,cses,CSES Problem Set - Sorting and Searching,,,cses,https://cses.fi/problemset/task/1630,,standard,3,estimated,,greedy.exchange.sorting_order,greedy.exchange.sorting_order,,5,,,,2026-09-19,2026-09-19
cses-1631,Reading Books,cses,CSES Problem Set - Sorting and Searching,,,cses,https://cses.fi/problemset/task/1631,,standard,3,estimated,,greedy.exchange.sorting_order,greedy.exchange.sorting_order,,4,,,,2026-09-19,2026-09-19
cses-1632,Movie Festival II,cses,CSES Problem Set - Sorting and Searching,,,cses,https://cses.fi/problemset/task/1632,,standard,5,estimated,,greedy.intervals.selection,greedy.intervals.selection,,4,,,,2026-09-19,2026-09-19
cses-1633,Dice Combinations,cses,CSES Problem Set - Dynamic Programming,,,cses,https://cses.fi/problemset/task/1633,,standard,2,estimated,,dp.basics.linear,dp.basics.linear,,5,true,,,2026-09-19,2026-09-19
cses-1634,Minimizing Coins,cses,CSES Problem Set - Dynamic Programming,,,cses,https://cses.fi/problemset/task/1634,,standard,4,estimated,,dp.basics.knapsack,dp.basics.knapsack,via-usaco-guide,,,,,2026-09-19,2026-09-19
cses-1635,Coin Combinations I,cses,CSES Problem Set - Dynamic Programming,,,cses,https://cses.fi/problemset/task/1635,,standard,4,estimated,,dp.basics.knapsack,dp.basics.knapsack,via-usaco-guide,,,,,2026-09-19,2026-09-19
cses-1636,Coin Combinations II,cses,CSES Problem Set - Dynamic Programming,,,cses,https://cses.fi/problemset/task/1636,,standard,4,estimated,,dp.basics.knapsack,dp.basics.knapsack,via-usaco-guide,,,,,2026-09-19,2026-09-19
cses-1637,Removing Digits,cses,CSES Problem Set - Dynamic Programming,,,cses,https://cses.fi/problemset/task/1637,,standard,2,estimated,,dp.basics.linear,dp.basics.linear,,4,,,,2026-09-19,2026-09-19
cses-1638,Grid Paths I,cses,CSES Problem Set - Dynamic Programming,,,cses,https://cses.fi/problemset/task/1638,,standard,2,estimated,,dp.basics.grid,dp.basics.grid,,5,true,,,2026-09-19,2026-09-19
cses-1639,Edit Distance,cses,CSES Problem Set - Dynamic Programming,,,cses,https://cses.fi/problemset/task/1639,,standard,3,estimated,,dp.basics.grid,dp.basics.grid,,5,true,,,2026-09-19,2026-09-19
cses-1640,Sum of Two Values,cses,CSES Problem Set - Sorting and Searching,,,cses,https://cses.fi/problemset/task/1640,,standard,3,estimated,,data_structures.linear.hash_map,data_structures.linear.hash_map,via-usaco-guide,,,,,2026-09-19,2026-09-19
cses-1641,Sum of Three Values,cses,CSES Problem Set - Sorting and Searching,,,cses,https://cses.fi/problemset/task/1641,,standard,3,estimated,,data_structures.linear.sliding_window,data_structures.linear.sliding_window,,4,,,,2026-09-19,2026-09-19
cses-1642,Sum of Four Values,cses,CSES Problem Set - Sorting and Searching,,,cses,https://cses.fi/problemset/task/1642,,standard,4,estimated,,data_structures.linear.hash_map,data_structures.linear.hash_map,,4,,,,2026-09-19,2026-09-19
cses-1643,Maximum Subarray Sum,cses,CSES Problem Set - Sorting and Searching,,,cses,https://cses.fi/problemset/task/1643,,standard,3,estimated,,data_structures.static_range.prefix_sums,data_structures.static_range.prefix_sums,via-usaco-guide,,,,,2026-09-19,2026-09-19
cses-1644,Maximum Subarray Sum II,cses,CSES Problem Set - Sorting and Searching,,,cses,https://cses.fi/problemset/task/1644,,standard,4,estimated,,data_structures.static_range.prefix_sums,data_structures.static_range.prefix_sums,,4,,,,2026-09-19,2026-09-19
cses-1645,Nearest Smaller Values,cses,CSES Problem Set - Sorting and Searching,,,cses,https://cses.fi/problemset/task/1645,,standard,3,estimated,,data_structures.linear.monotonic_stack,data_structures.linear.monotonic_stack,,5,true,,,2026-09-19,2026-09-19
cses-1646,Static Range Sum Queries,cses,CSES Problem Set - Range Queries,,,cses,https://cses.fi/problemset/task/1646,,standard,5,estimated,,adhoc.unclassified,adhoc.unclassified,via-dmoj-category,,,,,2026-09-19,2026-09-19
cses-1647,Static Range Minimum Queries,cses,CSES Problem Set - Range Queries,,,cses,https://cses.fi/problemset/task/1647,,standard,5,estimated,,data_structures.static_range.sparse_table,data_structures.static_range.sparse_table,via-usaco-guide,,,,,2026-09-19,2026-09-19
cses-1648,Dynamic Range Sum Queries,cses,CSES Problem Set - Range Queries,,,cses,https://cses.fi/problemset/task/1648,,standard,5,estimated,,data_structures.range_query.segment_tree,data_structures.range_query.segment_tree,via-usaco-guide,,,,,2026-09-19,2026-09-19
cses-1649,Dynamic Range Minimum Queries,cses,CSES Problem Set - Range Queries,,,cses,https://cses.fi/problemset/task/1649,,standard,5,estimated,,data_structures.range_query.segment_tree,data_structures.range_query.segment_tree,via-usaco-guide,,,,,2026-09-19,2026-09-19
cses-1650,Range Xor Queries,cses,CSES Problem Set - Range Queries,,,cses,https://cses.fi/problemset/task/1650,,standard,5,estimated,,data_structures.static_range.prefix_sums,data_structures.static_range.prefix_sums,via-usaco-guide,,,,,2026-09-19,2026-09-19
cses-1651,Range Update Queries,cses,CSES Problem Set - Range Queries,,,cses,https://cses.fi/problemset/task/1651,,standard,5,estimated,,data_structures.range_query.segment_tree,data_structures.range_query.segment_tree,via-usaco-guide,,,,,2026-09-19,2026-09-19
cses-1652,Forest Queries,cses,CSES Problem Set - Range Queries,,,cses,https://cses.fi/problemset/task/1652,,standard,5,estimated,,data_structures.static_range.prefix_sums,data_structures.static_range.prefix_sums,via-usaco-guide,,,,,2026-09-19,2026-09-19
cses-1653,Elevator Rides,cses,CSES Problem Set - Dynamic Programming,,,cses,https://cses.fi/problemset/task/1653,,standard,5,estimated,,dp.subset.subset_dp,dp.subset.subset_dp,,5,true,,,2026-09-19,2026-09-19
cses-1654,SOS Bit Problem,cses,CSES Problem Set - Bitwise Operations,,,cses,https://cses.fi/problemset/task/1654,,standard,6,estimated,,dp.subset.sum_over_subsets,dp.subset.sum_over_subsets,,5,true,,,2026-09-19,2026-09-19
cses-1655,Maximum Xor Subarray,cses,CSES Problem Set - Bitwise Operations,,,cses,https://cses.fi/problemset/task/1655,,standard,5,estimated,,strings.matching.kmp,strings.matching.kmp,via-usaco-guide,,,,,2026-09-19,2026-09-19
cses-1660,Subarray Sums I,cses,CSES Problem Set - Sorting and Searching,,,cses,https://cses.fi/problemset/task/1660,,standard,2,estimated,,data_structures.linear.sliding_window,data_structures.linear.sliding_window,,4,,,,2026-09-19,2026-09-19
cses-1661,Subarray Sums II,cses,CSES Problem Set - Sorting and Searching,,,cses,https://cses.fi/problemset/task/1661,,standard,3,estimated,,data_structures.linear.hash_map,data_structures.linear.hash_map|data_structures.static_range.prefix_sums,,4,,,,2026-09-19,2026-09-19
cses-1662,Subarray Divisibility,cses,CSES Problem Set - Sorting and Searching,,,cses,https://cses.fi/problemset/task/1662,,standard,4,estimated,,data_structures.linear.hash_map,data_structures.linear.hash_map|data_structures.static_range.prefix_sums,,4,,,,2026-09-19,2026-09-19
cses-1664,Movie Festival Queries,cses,CSES Problem Set - Range Queries,,,cses,https://cses.fi/problemset/task/1664,,standard,5,estimated,,adhoc.unclassified,adhoc.unclassified,via-dmoj-category,,,,,2026-09-19,2026-09-19
cses-1665,Coding Company,cses,CSES Problem Set - Additional Problems II,,,cses,https://cses.fi/problemset/task/1665,,standard,7,estimated,,dp.basics.knapsack,dp.basics.knapsack,via-usaco-guide,,,,,2026-09-19,2026-09-19
cses-1666,Building Roads,cses,CSES Problem Set - Graph Algorithms,,,cses,https://cses.fi/problemset/task/1666,,standard,2,estimated,,data_structures.disjoint_set.dsu,data_structures.disjoint_set.dsu|graphs.traversal.connectivity,,4,,,,2026-09-19,2026-09-19
cses-1667,Message Route,cses,CSES Problem Set - Graph Algorithms,,,cses,https://cses.fi/problemset/task/1667,,standard,4,estimated,,graphs.traversal.bfs,graphs.traversal.bfs,via-usaco-guide,,,,,2026-09-19,2026-09-19
cses-1668,Building Teams,cses,CSES Problem Set - Graph Algorithms,,,cses,https://cses.fi/problemset/task/1668,,standard,3,estimated,,graphs.traversal.dfs,graphs.traversal.dfs,,4,,,,2026-09-19,2026-09-19
cses-1669,Round Trip,cses,CSES Problem Set - Graph Algorithms,,,cses,https://cses.fi/problemset/task/1669,,standard,4,estimated,,adhoc.unclassified,adhoc.unclassified,via-dmoj-category,,,,,2026-09-19,2026-09-19
cses-1670,Swap Game,cses,CSES Problem Set - Additional Problems I,,,cses,https://cses.fi/problemset/task/1670,,standard,6,estimated,,graphs.traversal.bfs,graphs.traversal.bfs,via-usaco-guide,,,,,2026-09-19,2026-09-19
cses-1671,Shortest Routes I,cses,CSES Problem Set - Graph Algorithms,,,cses,https://cses.fi/problemset/task/1671,,standard,3,estimated,,graphs.shortest_path.dijkstra,graphs.shortest_path.dijkstra,,5,true,,,2026-09-19,2026-09-19
cses-1672,Shortest Routes II,cses,CSES Problem Set - Graph Algorithms,,,cses,https://cses.fi/problemset/task/1672,,standard,3,estimated,,graphs.shortest_path.floyd_warshall,graphs.shortest_path.floyd_warshall,,5,true,,,2026-09-19,2026-09-19
cses-1673,High Score,cses,CSES Problem Set - Graph Algorithms,,,cses,https://cses.fi/problemset/task/1673,,standard,4,estimated,,graphs.shortest_path.bellman_ford,graphs.shortest_path.bellman_ford,,5,true,,,2026-09-19,2026-09-19
cses-1674,Subordinates,cses,CSES Problem Set - Tree Algorithms,,,cses,https://cses.fi/problemset/task/1674,,standard,2,estimated,,trees.basics.traversal,trees.basics.traversal,,5,true,,,2026-09-19,2026-09-19
cses-1675,Road Reparation,cses,CSES Problem Set - Graph Algorithms,,,cses,https://cses.fi/problemset/task/1675,,standard,3,estimated,,graphs.spanning.mst,graphs.spanning.mst,,5,true,,,2026-09-19,2026-09-19
cses-1676,Road Construction,cses,CSES Problem Set - Graph Algorithms,,,cses,https://cses.fi/problemset/task/1676,,standard,3,estimated,,data_structures.disjoint_set.dsu,data_structures.disjoint_set.dsu,,4,,,,2026-09-19,2026-09-19
cses-1677,Network Breakdown,cses,CSES Problem Set - Advanced Graph Problems,,,cses,https://cses.fi/problemset/task/1677,,standard,6,estimated,,adhoc.unclassified,adhoc.unclassified,via-dmoj-category,,,,,2026-09-19,2026-09-19
cses-1678,Round Trip II,cses,CSES Problem Set - Graph Algorithms,,,cses,https://cses.fi/problemset/task/1678,,standard,4,estimated,,graphs.traversal.dfs,graphs.traversal.dfs,,4,,,,2026-09-19,2026-09-19
cses-1679,Course Schedule,cses,CSES Problem Set - Graph Algorithms,,,cses,https://cses.fi/problemset/task/1679,,standard,3,estimated,,graphs.traversal.topological_sort,graphs.traversal.topological_sort,,5,true,,,2026-09-19,2026-09-19
cses-1680,Longest Flight Route,cses,CSES Problem Set - Graph Algorithms,,,cses,https://cses.fi/problemset/task/1680,,standard,4,estimated,,graphs.shortest_path.shortest_path_dag,graphs.shortest_path.shortest_path_dag,,4,,,,2026-09-19,2026-09-19
cses-1681,Game Routes,cses,CSES Problem Set - Graph Algorithms,,,cses,https://cses.fi/problemset/task/1681,,standard,4,estimated,,graphs.special_graphs.dag,graphs.special_graphs.dag,,4,,,,2026-09-19,2026-09-19
cses-1682,Flight Routes Check,cses,CSES Problem Set - Graph Algorithms,,,cses,https://cses.fi/problemset/task/1682,,standard,5,estimated,,graphs.components.scc_tarjan,graphs.components.scc_tarjan,,4,,,,2026-09-19,2026-09-19
cses-1683,Planets and Kingdoms,cses,CSES Problem Set - Graph Algorithms,,,cses,https://cses.fi/problemset/task/1683,,standard,4,estimated,,graphs.components.scc_tarjan,graphs.components.scc_tarjan,,5,true,,,2026-09-19,2026-09-19
cses-1684,Giant Pizza,cses,CSES Problem Set - Graph Algorithms,,,cses,https://cses.fi/problemset/task/1684,,standard,6,estimated,,graphs.components.two_sat,graphs.components.two_sat,,5,true,,,2026-09-19,2026-09-19
cses-1685,New Flight Routes,cses,CSES Problem Set - Advanced Graph Problems,,,cses,https://cses.fi/problemset/task/1685,,standard,6,estimated,,graphs.components.scc_tarjan,graphs.components.scc_tarjan,via-usaco-guide,,,,,2026-09-19,2026-09-19
cses-1686,Coin Collector,cses,CSES Problem Set - Graph Algorithms,,,cses,https://cses.fi/problemset/task/1686,,standard,6,estimated,,graphs.components.condensation,graphs.components.condensation,,5,true,,,2026-09-19,2026-09-19
cses-1687,Company Queries I,cses,CSES Problem Set - Tree Algorithms,,,cses,https://cses.fi/problemset/task/1687,,standard,3,estimated,,trees.ancestors.binary_lifting,trees.ancestors.binary_lifting,,5,true,,,2026-09-19,2026-09-19
cses-1688,Company Queries II,cses,CSES Problem Set - Tree Algorithms,,,cses,https://cses.fi/problemset/task/1688,,standard,4,estimated,,trees.ancestors.lca,trees.ancestors.lca,,5,true,,,2026-09-19,2026-09-19
cses-1689,Knight's Tour,cses,CSES Problem Set - Graph Algorithms,,,cses,https://cses.fi/problemset/task/1689,,standard,4,estimated,,adhoc.unclassified,adhoc.unclassified,via-dmoj-category,,,,,2026-09-19,2026-09-19
cses-1690,Hamiltonian Flights,cses,CSES Problem Set - Graph Algorithms,,,cses,https://cses.fi/problemset/task/1690,,standard,4,estimated,,dp.subset.subset_dp,dp.subset.subset_dp,,4,,,,2026-09-19,2026-09-19
cses-1691,Mail Delivery,cses,CSES Problem Set - Graph Algorithms,,,cses,https://cses.fi/problemset/task/1691,,standard,5,estimated,,graphs.traversal.euler_tour,graphs.traversal.euler_tour,,5,true,,,2026-09-19,2026-09-19
cses-1692,De Bruijn Sequence,cses,CSES Problem Set - Graph Algorithms,,,cses,https://cses.fi/problemset/task/1692,,standard,4,estimated,,trees.basics.euler_tour,trees.basics.euler_tour,via-usaco-guide,,,,,2026-09-19,2026-09-19
cses-1693,Teleporters Path,cses,CSES Problem Set - Graph Algorithms,,,cses,https://cses.fi/problemset/task/1693,,standard,4,estimated,,trees.basics.euler_tour,trees.basics.euler_tour,via-usaco-guide,,,,,2026-09-19,2026-09-19
cses-1694,Download Speed,cses,CSES Problem Set - Graph Algorithms,,,cses,https://cses.fi/problemset/task/1694,,standard,5,estimated,,flows.max_flow.dinic,flows.max_flow.dinic,,5,true,,,2026-09-19,2026-09-19
cses-1695,Police Chase,cses,CSES Problem Set - Graph Algorithms,,,cses,https://cses.fi/problemset/task/1695,,standard,6,estimated,,flows.max_flow.min_cut,flows.max_flow.min_cut,,5,true,,,2026-09-19,2026-09-19
cses-1696,School Dance,cses,CSES Problem Set - Graph Algorithms,,,cses,https://cses.fi/problemset/task/1696,,standard,5,estimated,,graphs.matching.bipartite_kuhn,graphs.matching.bipartite_kuhn,,5,true,,,2026-09-19,2026-09-19
cses-1697,Chess Tournament,cses,CSES Problem Set - Construction Problems,,,cses,https://cses.fi/problemset/task/1697,,standard,5,estimated,,adhoc.unclassified,adhoc.unclassified,via-dmoj-category,,,,,2026-09-19,2026-09-19
cses-1698,Swap Round Sorting,cses,CSES Problem Set - Additional Problems II,,,cses,https://cses.fi/problemset/task/1698,,standard,7,estimated,,adhoc.unclassified,adhoc.unclassified,via-dmoj-category,,,,,2026-09-19,2026-09-19
cses-1699,Flight Route Requests,cses,CSES Problem Set - Advanced Graph Problems,,,cses,https://cses.fi/problemset/task/1699,,standard,6,estimated,,adhoc.unclassified,adhoc.unclassified,via-dmoj-category,,,,,2026-09-19,2026-09-19
cses-1700,Tree Isomorphism I,cses,CSES Problem Set - Advanced Graph Problems,,,cses,https://cses.fi/problemset/task/1700,,standard,6,estimated,,adhoc.unclassified,adhoc.unclassified,via-dmoj-category,,,,,2026-09-19,2026-09-19
cses-1701,Tree Isomorphism II,cses,CSES Problem Set - Advanced Graph Problems,,,cses,https://cses.fi/problemset/task/1701,,standard,6,estimated,,adhoc.unclassified,adhoc.unclassified,via-dmoj-category,,,,,2026-09-19,2026-09-19
cses-1702,Tree Traversals,cses,CSES Problem Set - Advanced Graph Problems,,,cses,https://cses.fi/problemset/task/1702,,standard,6,estimated,,adhoc.unclassified,adhoc.unclassified,via-dmoj-category,,,,,2026-09-19,2026-09-19
cses-1703,Critical Cities,cses,CSES Problem Set - Advanced Graph Problems,,,cses,https://cses.fi/problemset/task/1703,,standard,6,estimated,,adhoc.unclassified,adhoc.unclassified,via-dmoj-category,,,,,2026-09-19,2026-09-19
cses-1704,Network Renovation,cses,CSES Problem Set - Advanced Graph Problems,,,cses,https://cses.fi/problemset/task/1704,,standard,6,estimated,,adhoc.unclassified,adhoc.unclassified,via-dmoj-category,,,,,2026-09-19,2026-09-19
cses-1705,Forbidden Cities,cses,CSES Problem Set - Advanced Graph Problems,,,cses,https://cses.fi/problemset/task/1705,,standard,6,estimated,,graphs.components.biconnected,graphs.components.biconnected,via-usaco-guide,,,,,2026-09-19,2026-09-19
cses-1706,School Excursion,cses,CSES Problem Set - Additional Problems II,,,cses,https://cses.fi/problemset/task/1706,,standard,7,estimated,,bitwise.techniques.bitset_optimization,bitwise.techniques.bitset_optimization,via-usaco-guide,,,,,2026-09-19,2026-09-19
cses-1707,Graph Girth,cses,CSES Problem Set - Advanced Graph Problems,,,cses,https://cses.fi/problemset/task/1707,,standard,6,estimated,,graphs.traversal.bfs,graphs.traversal.bfs,via-usaco-guide,,,,,2026-09-19,2026-09-19
cses-1709,Coin Grid,cses,CSES Problem Set - Additional Problems II,,,cses,https://cses.fi/problemset/task/1709,,standard,7,estimated,,flows.max_flow.min_cut,flows.max_flow.min_cut,via-usaco-guide,,,,,2026-09-19,2026-09-19
cses-1711,Distinct Routes,cses,CSES Problem Set - Graph Algorithms,,,cses,https://cses.fi/problemset/task/1711,,standard,6,estimated,,flows.max_flow.dinic,flows.max_flow.dinic,,4,,,,2026-09-19,2026-09-19
cses-1712,Exponentiation II,cses,CSES Problem Set - Mathematics,,,cses,https://cses.fi/problemset/task/1712,,standard,5,estimated,,math.algebra.modular_arithmetic,math.algebra.modular_arithmetic,via-usaco-guide,,,,,2026-09-19,2026-09-19
cses-1713,Counting Divisors,cses,CSES Problem Set - Mathematics,,,cses,https://cses.fi/problemset/task/1713,,standard,5,estimated,,adhoc.unclassified,adhoc.unclassified,via-dmoj-category,,,,,2026-09-19,2026-09-19
cses-1715,Creating Strings II,cses,CSES Problem Set - Mathematics,,,cses,https://cses.fi/problemset/task/1715,,standard,5,estimated,,combinatorics.basics.binomials,combinatorics.basics.binomials,via-usaco-guide,,,,,2026-09-19,2026-09-19
cses-1716,Distributing Apples,cses,CSES Problem Set - Mathematics,,,cses,https://cses.fi/problemset/task/1716,,standard,5,estimated,,combinatorics.basics.binomials,combinatorics.basics.binomials,via-usaco-guide,,,,,2026-09-19,2026-09-19
cses-1717,Christmas Party,cses,CSES Problem Set - Mathematics,,,cses,https://cses.fi/problemset/task/1717,,standard,5,estimated,,adhoc.unclassified,adhoc.unclassified,via-dmoj-category,,,,,2026-09-19,2026-09-19
cses-1722,Fibonacci Numbers,cses,CSES Problem Set - Mathematics,,,cses,https://cses.fi/problemset/task/1722,,standard,5,estimated,,dp.optimization.matrix_exponentiation,dp.optimization.matrix_exponentiation,via-usaco-guide,,,,,2026-09-19,2026-09-19
cses-1723,Graph Paths I,cses,CSES Problem Set - Mathematics,,,cses,https://cses.fi/problemset/task/1723,,standard,5,estimated,,dp.optimization.matrix_exponentiation,dp.optimization.matrix_exponentiation,via-usaco-guide,,,,,2026-09-19,2026-09-19
cses-1724,Graph Paths II,cses,CSES Problem Set - Mathematics,,,cses,https://cses.fi/problemset/task/1724,,standard,5,estimated,,dp.optimization.matrix_exponentiation,dp.optimization.matrix_exponentiation,via-usaco-guide,,,,,2026-09-19,2026-09-19
cses-1725,Dice Probability,cses,CSES Problem Set - Mathematics,,,cses,https://cses.fi/problemset/task/1725,,standard,5,estimated,,adhoc.unclassified,adhoc.unclassified,via-dmoj-category,,,,,2026-09-19,2026-09-19
cses-1726,Moving Robots,cses,CSES Problem Set - Mathematics,,,cses,https://cses.fi/problemset/task/1726,,standard,5,estimated,,adhoc.unclassified,adhoc.unclassified,via-dmoj-category,,,,,2026-09-19,2026-09-19
cses-1727,Candy Lottery,cses,CSES Problem Set - Mathematics,,,cses,https://cses.fi/problemset/task/1727,,standard,5,estimated,,combinatorics.basics.binomials,combinatorics.basics.binomials,via-usaco-guide,,,,,2026-09-19,2026-09-19
cses-1728,Inversion Probability,cses,CSES Problem Set - Mathematics,,,cses,https://cses.fi/problemset/task/1728,,standard,5,estimated,,adhoc.unclassified,adhoc.unclassified,via-dmoj-category,,,,,2026-09-19,2026-09-19
cses-1729,Stick Game,cses,CSES Problem Set - Mathematics,,,cses,https://cses.fi/problemset/task/1729,,standard,5,estimated,,adhoc.unclassified,adhoc.unclassified,via-dmoj-category,,,,,2026-09-19,2026-09-19
cses-1730,Nim Game I,cses,CSES Problem Set - Mathematics,,,cses,https://cses.fi/problemset/task/1730,,standard,5,estimated,,adhoc.unclassified,adhoc.unclassified,via-dmoj-category,,,,,2026-09-19,2026-09-19
cses-1731,Word Combinations,cses,CSES Problem Set - String Algorithms,,,cses,https://cses.fi/problemset/task/1731,,standard,4,estimated,,strings.multi_pattern.trie,strings.multi_pattern.trie,,5,true,,,2026-09-19,2026-09-19
cses-1732,Finding Borders,cses,CSES Problem Set - String Algorithms,,,cses,https://cses.fi/problemset/task/1732,,standard,3,estimated,,strings.matching.kmp,strings.matching.kmp,,4,,,,2026-09-19,2026-09-19
cses-1733,Finding Periods,cses,CSES Problem Set - String Algorithms,,,cses,https://cses.fi/problemset/task/1733,,standard,4,estimated,,strings.structure.periodicity,strings.structure.periodicity,,5,true,,,2026-09-19,2026-09-19
cses-1734,Distinct Values Queries,cses,CSES Problem Set - Range Queries,,,cses,https://cses.fi/problemset/task/1734,,standard,5,estimated,,data_structures.range_query.segment_tree,data_structures.range_query.segment_tree,via-usaco-guide,,,,,2026-09-19,2026-09-19
cses-1735,Range Updates and Sums,cses,CSES Problem Set - Range Queries,,,cses,https://cses.fi/problemset/task/1735,,standard,5,estimated,,data_structures.range_query.lazy_propagation,data_structures.range_query.lazy_propagation,,5,true,,,2026-09-19,2026-09-19
cses-1736,Polynomial Queries,cses,CSES Problem Set - Range Queries,,,cses,https://cses.fi/problemset/task/1736,,standard,5,estimated,,data_structures.range_query.lazy_propagation,data_structures.range_query.lazy_propagation,via-usaco-guide,,,,,2026-09-19,2026-09-19
cses-1737,Range Queries and Copies,cses,CSES Problem Set - Range Queries,,,cses,https://cses.fi/problemset/task/1737,,standard,5,estimated,,adhoc.unclassified,adhoc.unclassified,via-dmoj-category,,,,,2026-09-19,2026-09-19
cses-1739,Forest Queries II,cses,CSES Problem Set - Range Queries,,,cses,https://cses.fi/problemset/task/1739,,standard,5,estimated,,data_structures.range_query.fenwick,data_structures.range_query.fenwick,via-usaco-guide,,,,,2026-09-19,2026-09-19
cses-1740,Intersection Points,cses,CSES Problem Set - Geometry,,,cses,https://cses.fi/problemset/task/1740,,standard,5,estimated,,geometry.sweep.line_sweep,geometry.sweep.line_sweep,via-usaco-guide,,,,,2026-09-19,2026-09-19
cses-1741,Area of Rectangles,cses,CSES Problem Set - Geometry,,,cses,https://cses.fi/problemset/task/1741,,standard,5,estimated,,data_structures.range_query.lazy_propagation,data_structures.range_query.lazy_propagation,via-usaco-guide,,,,,2026-09-19,2026-09-19
cses-1742,Robot Path,cses,CSES Problem Set - Geometry,,,cses,https://cses.fi/problemset/task/1742,,standard,5,estimated,,geometry.sweep.line_sweep,geometry.sweep.line_sweep,via-usaco-guide,,,,,2026-09-19,2026-09-19
cses-1743,String Reorder,cses,CSES Problem Set - Introductory Problems,,,cses,https://cses.fi/problemset/task/1743,,standard,2,estimated,,adhoc.unclassified,adhoc.unclassified,via-dmoj-category,,,,,2026-09-19,2026-09-19
cses-1744,Rectangle Cutting,cses,CSES Problem Set - Dynamic Programming,,,cses,https://cses.fi/problemset/task/1744,,standard,4,estimated,,dp.basics.grid,dp.basics.grid,,4,,,,2026-09-19,2026-09-19
cses-1745,Money Sums,cses,CSES Problem Set - Dynamic Programming,,,cses,https://cses.fi/problemset/task/1745,,standard,3,estimated,,dp.basics.knapsack,dp.basics.knapsack,,4,,,,2026-09-19,2026-09-19
cses-1746,Array Description,cses,CSES Problem Set - Dynamic Programming,,,cses,https://cses.fi/problemset/task/1746,,standard,3,estimated,,dp.basics.linear,dp.basics.linear,,4,,,,2026-09-19,2026-09-19
cses-1747,Pyramid Array,cses,CSES Problem Set - Additional Problems I,,,cses,https://cses.fi/problemset/task/1747,,standard,6,estimated,,data_structures.range_query.segment_tree,data_structures.range_query.segment_tree,via-usaco-guide,,,,,2026-09-19,2026-09-19
cses-1748,Increasing Subsequence II,cses,CSES Problem Set - Dynamic Programming,,,cses,https://cses.fi/problemset/task/1748,,standard,4,estimated,,data_structures.range_query.segment_tree,data_structures.range_query.segment_tree,via-usaco-guide,,,,,2026-09-19,2026-09-19
cses-1749,List Removals,cses,CSES Problem Set - Range Queries,,,cses,https://cses.fi/problemset/task/1749,,standard,4,estimated,,data_structures.range_query.fenwick,data_structures.range_query.fenwick,,4,,,,2026-09-19,2026-09-19
cses-1750,Planets Queries I,cses,CSES Problem Set - Graph Algorithms,,,cses,https://cses.fi/problemset/task/1750,,standard,4,estimated,,trees.ancestors.binary_lifting,trees.ancestors.binary_lifting,via-usaco-guide,,,,,2026-09-19,2026-09-19
cses-1751,Planets Cycles,cses,CSES Problem Set - Graph Algorithms,,,cses,https://cses.fi/problemset/task/1751,,standard,5,estimated,,graphs.special_graphs.functional_graph,graphs.special_graphs.functional_graph,,5,true,,,2026-09-19,2026-09-19
cses-1752,Creating Offices,cses,CSES Problem Set - Advanced Graph Problems,,,cses,https://cses.fi/problemset/task/1752,,standard,6,estimated,,dp.tree.subtree_dp,dp.tree.subtree_dp,via-usaco-guide,,,,,2026-09-19,2026-09-19
cses-1753,String Matching,cses,CSES Problem Set - String Algorithms,,,cses,https://cses.fi/problemset/task/1753,,standard,3,estimated,,strings.matching.kmp,strings.matching.kmp,,5,true,,,2026-09-19,2026-09-19
cses-1754,Coin Piles,cses,CSES Problem Set - Introductory Problems,,,cses,https://cses.fi/problemset/task/1754,,standard,2,estimated,,adhoc.unclassified,adhoc.unclassified,via-dmoj-category,,,,,2026-09-19,2026-09-19
cses-1755,Palindrome Reorder,cses,CSES Problem Set - Introductory Problems,,,cses,https://cses.fi/problemset/task/1755,,standard,2,estimated,,adhoc.constructive.construction,adhoc.constructive.construction,,4,,,,2026-09-19,2026-09-19
cses-1756,Acyclic Graph Edges,cses,CSES Problem Set - Advanced Graph Problems,,,cses,https://cses.fi/problemset/task/1756,,standard,6,estimated,,adhoc.unclassified,adhoc.unclassified,via-dmoj-category,,,,,2026-09-19,2026-09-19
cses-1757,Course Schedule II,cses,CSES Problem Set - Advanced Graph Problems,,,cses,https://cses.fi/problemset/task/1757,,standard,6,estimated,,graphs.traversal.topological_sort,graphs.traversal.topological_sort,via-usaco-guide,,,,,2026-09-19,2026-09-19
cses-2064,Bracket Sequences I,cses,CSES Problem Set - Mathematics,,,cses,https://cses.fi/problemset/task/2064,,standard,5,estimated,,adhoc.unclassified,adhoc.unclassified,via-dmoj-category,,,,,2026-09-19,2026-09-19
cses-2072,Cut and Paste,cses,CSES Problem Set - Advanced Techniques,,,cses,https://cses.fi/problemset/task/2072,,standard,7,estimated,,data_structures.trees.treap,data_structures.trees.treap,via-usaco-guide,,,,,2026-09-19,2026-09-19
cses-2073,Substring Reversals,cses,CSES Problem Set - Advanced Techniques,,,cses,https://cses.fi/problemset/task/2073,,standard,7,estimated,,data_structures.trees.treap,data_structures.trees.treap,via-usaco-guide,,,,,2026-09-19,2026-09-19
cses-2074,Reversals and Sums,cses,CSES Problem Set - Advanced Techniques,,,cses,https://cses.fi/problemset/task/2074,,standard,7,estimated,,data_structures.trees.treap,data_structures.trees.treap,via-usaco-guide,,,,,2026-09-19,2026-09-19
cses-2075,Reversal Sorting,cses,CSES Problem Set - Additional Problems II,,,cses,https://cses.fi/problemset/task/2075,,standard,7,estimated,,adhoc.unclassified,adhoc.unclassified,via-dmoj-category,,,,,2026-09-19,2026-09-19
cses-2076,Necessary Roads,cses,CSES Problem Set - Advanced Techniques,,,cses,https://cses.fi/problemset/task/2076,,standard,7,estimated,,adhoc.unclassified,adhoc.unclassified,via-dmoj-category,,,,,2026-09-19,2026-09-19
cses-2077,Necessary Cities,cses,CSES Problem Set - Advanced Techniques,,,cses,https://cses.fi/problemset/task/2077,,standard,7,estimated,,adhoc.unclassified,adhoc.unclassified,via-dmoj-category,,,,,2026-09-19,2026-09-19
cses-2078,Eulerian Subgraphs,cses,CSES Problem Set - Advanced Techniques,,,cses,https://cses.fi/problemset/task/2078,,standard,7,estimated,,adhoc.unclassified,adhoc.unclassified,via-dmoj-category,,,,,2026-09-19,2026-09-19
cses-2079,Finding a Centroid,cses,CSES Problem Set - Tree Algorithms,,,cses,https://cses.fi/problemset/task/2079,,standard,4,estimated,,trees.decomposition.centroid,trees.decomposition.centroid,,4,,,,2026-09-19,2026-09-19
cses-2080,Fixed-Length Paths I,cses,CSES Problem Set - Tree Algorithms,,,cses,https://cses.fi/problemset/task/2080,,standard,4,estimated,,trees.decomposition.centroid,trees.decomposition.centroid,via-usaco-guide,,,,,2026-09-19,2026-09-19
cses-2081,Fixed-Length Paths II,cses,CSES Problem Set - Tree Algorithms,,,cses,https://cses.fi/problemset/task/2081,,standard,4,estimated,,trees.decomposition.centroid,trees.decomposition.centroid,via-usaco-guide,,,,,2026-09-19,2026-09-19
cses-2084,Monster Game I,cses,CSES Problem Set - Advanced Techniques,,,cses,https://cses.fi/problemset/task/2084,,standard,7,estimated,,adhoc.unclassified,adhoc.unclassified,via-dmoj-category,,,,,2026-09-19,2026-09-19
cses-2085,Monster Game II,cses,CSES Problem Set - Advanced Techniques,,,cses,https://cses.fi/problemset/task/2085,,standard,7,estimated,,adhoc.unclassified,adhoc.unclassified,via-dmoj-category,,,,,2026-09-19,2026-09-19
cses-2086,Subarray Squares,cses,CSES Problem Set - Advanced Techniques,,,cses,https://cses.fi/problemset/task/2086,,standard,7,estimated,,adhoc.unclassified,adhoc.unclassified,via-dmoj-category,,,,,2026-09-19,2026-09-19
cses-2087,Houses and Schools,cses,CSES Problem Set - Advanced Techniques,,,cses,https://cses.fi/problemset/task/2087,,standard,7,estimated,,dp.optimization.convex_hull_trick,dp.optimization.convex_hull_trick,via-usaco-guide,,,,,2026-09-19,2026-09-19
cses-2088,Knuth Division,cses,CSES Problem Set - Advanced Techniques,,,cses,https://cses.fi/problemset/task/2088,,standard,7,estimated,,adhoc.unclassified,adhoc.unclassified,via-dmoj-category,,,,,2026-09-19,2026-09-19
cses-2101,New Roads Queries,cses,CSES Problem Set - Advanced Techniques,,,cses,https://cses.fi/problemset/task/2101,,standard,7,estimated,,data_structures.disjoint_set.dsu,data_structures.disjoint_set.dsu,via-usaco-guide,,,,,2026-09-19,2026-09-19
cses-2102,Finding Patterns,cses,CSES Problem Set - String Algorithms,,,cses,https://cses.fi/problemset/task/2102,,standard,5,estimated,,adhoc.unclassified,adhoc.unclassified,via-dmoj-category,,,,,2026-09-19,2026-09-19
cses-2103,Counting Patterns,cses,CSES Problem Set - String Algorithms,,,cses,https://cses.fi/problemset/task/2103,,standard,6,estimated,,strings.multi_pattern.aho_corasick,strings.multi_pattern.aho_corasick,,5,true,,,2026-09-19,2026-09-19
cses-2104,Pattern Positions,cses,CSES Problem Set - String Algorithms,,,cses,https://cses.fi/problemset/task/2104,,standard,5,estimated,,strings.suffix_structures.suffix_array,strings.suffix_structures.suffix_array,,4,,,,2026-09-19,2026-09-19
cses-2105,Distinct Substrings,cses,CSES Problem Set - String Algorithms,,,cses,https://cses.fi/problemset/task/2105,,standard,5,estimated,,strings.suffix_structures.suffix_automaton,strings.suffix_structures.suffix_automaton,,5,true,,,2026-09-19,2026-09-19
cses-2106,Repeating Substring,cses,CSES Problem Set - String Algorithms,,,cses,https://cses.fi/problemset/task/2106,,standard,4,estimated,,strings.hashing.polynomial_hash,strings.hashing.polynomial_hash,,5,true,,,2026-09-19,2026-09-19
cses-2107,String Functions,cses,CSES Problem Set - String Algorithms,,,cses,https://cses.fi/problemset/task/2107,,standard,3,estimated,,strings.matching.z_function,strings.matching.z_function,,5,true,,,2026-09-19,2026-09-19
cses-2108,Substring Order I,cses,CSES Problem Set - String Algorithms,,,cses,https://cses.fi/problemset/task/2108,,standard,6,estimated,,strings.suffix_structures.suffix_array,strings.suffix_structures.suffix_array,,4,,,,2026-09-19,2026-09-19
cses-2109,Substring Order II,cses,CSES Problem Set - String Algorithms,,,cses,https://cses.fi/problemset/task/2109,,standard,5,estimated,,adhoc.unclassified,adhoc.unclassified,via-dmoj-category,,,,,2026-09-19,2026-09-19
cses-2110,Substring Distribution,cses,CSES Problem Set - String Algorithms,,,cses,https://cses.fi/problemset/task/2110,,standard,5,estimated,,adhoc.unclassified,adhoc.unclassified,via-dmoj-category,,,,,2026-09-19,2026-09-19
cses-2111,Apples and Bananas,cses,CSES Problem Set - Advanced Techniques,,,cses,https://cses.fi/problemset/task/2111,,standard,7,estimated,,adhoc.unclassified,adhoc.unclassified,via-dmoj-category,,,,,2026-09-19,2026-09-19
cses-2112,One Bit Positions,cses,CSES Problem Set - Advanced Techniques,,,cses,https://cses.fi/problemset/task/2112,,standard,7,estimated,,adhoc.unclassified,adhoc.unclassified,via-dmoj-category,,,,,2026-09-19,2026-09-19
cses-2113,Signal Processing,cses,CSES Problem Set - Advanced Techniques,,,cses,https://cses.fi/problemset/task/2113,,standard,7,estimated,,adhoc.unclassified,adhoc.unclassified,via-dmoj-category,,,,,2026-09-19,2026-09-19
cses-2115,Bit Substrings,cses,CSES Problem Set - Additional Problems II,,,cses,https://cses.fi/problemset/task/2115,,standard,7,estimated,,adhoc.unclassified,adhoc.unclassified,via-dmoj-category,,,,,2026-09-19,2026-09-19
cses-2121,Parcel Delivery,cses,CSES Problem Set - Advanced Techniques,,,cses,https://cses.fi/problemset/task/2121,,standard,7,estimated,,adhoc.unclassified,adhoc.unclassified,via-dmoj-category,,,,,2026-09-19,2026-09-19
cses-2129,Task Assignment,cses,CSES Problem Set - Advanced Techniques,,,cses,https://cses.fi/problemset/task/2129,,standard,7,estimated,,adhoc.unclassified,adhoc.unclassified,via-dmoj-category,,,,,2026-09-19,2026-09-19
cses-2130,Distinct Routes II,cses,CSES Problem Set - Advanced Techniques,,,cses,https://cses.fi/problemset/task/2130,,standard,7,estimated,,adhoc.unclassified,adhoc.unclassified,via-dmoj-category,,,,,2026-09-19,2026-09-19
cses-2131,Grid Puzzle II,cses,CSES Problem Set - Additional Problems II,,,cses,https://cses.fi/problemset/task/2131,,standard,7,estimated,,adhoc.unclassified,adhoc.unclassified,via-dmoj-category,,,,,2026-09-19,2026-09-19
cses-2132,Increasing Array II,cses,CSES Problem Set - Additional Problems II,,,cses,https://cses.fi/problemset/task/2132,,standard,7,estimated,,dp.optimization.slope_trick,dp.optimization.slope_trick,via-usaco-guide,,,,,2026-09-19,2026-09-19
cses-2133,Dynamic Connectivity,cses,CSES Problem Set - Advanced Techniques,,,cses,https://cses.fi/problemset/task/2133,,standard,7,estimated,,adhoc.unclassified,adhoc.unclassified,via-dmoj-category,,,,,2026-09-19,2026-09-19
cses-2134,Path Queries II,cses,CSES Problem Set - Tree Algorithms,,,cses,https://cses.fi/problemset/task/2134,,standard,6,estimated,,trees.decomposition.hld,trees.decomposition.hld,,5,true,,,2026-09-19,2026-09-19
cses-2136,Hamming Distance,cses,CSES Problem Set - Advanced Techniques,,,cses,https://cses.fi/problemset/task/2136,,standard,7,estimated,,adhoc.unclassified,adhoc.unclassified,via-dmoj-category,,,,,2026-09-19,2026-09-19
cses-2137,Corner Subgrid Count,cses,CSES Problem Set - Advanced Techniques,,,cses,https://cses.fi/problemset/task/2137,,standard,7,estimated,,adhoc.unclassified,adhoc.unclassified,via-dmoj-category,,,,,2026-09-19,2026-09-19
cses-2138,Reachable Nodes,cses,CSES Problem Set - Advanced Techniques,,,cses,https://cses.fi/problemset/task/2138,,standard,7,estimated,,bitwise.techniques.bitset_optimization,bitwise.techniques.bitset_optimization,via-usaco-guide,,,,,2026-09-19,2026-09-19
cses-2143,Reachability Queries,cses,CSES Problem Set - Advanced Techniques,,,cses,https://cses.fi/problemset/task/2143,,standard,7,estimated,,adhoc.unclassified,adhoc.unclassified,via-dmoj-category,,,,,2026-09-19,2026-09-19
cses-2162,Josephus Problem I,cses,CSES Problem Set - Sorting and Searching,,,cses,https://cses.fi/problemset/task/2162,,standard,3,estimated,,adhoc.unclassified,adhoc.unclassified,via-dmoj-category,,,,,2026-09-19,2026-09-19
cses-2163,Josephus Problem II,cses,CSES Problem Set - Sorting and Searching,,,cses,https://cses.fi/problemset/task/2163,,standard,3,estimated,,adhoc.unclassified,adhoc.unclassified,via-dmoj-category,,,,,2026-09-19,2026-09-19
cses-2164,Josephus Queries,cses,CSES Problem Set - Mathematics,,,cses,https://cses.fi/problemset/task/2164,,standard,5,estimated,,adhoc.unclassified,adhoc.unclassified,via-dmoj-category,,,,,2026-09-19,2026-09-19
cses-2165,Tower of Hanoi,cses,CSES Problem Set - Introductory Problems,,,cses,https://cses.fi/problemset/task/2165,,standard,2,estimated,,adhoc.unclassified,adhoc.unclassified,via-dmoj-category,,,,,2026-09-19,2026-09-19
cses-2166,Prefix Sum Queries,cses,CSES Problem Set - Range Queries,,,cses,https://cses.fi/problemset/task/2166,,standard,5,estimated,,data_structures.range_query.lazy_propagation,data_structures.range_query.lazy_propagation,via-usaco-guide,,,,,2026-09-19,2026-09-19
cses-2168,Nested Ranges Check,cses,CSES Problem Set - Sorting and Searching,,,cses,https://cses.fi/problemset/task/2168,,standard,4,estimated,,greedy.exchange.sorting_order,greedy.exchange.sorting_order,,4,,,,2026-09-19,2026-09-19
cses-2169,Nested Ranges Count,cses,CSES Problem Set - Sorting and Searching,,,cses,https://cses.fi/problemset/task/2169,,standard,3,estimated,,adhoc.unclassified,adhoc.unclassified,via-dmoj-category,,,,,2026-09-19,2026-09-19
cses-2174,Removing Digits II,cses,CSES Problem Set - Additional Problems II,,,cses,https://cses.fi/problemset/task/2174,,standard,7,estimated,,adhoc.unclassified,adhoc.unclassified,via-dmoj-category,,,,,2026-09-19,2026-09-19
cses-2176,Counting Bishops,cses,CSES Problem Set - Counting Problems,,,cses,https://cses.fi/problemset/task/2176,,standard,6,estimated,,adhoc.unclassified,adhoc.unclassified,via-dmoj-category,,,,,2026-09-19,2026-09-19
cses-2177,Strongly Connected Edges,cses,CSES Problem Set - Advanced Graph Problems,,,cses,https://cses.fi/problemset/task/2177,,standard,6,estimated,,graphs.components.biconnected,graphs.components.biconnected,via-usaco-guide,,,,,2026-09-19,2026-09-19
cses-2179,Even Outdegree Edges,cses,CSES Problem Set - Advanced Graph Problems,,,cses,https://cses.fi/problemset/task/2179,,standard,6,estimated,,graphs.traversal.dfs,graphs.traversal.dfs,via-usaco-guide,,,,,2026-09-19,2026-09-19
cses-2180,Coin Arrangement,cses,CSES Problem Set - Additional Problems II,,,cses,https://cses.fi/problemset/task/2180,,standard,7,estimated,,adhoc.unclassified,adhoc.unclassified,via-dmoj-category,,,,,2026-09-19,2026-09-19
cses-2181,Counting Tilings,cses,CSES Problem Set - Dynamic Programming,,,cses,https://cses.fi/problemset/task/2181,,standard,7,estimated,,dp.subset.broken_profile,dp.subset.broken_profile,,5,true,,,2026-09-19,2026-09-19
cses-2182,Divisor Analysis,cses,CSES Problem Set - Mathematics,,,cses,https://cses.fi/problemset/task/2182,,standard,5,estimated,,math.algebra.modular_arithmetic,math.algebra.modular_arithmetic,via-usaco-guide,,,,,2026-09-19,2026-09-19
cses-2183,Missing Coin Sum,cses,CSES Problem Set - Sorting and Searching,,,cses,https://cses.fi/problemset/task/2183,,standard,3,estimated,,greedy.exchange.sorting_order,greedy.exchange.sorting_order,,5,,,,2026-09-19,2026-09-19
cses-2184,Missing Coin Sum Queries,cses,CSES Problem Set - Range Queries,,,cses,https://cses.fi/problemset/task/2184,,standard,5,estimated,,adhoc.unclassified,adhoc.unclassified,via-dmoj-category,,,,,2026-09-19,2026-09-19
cses-2185,Prime Multiples,cses,CSES Problem Set - Mathematics,,,cses,https://cses.fi/problemset/task/2185,,standard,5,estimated,,bitwise.basics.operators,bitwise.basics.operators,via-usaco-guide,,,,,2026-09-19,2026-09-19
cses-2186,Special Substrings,cses,CSES Problem Set - Additional Problems I,,,cses,https://cses.fi/problemset/task/2186,,standard,6,estimated,,adhoc.unclassified,adhoc.unclassified,via-dmoj-category,,,,,2026-09-19,2026-09-19
cses-2187,Bracket Sequences II,cses,CSES Problem Set - Mathematics,,,cses,https://cses.fi/problemset/task/2187,,standard,5,estimated,,adhoc.unclassified,adhoc.unclassified,via-dmoj-category,,,,,2026-09-19,2026-09-19
cses-2189,Point Location Test,cses,CSES Problem Set - Geometry,,,cses,https://cses.fi/problemset/task/2189,,standard,5,estimated,,adhoc.unclassified,adhoc.unclassified,via-dmoj-category,,,,,2026-09-19,2026-09-19
cses-2190,Line Segment Intersection,cses,CSES Problem Set - Geometry,,,cses,https://cses.fi/problemset/task/2190,,standard,5,estimated,,adhoc.unclassified,adhoc.unclassified,via-dmoj-category,,,,,2026-09-19,2026-09-19
cses-2191,Polygon Area,cses,CSES Problem Set - Geometry,,,cses,https://cses.fi/problemset/task/2191,,standard,5,estimated,,adhoc.unclassified,adhoc.unclassified,via-dmoj-category,,,,,2026-09-19,2026-09-19
cses-2192,Point in Polygon,cses,CSES Problem Set - Geometry,,,cses,https://cses.fi/problemset/task/2192,,standard,5,estimated,,adhoc.unclassified,adhoc.unclassified,via-dmoj-category,,,,,2026-09-19,2026-09-19
cses-2193,Polygon Lattice Points,cses,CSES Problem Set - Geometry,,,cses,https://cses.fi/problemset/task/2193,,standard,5,estimated,,adhoc.unclassified,adhoc.unclassified,via-dmoj-category,,,,,2026-09-19,2026-09-19
cses-2194,Minimum Euclidean Distance,cses,CSES Problem Set - Geometry,,,cses,https://cses.fi/problemset/task/2194,,standard,5,estimated,,adhoc.unclassified,adhoc.unclassified,via-dmoj-category,,,,,2026-09-19,2026-09-19
cses-2195,Convex Hull,cses,CSES Problem Set - Geometry,,,cses,https://cses.fi/problemset/task/2195,,standard,5,estimated,,adhoc.unclassified,adhoc.unclassified,via-dmoj-category,,,,,2026-09-19,2026-09-19
cses-2205,Gray Code,cses,CSES Problem Set - Introductory Problems,,,cses,https://cses.fi/problemset/task/2205,,standard,2,estimated,,bitwise.techniques.gray_code,bitwise.techniques.gray_code,,5,true,,,2026-09-19,2026-09-19
cses-2206,Pizzeria Queries,cses,CSES Problem Set - Range Queries,,,cses,https://cses.fi/problemset/task/2206,,standard,5,estimated,,data_structures.range_query.segment_tree,data_structures.range_query.segment_tree,via-usaco-guide,,,,,2026-09-19,2026-09-19
cses-2207,Grundy's Game,cses,CSES Problem Set - Mathematics,,,cses,https://cses.fi/problemset/task/2207,,standard,5,estimated,,adhoc.unclassified,adhoc.unclassified,via-dmoj-category,,,,,2026-09-19,2026-09-19
cses-2208,Another Game,cses,CSES Problem Set - Mathematics,,,cses,https://cses.fi/problemset/task/2208,,standard,5,estimated,,adhoc.unclassified,adhoc.unclassified,via-dmoj-category,,,,,2026-09-19,2026-09-19
cses-2209,Counting Necklaces,cses,CSES Problem Set - Mathematics,,,cses,https://cses.fi/problemset/task/2209,,standard,5,estimated,,adhoc.unclassified,adhoc.unclassified,via-dmoj-category,,,,,2026-09-19,2026-09-19
cses-2210,Counting Grids,cses,CSES Problem Set - Mathematics,,,cses,https://cses.fi/problemset/task/2210,,standard,5,estimated,,adhoc.unclassified,adhoc.unclassified,via-dmoj-category,,,,,2026-09-19,2026-09-19
cses-2214,Inverse Inversions,cses,CSES Problem Set - Construction Problems,,,cses,https://cses.fi/problemset/task/2214,,standard,5,estimated,,adhoc.unclassified,adhoc.unclassified,via-dmoj-category,,,,,2026-09-19,2026-09-19
cses-2215,Monotone Subsequences,cses,CSES Problem Set - Construction Problems,,,cses,https://cses.fi/problemset/task/2215,,standard,5,estimated,,adhoc.unclassified,adhoc.unclassified,via-dmoj-category,,,,,2026-09-19,2026-09-19
cses-2216,Collecting Numbers,cses,CSES Problem Set - Sorting and Searching,,,cses,https://cses.fi/problemset/task/2216,,standard,2,estimated,,adhoc.simulation.direct,adhoc.simulation.direct,,3,,,,2026-09-19,2026-09-19
cses-2217,Collecting Numbers II,cses,CSES Problem Set - Sorting and Searching,,,cses,https://cses.fi/problemset/task/2217,,standard,3,estimated,,adhoc.unclassified,adhoc.unclassified,via-dmoj-category,,,,,2026-09-19,2026-09-19
cses-2220,Counting Numbers,cses,CSES Problem Set - Dynamic Programming,,,cses,https://cses.fi/problemset/task/2220,,standard,5,estimated,,dp.digit.digit_dp,dp.digit.digit_dp,,5,true,,,2026-09-19,2026-09-19
cses-2228,Counting Sequences,cses,CSES Problem Set - Counting Problems,,,cses,https://cses.fi/problemset/task/2228,,standard,6,estimated,,adhoc.unclassified,adhoc.unclassified,via-dmoj-category,,,,,2026-09-19,2026-09-19
cses-2229,Permutation Inversions,cses,CSES Problem Set - Counting Problems,,,cses,https://cses.fi/problemset/task/2229,,standard,6,estimated,,adhoc.unclassified,adhoc.unclassified,via-dmoj-category,,,,,2026-09-19,2026-09-19
cses-2402,Two Stacks Sorting,cses,CSES Problem Set - Additional Problems II,,,cses,https://cses.fi/problemset/task/2402,,standard,7,estimated,,adhoc.unclassified,adhoc.unclassified,via-dmoj-category,,,,,2026-09-19,2026-09-19
cses-2413,Counting Towers,cses,CSES Problem Set - Dynamic Programming,,,cses,https://cses.fi/problemset/task/2413,,standard,5,estimated,,dp.basics.linear,dp.basics.linear,,4,,,,2026-09-19,2026-09-19
cses-2414,List of Sums,cses,CSES Problem Set - Additional Problems I,,,cses,https://cses.fi/problemset/task/2414,,standard,6,estimated,,adhoc.unclassified,adhoc.unclassified,via-dmoj-category,,,,,2026-09-19,2026-09-19
cses-2415,Functional Graph Distribution,cses,CSES Problem Set - Counting Problems,,,cses,https://cses.fi/problemset/task/2415,,standard,6,estimated,,adhoc.unclassified,adhoc.unclassified,via-dmoj-category,,,,,2026-09-19,2026-09-19
cses-2416,Increasing Array Queries,cses,CSES Problem Set - Range Queries,,,cses,https://cses.fi/problemset/task/2416,,standard,5,estimated,,data_structures.linear.stack,data_structures.linear.stack,via-usaco-guide,,,,,2026-09-19,2026-09-19
cses-2417,Counting Coprime Pairs,cses,CSES Problem Set - Mathematics,,,cses,https://cses.fi/problemset/task/2417,,standard,5,estimated,,adhoc.unclassified,adhoc.unclassified,via-dmoj-category,,,,,2026-09-19,2026-09-19
cses-2418,Grid Path Construction,cses,CSES Problem Set - Construction Problems,,,cses,https://cses.fi/problemset/task/2418,,standard,5,estimated,,adhoc.unclassified,adhoc.unclassified,via-dmoj-category,,,,,2026-09-19,2026-09-19
cses-2419,Xor Pyramid Peak,cses,CSES Problem Set - Bitwise Operations,,,cses,https://cses.fi/problemset/task/2419,,standard,5,estimated,,combinatorics.basics.binomials,combinatorics.basics.binomials,via-usaco-guide,,,,,2026-09-19,2026-09-19
cses-2420,Palindrome Queries,cses,CSES Problem Set - String Algorithms,,,cses,https://cses.fi/problemset/task/2420,,standard,5,estimated,,adhoc.unclassified,adhoc.unclassified,via-dmoj-category,,,,,2026-09-19,2026-09-19
cses-2421,Counting Reorders,cses,CSES Problem Set - Counting Problems,,,cses,https://cses.fi/problemset/task/2421,,standard,6,estimated,,adhoc.unclassified,adhoc.unclassified,via-dmoj-category,,,,,2026-09-19,2026-09-19
cses-2422,Multiplication Table,cses,CSES Problem Set - Additional Problems I,,,cses,https://cses.fi/problemset/task/2422,,standard,6,estimated,,search.binary_search.on_answer,search.binary_search.on_answer,via-usaco-guide,,,,,2026-09-19,2026-09-19
cses-2423,Filling Trominos,cses,CSES Problem Set - Construction Problems,,,cses,https://cses.fi/problemset/task/2423,,standard,5,estimated,,adhoc.unclassified,adhoc.unclassified,via-dmoj-category,,,,,2026-09-19,2026-09-19
cses-2425,Stack Weights,cses,CSES Problem Set - Additional Problems I,,,cses,https://cses.fi/problemset/task/2425,,standard,6,estimated,,adhoc.unclassified,adhoc.unclassified,via-dmoj-category,,,,,2026-09-19,2026-09-19
cses-2426,Programmers and Artists,cses,CSES Problem Set - Additional Problems II,,,cses,https://cses.fi/problemset/task/2426,,standard,7,estimated,,adhoc.unclassified,adhoc.unclassified,via-dmoj-category,,,,,2026-09-19,2026-09-19
cses-2427,Letter Pair Move Game,cses,CSES Problem Set - Additional Problems I,,,cses,https://cses.fi/problemset/task/2427,,standard,6,estimated,,adhoc.unclassified,adhoc.unclassified,via-dmoj-category,,,,,2026-09-19,2026-09-19
cses-2428,Distinct Values Subarrays II,cses,CSES Problem Set - Sorting and Searching,,,cses,https://cses.fi/problemset/task/2428,,standard,3,estimated,,data_structures.linear.sliding_window,data_structures.linear.sliding_window,via-usaco-guide,,,,,2026-09-19,2026-09-19
cses-2429,Grid Completion,cses,CSES Problem Set - Counting Problems,,,cses,https://cses.fi/problemset/task/2429,,standard,6,estimated,,adhoc.unclassified,adhoc.unclassified,via-dmoj-category,,,,,2026-09-19,2026-09-19
cses-2430,Binary Subsequences,cses,CSES Problem Set - Additional Problems II,,,cses,https://cses.fi/problemset/task/2430,,standard,7,estimated,,adhoc.unclassified,adhoc.unclassified,via-dmoj-category,,,,,2026-09-19,2026-09-19
cses-2431,Digit Queries,cses,CSES Problem Set - Introductory Problems,,,cses,https://cses.fi/problemset/task/2431,,standard,4,estimated,,adhoc.simulation.direct,adhoc.simulation.direct,,3,,,,2026-09-19,2026-09-19
cses-2432,Grid Puzzle I,cses,CSES Problem Set - Additional Problems II,,,cses,https://cses.fi/problemset/task/2432,,standard,7,estimated,,adhoc.unclassified,adhoc.unclassified,via-dmoj-category,,,,,2026-09-19,2026-09-19
cses-3108,K Subset Sums I,cses,CSES Problem Set - Additional Problems II,,,cses,https://cses.fi/problemset/task/3108,,standard,7,estimated,,adhoc.unclassified,adhoc.unclassified,via-dmoj-category,,,,,2026-09-19,2026-09-19
cses-3109,K Subset Sums II,cses,CSES Problem Set - Additional Problems II,,,cses,https://cses.fi/problemset/task/3109,,standard,7,estimated,,adhoc.unclassified,adhoc.unclassified,via-dmoj-category,,,,,2026-09-19,2026-09-19
cses-3111,Transfer Speeds Sum,cses,CSES Problem Set - Advanced Graph Problems,,,cses,https://cses.fi/problemset/task/3111,,standard,6,estimated,,adhoc.unclassified,adhoc.unclassified,via-dmoj-category,,,,,2026-09-19,2026-09-19
cses-3112,Hidden Integer,cses,CSES Problem Set - Interactive Problems,,,cses,https://cses.fi/problemset/task/3112,,standard,5,estimated,,adhoc.unclassified,adhoc.unclassified,via-dmoj-category,,,,,2026-09-19,2026-09-19
cses-3114,Tree Coin Collecting I,cses,CSES Problem Set - Advanced Graph Problems,,,cses,https://cses.fi/problemset/task/3114,,standard,6,estimated,,adhoc.unclassified,adhoc.unclassified,via-dmoj-category,,,,,2026-09-19,2026-09-19
cses-3138,All Palindromes,cses,CSES Problem Set - String Algorithms,,,cses,https://cses.fi/problemset/task/3138,,standard,5,estimated,,strings.matching.manacher,strings.matching.manacher,,4,,,,2026-09-19,2026-09-19
cses-3139,Hidden Permutation,cses,CSES Problem Set - Interactive Problems,,,cses,https://cses.fi/problemset/task/3139,,standard,5,estimated,,adhoc.unclassified,adhoc.unclassified,via-dmoj-category,,,,,2026-09-19,2026-09-19
cses-3140,Inversion Sorting,cses,CSES Problem Set - Interactive Problems,,,cses,https://cses.fi/problemset/task/3140,,standard,5,estimated,,adhoc.unclassified,adhoc.unclassified,via-dmoj-category,,,,,2026-09-19,2026-09-19
cses-3141,And Subset Count,cses,CSES Problem Set - Bitwise Operations,,,cses,https://cses.fi/problemset/task/3141,,standard,5,estimated,,adhoc.unclassified,adhoc.unclassified,via-dmoj-category,,,,,2026-09-19,2026-09-19
cses-3149,Tree Coin Collecting II,cses,CSES Problem Set - Advanced Graph Problems,,,cses,https://cses.fi/problemset/task/3149,,standard,6,estimated,,adhoc.unclassified,adhoc.unclassified,via-dmoj-category,,,,,2026-09-19,2026-09-19
cses-3150,Distinct Values Sum,cses,CSES Problem Set - Additional Problems I,,,cses,https://cses.fi/problemset/task/3150,,standard,6,estimated,,adhoc.unclassified,adhoc.unclassified,via-dmoj-category,,,,,2026-09-19,2026-09-19
cses-3151,Bubble Sort Rounds I,cses,CSES Problem Set - Additional Problems I,,,cses,https://cses.fi/problemset/task/3151,,standard,6,estimated,,adhoc.unclassified,adhoc.unclassified,via-dmoj-category,,,,,2026-09-19,2026-09-19
cses-3152,Bubble Sort Rounds II,cses,CSES Problem Set - Additional Problems I,,,cses,https://cses.fi/problemset/task/3152,,standard,6,estimated,,data_structures.linear.heap,data_structures.linear.heap,via-usaco-guide,,,,,2026-09-19,2026-09-19
cses-3154,System of Linear Equations,cses,CSES Problem Set - Mathematics,,,cses,https://cses.fi/problemset/task/3154,,standard,5,estimated,,adhoc.unclassified,adhoc.unclassified,via-dmoj-category,,,,,2026-09-19,2026-09-19
cses-3157,Collecting Numbers Distribution,cses,CSES Problem Set - Counting Problems,,,cses,https://cses.fi/problemset/task/3157,,standard,6,estimated,,adhoc.unclassified,adhoc.unclassified,via-dmoj-category,,,,,2026-09-19,2026-09-19
cses-3158,Bus Companies,cses,CSES Problem Set - Advanced Graph Problems,,,cses,https://cses.fi/problemset/task/3158,,standard,6,estimated,,adhoc.unclassified,adhoc.unclassified,via-dmoj-category,,,,,2026-09-19,2026-09-19
cses-3159,Replace with Difference,cses,CSES Problem Set - Additional Problems II,,,cses,https://cses.fi/problemset/task/3159,,standard,7,estimated,,adhoc.unclassified,adhoc.unclassified,via-dmoj-category,,,,,2026-09-19,2026-09-19
cses-3161,GCD Subsets,cses,CSES Problem Set - Additional Problems II,,,cses,https://cses.fi/problemset/task/3161,,standard,7,estimated,,adhoc.unclassified,adhoc.unclassified,via-dmoj-category,,,,,2026-09-19,2026-09-19
cses-3163,Range Interval Queries,cses,CSES Problem Set - Range Queries,,,cses,https://cses.fi/problemset/task/3163,,standard,5,estimated,,adhoc.unclassified,adhoc.unclassified,via-dmoj-category,,,,,2026-09-19,2026-09-19
cses-3169,Counting LCM Arrays,cses,CSES Problem Set - Additional Problems I,,,cses,https://cses.fi/problemset/task/3169,,standard,6,estimated,,adhoc.unclassified,adhoc.unclassified,via-dmoj-category,,,,,2026-09-19,2026-09-19
cses-3175,Beautiful Permutation II,cses,CSES Problem Set - Additional Problems I,,,cses,https://cses.fi/problemset/task/3175,,standard,6,estimated,,search.exhaustive.backtracking,search.exhaustive.backtracking,via-usaco-guide,,,,,2026-09-19,2026-09-19
cses-3190,Distinct Values Splits,cses,CSES Problem Set - Additional Problems I,,,cses,https://cses.fi/problemset/task/3190,,standard,6,estimated,,adhoc.unclassified,adhoc.unclassified,via-dmoj-category,,,,,2026-09-19,2026-09-19
cses-3191,Maximum Xor Subset,cses,CSES Problem Set - Bitwise Operations,,,cses,https://cses.fi/problemset/task/3191,,standard,5,estimated,,adhoc.unclassified,adhoc.unclassified,via-dmoj-category,,,,,2026-09-19,2026-09-19
cses-3192,K Subset Xors,cses,CSES Problem Set - Bitwise Operations,,,cses,https://cses.fi/problemset/task/3192,,standard,7,estimated,,bitwise.structures.linear_basis,bitwise.structures.linear_basis,,4,,,,2026-09-19,2026-09-19
cses-3193,Square Subsets,cses,CSES Problem Set - Additional Problems I,,,cses,https://cses.fi/problemset/task/3193,,standard,6,estimated,,adhoc.unclassified,adhoc.unclassified,via-dmoj-category,,,,,2026-09-19,2026-09-19
cses-3194,Xor Pyramid Diagonal,cses,CSES Problem Set - Bitwise Operations,,,cses,https://cses.fi/problemset/task/3194,,standard,5,estimated,,adhoc.unclassified,adhoc.unclassified,via-dmoj-category,,,,,2026-09-19,2026-09-19
cses-3195,Xor Pyramid Row,cses,CSES Problem Set - Bitwise Operations,,,cses,https://cses.fi/problemset/task/3195,,standard,5,estimated,,adhoc.unclassified,adhoc.unclassified,via-dmoj-category,,,,,2026-09-19,2026-09-19
cses-3211,Number of Subset Xors,cses,CSES Problem Set - Bitwise Operations,,,cses,https://cses.fi/problemset/task/3211,,standard,7,estimated,,bitwise.structures.linear_basis,bitwise.structures.linear_basis,,5,true,,,2026-09-19,2026-09-19
cses-3213,Water Containers Moves,cses,CSES Problem Set - Additional Problems I,,,cses,https://cses.fi/problemset/task/3213,,standard,6,estimated,,adhoc.unclassified,adhoc.unclassified,via-dmoj-category,,,,,2026-09-19,2026-09-19
cses-3214,Water Containers Queries,cses,CSES Problem Set - Additional Problems I,,,cses,https://cses.fi/problemset/task/3214,,standard,6,estimated,,adhoc.unclassified,adhoc.unclassified,via-dmoj-category,,,,,2026-09-19,2026-09-19
cses-3215,Bouncing Ball Steps,cses,CSES Problem Set - Additional Problems II,,,cses,https://cses.fi/problemset/task/3215,,standard,7,estimated,,adhoc.unclassified,adhoc.unclassified,via-dmoj-category,,,,,2026-09-19,2026-09-19
cses-3216,Bouncing Ball Cycle,cses,CSES Problem Set - Additional Problems II,,,cses,https://cses.fi/problemset/task/3216,,standard,7,estimated,,adhoc.unclassified,adhoc.unclassified,via-dmoj-category,,,,,2026-09-19,2026-09-19
cses-3217,Knight Moves Grid,cses,CSES Problem Set - Introductory Problems,,,cses,https://cses.fi/problemset/task/3217,,standard,2,estimated,,adhoc.unclassified,adhoc.unclassified,via-dmoj-category,,,,,2026-09-19,2026-09-19
cses-3218,Knight Moves Queries,cses,CSES Problem Set - Additional Problems II,,,cses,https://cses.fi/problemset/task/3218,,standard,7,estimated,,adhoc.unclassified,adhoc.unclassified,via-dmoj-category,,,,,2026-09-19,2026-09-19
cses-3219,Sliding Window Mex,cses,CSES Problem Set - Sliding Window Problems,,,cses,https://cses.fi/problemset/task/3219,,standard,4,estimated,,adhoc.unclassified,adhoc.unclassified,via-dmoj-category,,,,,2026-09-19,2026-09-19
cses-3220,Sliding Window Sum,cses,CSES Problem Set - Sliding Window Problems,,,cses,https://cses.fi/problemset/task/3220,,standard,4,estimated,,adhoc.unclassified,adhoc.unclassified,via-dmoj-category,,,,,2026-09-19,2026-09-19
cses-3221,Sliding Window Minimum,cses,CSES Problem Set - Sliding Window Problems,,,cses,https://cses.fi/problemset/task/3221,,standard,4,estimated,,adhoc.unclassified,adhoc.unclassified,via-dmoj-category,,,,,2026-09-19,2026-09-19
cses-3222,Sliding Window Distinct Values,cses,CSES Problem Set - Sliding Window Problems,,,cses,https://cses.fi/problemset/task/3222,,standard,4,estimated,,adhoc.unclassified,adhoc.unclassified,via-dmoj-category,,,,,2026-09-19,2026-09-19
cses-3223,Sliding Window Inversions,cses,CSES Problem Set - Sliding Window Problems,,,cses,https://cses.fi/problemset/task/3223,,standard,4,estimated,,adhoc.unclassified,adhoc.unclassified,via-dmoj-category,,,,,2026-09-19,2026-09-19
cses-3224,Sliding Window Mode,cses,CSES Problem Set - Sliding Window Problems,,,cses,https://cses.fi/problemset/task/3224,,standard,4,estimated,,adhoc.unclassified,adhoc.unclassified,via-dmoj-category,,,,,2026-09-19,2026-09-19
cses-3225,Inverse Suffix Array,cses,CSES Problem Set - String Algorithms,,,cses,https://cses.fi/problemset/task/3225,,standard,5,estimated,,adhoc.unclassified,adhoc.unclassified,via-dmoj-category,,,,,2026-09-19,2026-09-19
cses-3226,Subarray Sum Queries II,cses,CSES Problem Set - Range Queries,,,cses,https://cses.fi/problemset/task/3226,,standard,5,estimated,,adhoc.unclassified,adhoc.unclassified,via-dmoj-category,,,,,2026-09-19,2026-09-19
cses-3227,Sliding Window Advertisement,cses,CSES Problem Set - Sliding Window Problems,,,cses,https://cses.fi/problemset/task/3227,,standard,4,estimated,,adhoc.unclassified,adhoc.unclassified,via-dmoj-category,,,,,2026-09-19,2026-09-19
cses-3228,Permuted Binary Strings,cses,CSES Problem Set - Interactive Problems,,,cses,https://cses.fi/problemset/task/3228,,standard,5,estimated,,adhoc.unclassified,adhoc.unclassified,via-dmoj-category,,,,,2026-09-19,2026-09-19
cses-3232,Tournament Graph Distribution,cses,CSES Problem Set - Counting Problems,,,cses,https://cses.fi/problemset/task/3232,,standard,6,estimated,,adhoc.unclassified,adhoc.unclassified,via-dmoj-category,,,,,2026-09-19,2026-09-19
cses-3233,All Subarray Xors,cses,CSES Problem Set - Bitwise Operations,,,cses,https://cses.fi/problemset/task/3233,,standard,6,estimated,,bitwise.techniques.xor_prefix,bitwise.techniques.xor_prefix,,4,,,,2026-09-19,2026-09-19
cses-3273,Colored Chairs,cses,CSES Problem Set - Interactive Problems,,,cses,https://cses.fi/problemset/task/3273,,standard,5,estimated,,adhoc.unclassified,adhoc.unclassified,via-dmoj-category,,,,,2026-09-19,2026-09-19
cses-3294,Subarray Sum Constraints,cses,CSES Problem Set - Additional Problems I,,,cses,https://cses.fi/problemset/task/3294,,standard,6,estimated,,graphs.traversal.dfs,graphs.traversal.dfs,via-usaco-guide,,,,,2026-09-19,2026-09-19
cses-3301,Maximum Average Subarrays,cses,CSES Problem Set - Additional Problems I,,,cses,https://cses.fi/problemset/task/3301,,standard,6,estimated,,adhoc.unclassified,adhoc.unclassified,via-dmoj-category,,,,,2026-09-19,2026-09-19
cses-3302,Subsets with Fixed Average,cses,CSES Problem Set - Additional Problems I,,,cses,https://cses.fi/problemset/task/3302,,standard,6,estimated,,adhoc.unclassified,adhoc.unclassified,via-dmoj-category,,,,,2026-09-19,2026-09-19
cses-3303,Nearest Shops,cses,CSES Problem Set - Advanced Graph Problems,,,cses,https://cses.fi/problemset/task/3303,,standard,6,estimated,,adhoc.unclassified,adhoc.unclassified,via-dmoj-category,,,,,2026-09-19,2026-09-19
cses-3304,Visible Buildings Queries,cses,CSES Problem Set - Range Queries,,,cses,https://cses.fi/problemset/task/3304,,standard,5,estimated,,adhoc.unclassified,adhoc.unclassified,via-dmoj-category,,,,,2026-09-19,2026-09-19
cses-3305,K-th Highest Score,cses,CSES Problem Set - Interactive Problems,,,cses,https://cses.fi/problemset/task/3305,,standard,5,estimated,,adhoc.unclassified,adhoc.unclassified,via-dmoj-category,,,,,2026-09-19,2026-09-19
cses-3306,Nearest Campsites I,cses,CSES Problem Set - Additional Problems I,,,cses,https://cses.fi/problemset/task/3306,,standard,6,estimated,,adhoc.unclassified,adhoc.unclassified,via-dmoj-category,,,,,2026-09-19,2026-09-19
cses-3307,Nearest Campsites II,cses,CSES Problem Set - Additional Problems I,,,cses,https://cses.fi/problemset/task/3307,,standard,6,estimated,,adhoc.unclassified,adhoc.unclassified,via-dmoj-category,,,,,2026-09-19,2026-09-19
cses-3308,Graph Coloring,cses,CSES Problem Set - Advanced Graph Problems,,,cses,https://cses.fi/problemset/task/3308,,standard,6,estimated,,adhoc.unclassified,adhoc.unclassified,via-dmoj-category,,,,,2026-09-19,2026-09-19
cses-3311,Grid Coloring I,cses,CSES Problem Set - Introductory Problems,,,cses,https://cses.fi/problemset/task/3311,,standard,2,estimated,,adhoc.unclassified,adhoc.unclassified,via-dmoj-category,,,,,2026-09-19,2026-09-19
cses-3312,Grid Coloring II,cses,CSES Problem Set - Additional Problems II,,,cses,https://cses.fi/problemset/task/3312,,standard,7,estimated,,adhoc.unclassified,adhoc.unclassified,via-dmoj-category,,,,,2026-09-19,2026-09-19
cses-3314,Mountain Range,cses,CSES Problem Set - Dynamic Programming,,,cses,https://cses.fi/problemset/task/3314,,standard,4,estimated,,adhoc.unclassified,adhoc.unclassified,via-dmoj-category,,,,,2026-09-19,2026-09-19
cses-3355,Sum of Four Squares,cses,CSES Problem Set - Mathematics,,,cses,https://cses.fi/problemset/task/3355,,standard,5,estimated,,adhoc.unclassified,adhoc.unclassified,via-dmoj-category,,,,,2026-09-19,2026-09-19
cses-3356,Distinct Values Queries II,cses,CSES Problem Set - Range Queries,,,cses,https://cses.fi/problemset/task/3356,,standard,5,estimated,,adhoc.unclassified,adhoc.unclassified,via-dmoj-category,,,,,2026-09-19,2026-09-19
cses-3357,Fixed Length Walk Queries,cses,CSES Problem Set - Advanced Graph Problems,,,cses,https://cses.fi/problemset/task/3357,,standard,6,estimated,,adhoc.unclassified,adhoc.unclassified,via-dmoj-category,,,,,2026-09-19,2026-09-19
cses-3358,Split into Two Paths,cses,CSES Problem Set - Advanced Graph Problems,,,cses,https://cses.fi/problemset/task/3358,,standard,6,estimated,,adhoc.unclassified,adhoc.unclassified,via-dmoj-category,,,,,2026-09-19,2026-09-19
cses-3359,Minimal Grid Path,cses,CSES Problem Set - Dynamic Programming,,,cses,https://cses.fi/problemset/task/3359,,standard,4,estimated,,dp.basics.grid,dp.basics.grid,via-usaco-guide,,,,,2026-09-19,2026-09-19
cses-3360,Corner Subgrid Check,cses,CSES Problem Set - Advanced Techniques,,,cses,https://cses.fi/problemset/task/3360,,standard,7,estimated,,adhoc.unclassified,adhoc.unclassified,via-dmoj-category,,,,,2026-09-19,2026-09-19
cses-3361,Two Array Average,cses,CSES Problem Set - Additional Problems I,,,cses,https://cses.fi/problemset/task/3361,,standard,6,estimated,,adhoc.unclassified,adhoc.unclassified,via-dmoj-category,,,,,2026-09-19,2026-09-19
cses-3396,Next Prime,cses,CSES Problem Set - Mathematics,,,cses,https://cses.fi/problemset/task/3396,,standard,5,estimated,,adhoc.unclassified,adhoc.unclassified,via-dmoj-category,,,,,2026-09-19,2026-09-19
cses-3397,Permutation Order,cses,CSES Problem Set - Mathematics,,,cses,https://cses.fi/problemset/task/3397,,standard,5,estimated,,adhoc.unclassified,adhoc.unclassified,via-dmoj-category,,,,,2026-09-19,2026-09-19
cses-3398,Permutation Rounds,cses,CSES Problem Set - Mathematics,,,cses,https://cses.fi/problemset/task/3398,,standard,5,estimated,,graphs.special_graphs.functional_graph,graphs.special_graphs.functional_graph,via-usaco-guide,,,,,2026-09-19,2026-09-19
cses-3399,Raab Game I,cses,CSES Problem Set - Introductory Problems,,,cses,https://cses.fi/problemset/task/3399,,standard,2,estimated,,adhoc.constructive.construction,adhoc.constructive.construction,via-usaco-guide,,,,,2026-09-19,2026-09-19
cses-3400,Raab Game II,cses,CSES Problem Set - Counting Problems,,,cses,https://cses.fi/problemset/task/3400,,standard,6,estimated,,adhoc.unclassified,adhoc.unclassified,via-dmoj-category,,,,,2026-09-19,2026-09-19
cses-3401,Stick Difference,cses,CSES Problem Set - Additional Problems II,,,cses,https://cses.fi/problemset/task/3401,,standard,7,estimated,,adhoc.unclassified,adhoc.unclassified,via-dmoj-category,,,,,2026-09-19,2026-09-19
cses-3402,Minimum Cost Pairs,cses,CSES Problem Set - Additional Problems II,,,cses,https://cses.fi/problemset/task/3402,,standard,7,estimated,,adhoc.unclassified,adhoc.unclassified,via-dmoj-category,,,,,2026-09-19,2026-09-19
cses-3403,Longest Common Subsequence,cses,CSES Problem Set - Dynamic Programming,,,cses,https://cses.fi/problemset/task/3403,,standard,4,estimated,,adhoc.unclassified,adhoc.unclassified,via-dmoj-category,,,,,2026-09-19,2026-09-19
cses-3404,Permutation Subsequence,cses,CSES Problem Set - Additional Problems I,,,cses,https://cses.fi/problemset/task/3404,,standard,6,estimated,,adhoc.unclassified,adhoc.unclassified,via-dmoj-category,,,,,2026-09-19,2026-09-19
cses-3405,Sliding Window Or,cses,CSES Problem Set - Sliding Window Problems,,,cses,https://cses.fi/problemset/task/3405,,standard,4,estimated,,adhoc.unclassified,adhoc.unclassified,via-dmoj-category,,,,,2026-09-19,2026-09-19
cses-3406,Triangle Number Sums,cses,CSES Problem Set - Mathematics,,,cses,https://cses.fi/problemset/task/3406,,standard,5,estimated,,adhoc.unclassified,adhoc.unclassified,via-dmoj-category,,,,,2026-09-19,2026-09-19
cses-3407,MST Edge Check,cses,CSES Problem Set - Advanced Graph Problems,,,cses,https://cses.fi/problemset/task/3407,,standard,6,estimated,,adhoc.unclassified,adhoc.unclassified,via-dmoj-category,,,,,2026-09-19,2026-09-19
cses-3408,MST Edge Set Check,cses,CSES Problem Set - Advanced Graph Problems,,,cses,https://cses.fi/problemset/task/3408,,standard,6,estimated,,adhoc.unclassified,adhoc.unclassified,via-dmoj-category,,,,,2026-09-19,2026-09-19
cses-3409,MST Edge Cost,cses,CSES Problem Set - Advanced Graph Problems,,,cses,https://cses.fi/problemset/task/3409,,standard,6,estimated,,adhoc.unclassified,adhoc.unclassified,via-dmoj-category,,,,,2026-09-19,2026-09-19
cses-3410,Maximum Manhattan Distances,cses,CSES Problem Set - Geometry,,,cses,https://cses.fi/problemset/task/3410,,standard,5,estimated,,adhoc.unclassified,adhoc.unclassified,via-dmoj-category,,,,,2026-09-19,2026-09-19
cses-3411,All Manhattan Distances,cses,CSES Problem Set - Geometry,,,cses,https://cses.fi/problemset/task/3411,,standard,5,estimated,,adhoc.simulation.sorting,adhoc.simulation.sorting,via-usaco-guide,,,,,2026-09-19,2026-09-19
cses-3413,Filled Subgrid Count I,cses,CSES Problem Set - Counting Problems,,,cses,https://cses.fi/problemset/task/3413,,standard,6,estimated,,adhoc.unclassified,adhoc.unclassified,via-dmoj-category,,,,,2026-09-19,2026-09-19
cses-3414,Filled Subgrid Count II,cses,CSES Problem Set - Counting Problems,,,cses,https://cses.fi/problemset/task/3414,,standard,6,estimated,,adhoc.unclassified,adhoc.unclassified,via-dmoj-category,,,,,2026-09-19,2026-09-19
cses-3415,All Letter Subgrid Count I,cses,CSES Problem Set - Counting Problems,,,cses,https://cses.fi/problemset/task/3415,,standard,6,estimated,,adhoc.unclassified,adhoc.unclassified,via-dmoj-category,,,,,2026-09-19,2026-09-19
cses-3416,All Letter Subgrid Count II,cses,CSES Problem Set - Counting Problems,,,cses,https://cses.fi/problemset/task/3416,,standard,6,estimated,,adhoc.unclassified,adhoc.unclassified,via-dmoj-category,,,,,2026-09-19,2026-09-19
cses-3417,Border Subgrid Count I,cses,CSES Problem Set - Counting Problems,,,cses,https://cses.fi/problemset/task/3417,,standard,6,estimated,,adhoc.unclassified,adhoc.unclassified,via-dmoj-category,,,,,2026-09-19,2026-09-19
cses-3418,Border Subgrid Count II,cses,CSES Problem Set - Counting Problems,,,cses,https://cses.fi/problemset/task/3418,,standard,6,estimated,,adhoc.unclassified,adhoc.unclassified,via-dmoj-category,,,,,2026-09-19,2026-09-19
cses-3419,Mex Grid Construction,cses,CSES Problem Set - Introductory Problems,,,cses,https://cses.fi/problemset/task/3419,,standard,2,estimated,,adhoc.unclassified,adhoc.unclassified,via-dmoj-category,,,,,2026-09-19,2026-09-19
cses-3420,Distinct Values Subarrays,cses,CSES Problem Set - Sorting and Searching,,,cses,https://cses.fi/problemset/task/3420,,standard,3,estimated,,adhoc.unclassified,adhoc.unclassified,via-dmoj-category,,,,,2026-09-19,2026-09-19
cses-3421,Distinct Values Subsequences,cses,CSES Problem Set - Sorting and Searching,,,cses,https://cses.fi/problemset/task/3421,,standard,3,estimated,,adhoc.unclassified,adhoc.unclassified,via-dmoj-category,,,,,2026-09-19,2026-09-19
cses-3422,Third Permutation,cses,CSES Problem Set - Construction Problems,,,cses,https://cses.fi/problemset/task/3422,,standard,5,estimated,,adhoc.unclassified,adhoc.unclassified,via-dmoj-category,,,,,2026-09-19,2026-09-19
cses-3423,Permutation Prime Sums,cses,CSES Problem Set - Construction Problems,,,cses,https://cses.fi/problemset/task/3423,,standard,5,estimated,,adhoc.unclassified,adhoc.unclassified,via-dmoj-category,,,,,2026-09-19,2026-09-19
cses-3424,Distinct Sums Grid,cses,CSES Problem Set - Construction Problems,,,cses,https://cses.fi/problemset/task/3424,,standard,5,estimated,,adhoc.unclassified,adhoc.unclassified,via-dmoj-category,,,,,2026-09-19,2026-09-19
cses-3425,Same Sum Subsets,cses,CSES Problem Set - Additional Problems II,,,cses,https://cses.fi/problemset/task/3425,,standard,7,estimated,,adhoc.unclassified,adhoc.unclassified,via-dmoj-category,,,,,2026-09-19,2026-09-19
cses-3426,Sliding Window Xor,cses,CSES Problem Set - Sliding Window Problems,,,cses,https://cses.fi/problemset/task/3426,,standard,4,estimated,,adhoc.unclassified,adhoc.unclassified,via-dmoj-category,,,,,2026-09-19,2026-09-19
cses-3427,Line Segments Trace I,cses,CSES Problem Set - Geometry,,,cses,https://cses.fi/problemset/task/3427,,standard,5,estimated,,adhoc.unclassified,adhoc.unclassified,via-dmoj-category,,,,,2026-09-19,2026-09-19
cses-3428,Line Segments Trace II,cses,CSES Problem Set - Geometry,,,cses,https://cses.fi/problemset/task/3428,,standard,5,estimated,,adhoc.unclassified,adhoc.unclassified,via-dmoj-category,,,,,2026-09-19,2026-09-19
cses-3429,Lines and Queries I,cses,CSES Problem Set - Geometry,,,cses,https://cses.fi/problemset/task/3429,,standard,5,estimated,,adhoc.unclassified,adhoc.unclassified,via-dmoj-category,,,,,2026-09-19,2026-09-19
cses-3430,Lines and Queries II,cses,CSES Problem Set - Geometry,,,cses,https://cses.fi/problemset/task/3430,,standard,5,estimated,,adhoc.unclassified,adhoc.unclassified,via-dmoj-category,,,,,2026-09-19,2026-09-19
egoi-2022-cheat,Chika Wants to Cheat,egoi,EGOI 2022,2022,,oj.uz,https://oj.uz/problem/view/EGOI22_cheat,,subtask,6,estimated,,adhoc.unclassified,adhoc.unclassified,via-dmoj-category,,,,,2026-09-19,2026-09-19
egoi-2022-datacenters,Data Centers,egoi,EGOI 2022,2022,,oj.uz,https://oj.uz/problem/view/EGOI22_datacenters,,subtask,6,estimated,,adhoc.unclassified,adhoc.unclassified,via-dmoj-category,,,,,2026-09-19,2026-09-19
egoi-2022-legowall,Lego Wall,egoi,EGOI 2022,2022,,oj.uz,https://oj.uz/problem/view/EGOI22_legowall,,subtask,6,estimated,,adhoc.unclassified,adhoc.unclassified,via-dmoj-category,,,,,2026-09-19,2026-09-19
egoi-2022-socialengineering,Social Engineering,egoi,EGOI 2022,2022,,oj.uz,https://oj.uz/problem/view/EGOI22_socialengineering,,subtask,6,estimated,,adhoc.unclassified,adhoc.unclassified,via-dmoj-category,,,,,2026-09-19,2026-09-19
egoi-2022-subsetmex,Subset Mex,egoi,EGOI 2022,2022,,oj.uz,https://oj.uz/problem/view/EGOI22_subsetmex,,subtask,6,estimated,,adhoc.unclassified,adhoc.unclassified,via-dmoj-category,,,,,2026-09-19,2026-09-19
egoi-2022-superpiece,Superpiece,egoi,EGOI 2022,2022,,oj.uz,https://oj.uz/problem/view/EGOI22_superpiece,,subtask,6,estimated,,adhoc.unclassified,adhoc.unclassified,via-dmoj-category,,,,,2026-09-19,2026-09-19
egoi-2022-tourists,Tourists,egoi,EGOI 2022,2022,,oj.uz,https://oj.uz/problem/view/EGOI22_tourists,,subtask,6,estimated,,adhoc.unclassified,adhoc.unclassified,via-dmoj-category,,,,,2026-09-19,2026-09-19
egoi-2022-toydesign,Toy Design,egoi,EGOI 2022,2022,,oj.uz,https://oj.uz/problem/view/EGOI22_toydesign,,subtask,6,estimated,,adhoc.unclassified,adhoc.unclassified,via-dmoj-category,,,,,2026-09-19,2026-09-19
egoi-2023-bikesvscars,Bikes vs Cars,egoi,EGOI 2023,2023,,oj.uz,https://oj.uz/problem/view/EGOI23_bikesvscars,,subtask,6,estimated,,adhoc.unclassified,adhoc.unclassified,via-dmoj-category,,,,,2026-09-19,2026-09-19
egoi-2023-candy,Candy,egoi,EGOI 2023,2023,,oj.uz,https://oj.uz/problem/view/EGOI23_candy,,subtask,6,estimated,,dp.basics.lis,dp.basics.lis,via-usaco-guide,,,,,2026-09-19,2026-09-19
egoi-2023-carnival,Carnival,egoi,EGOI 2023,2023,,oj.uz,https://oj.uz/problem/view/EGOI23_carnival,,subtask,6,estimated,,adhoc.unclassified,adhoc.unclassified,via-dmoj-category,,,,,2026-09-19,2026-09-19
egoi-2023-findthebox,Find the Box,egoi,EGOI 2023,2023,,oj.uz,https://oj.uz/problem/view/EGOI23_findthebox,,subtask,6,estimated,,adhoc.unclassified,adhoc.unclassified,via-dmoj-category,,,,,2026-09-19,2026-09-19
egoi-2023-guessinggame,Guessing Game,egoi,EGOI 2023,2023,,oj.uz,https://oj.uz/problem/view/EGOI23_guessinggame,,subtask,6,estimated,,adhoc.unclassified,adhoc.unclassified,via-dmoj-category,,,,,2026-09-19,2026-09-19
egoi-2023-inflation,Inflation,egoi,EGOI 2023,2023,,oj.uz,https://oj.uz/problem/view/EGOI23_inflation,,subtask,6,estimated,,adhoc.unclassified,adhoc.unclassified,via-dmoj-category,,,,,2026-09-19,2026-09-19
egoi-2023-ppp,PPP,egoi,EGOI 2023,2023,,oj.uz,https://oj.uz/problem/view/EGOI23_ppp,,subtask,6,estimated,,adhoc.unclassified,adhoc.unclassified,via-dmoj-category,,,,,2026-09-19,2026-09-19
egoi-2023-sopsug,Sopsug,egoi,EGOI 2023,2023,,oj.uz,https://oj.uz/problem/view/EGOI23_sopsug,,subtask,6,estimated,,adhoc.unclassified,adhoc.unclassified,via-dmoj-category,,,,,2026-09-19,2026-09-19
egoi-2024-bikeparking,Bikeparking,egoi,EGOI 2024,2024,,oj.uz,https://oj.uz/problem/view/EGOI24_bikeparking,,subtask,6,estimated,,adhoc.unclassified,adhoc.unclassified,via-dmoj-category,,,,,2026-09-19,2026-09-19
egoi-2024-bouquet,Bouquet,egoi,EGOI 2024,2024,,oj.uz,https://oj.uz/problem/view/EGOI24_bouquet,,subtask,6,estimated,,adhoc.unclassified,adhoc.unclassified,via-dmoj-category,,,,,2026-09-19,2026-09-19
egoi-2024-circlepassing,Circle Passing,egoi,EGOI 2024,2024,,oj.uz,https://oj.uz/problem/view/EGOI24_circlepassing,,subtask,6,estimated,,adhoc.unclassified,adhoc.unclassified,via-dmoj-category,,,,,2026-09-19,2026-09-19
egoi-2024-infiniterace2,Infinite Race,egoi,EGOI 2024,2024,,oj.uz,https://oj.uz/problem/view/EGOI24_infiniterace2,,subtask,6,estimated,,adhoc.unclassified,adhoc.unclassified,via-dmoj-category,,,,,2026-09-19,2026-09-19
egoi-2024-lightbulbs,Light Bulbs,egoi,EGOI 2024,2024,,oj.uz,https://oj.uz/problem/view/EGOI24_lightbulbs,,subtask,6,estimated,,adhoc.unclassified,adhoc.unclassified,via-dmoj-category,,,,,2026-09-19,2026-09-19
egoi-2024-makethemmeet,Make them Meet,egoi,EGOI 2024,2024,,oj.uz,https://oj.uz/problem/view/EGOI24_makethemmeet,,subtask,6,estimated,,adhoc.unclassified,adhoc.unclassified,via-dmoj-category,,,,,2026-09-19,2026-09-19
egoi-2024-teamcoding,Team Coding,egoi,EGOI 2024,2024,,oj.uz,https://oj.uz/problem/view/EGOI24_teamcoding,,subtask,6,estimated,,adhoc.unclassified,adhoc.unclassified,via-dmoj-category,,,,,2026-09-19,2026-09-19
egoi-2025-currents,Currents,egoi,EGOI 2025,2025,,oj.uz,https://oj.uz/problem/view/EGOI25_currents,,subtask,6,estimated,,adhoc.unclassified,adhoc.unclassified,via-dmoj-category,,,,,2026-09-19,2026-09-19
egoi-2025-darkride,Dark Ride,egoi,EGOI 2025,2025,,oj.uz,https://oj.uz/problem/view/EGOI25_darkride,,subtask,6,estimated,,adhoc.unclassified,adhoc.unclassified,via-dmoj-category,,,,,2026-09-19,2026-09-19
egoi-2025-giftboxes,Gift Boxes,egoi,EGOI 2025,2025,,oj.uz,https://oj.uz/problem/view/EGOI25_giftboxes,,subtask,6,estimated,,adhoc.unclassified,adhoc.unclassified,via-dmoj-category,,,,,2026-09-19,2026-09-19
egoi-2025-imo,IMO,egoi,EGOI 2025,2025,,oj.uz,https://oj.uz/problem/view/EGOI25_imo,,subtask,6,estimated,,adhoc.unclassified,adhoc.unclassified,via-dmoj-category,,,,,2026-09-19,2026-09-19
egoi-2025-laserstrike,Laser Strike,egoi,EGOI 2025,2025,,oj.uz,https://oj.uz/problem/view/EGOI25_laserstrike,,subtask,6,estimated,,adhoc.unclassified,adhoc.unclassified,via-dmoj-category,,,,,2026-09-19,2026-09-19
egoi-2025-monstergo,Monster-Go,egoi,EGOI 2025,2025,,oj.uz,https://oj.uz/problem/view/EGOI25_monstergo,,subtask,6,estimated,,adhoc.unclassified,adhoc.unclassified,via-dmoj-category,,,,,2026-09-19,2026-09-19
egoi-2025-stringproblem,A String Problem,egoi,EGOI 2025,2025,,oj.uz,https://oj.uz/problem/view/EGOI25_stringproblem,,subtask,6,estimated,,adhoc.unclassified,adhoc.unclassified,via-dmoj-category,,,,,2026-09-19,2026-09-19
egoi-2025-windturbines,Wind Turbines,egoi,EGOI 2025,2025,,oj.uz,https://oj.uz/problem/view/EGOI25_windturbines,,subtask,6,estimated,,adhoc.unclassified,adhoc.unclassified,via-dmoj-category,,,,,2026-09-19,2026-09-19
egoi-2026-biscuits,Biscuits,egoi,EGOI 2026,2026,,oj.uz,https://oj.uz/problem/view/EGOI26_biscuits,,subtask,6,estimated,,adhoc.unclassified,adhoc.unclassified,via-dmoj-category,,,,,2026-09-19,2026-09-19
egoi-2026-cakes,Cakes,egoi,EGOI 2026,2026,,oj.uz,https://oj.uz/problem/view/EGOI26_cakes,,subtask,6,estimated,,adhoc.unclassified,adhoc.unclassified,via-dmoj-category,,,,,2026-09-19,2026-09-19
egoi-2026-ferriswheel,Ferris Wheel,egoi,EGOI 2026,2026,,oj.uz,https://oj.uz/problem/view/EGOI26_ferriswheel,,subtask,6,estimated,,adhoc.unclassified,adhoc.unclassified,via-dmoj-category,,,,,2026-09-19,2026-09-19
egoi-2026-foxfamilies,Fox Families,egoi,EGOI 2026,2026,,oj.uz,https://oj.uz/problem/view/EGOI26_foxfamilies,,subtask,6,estimated,,adhoc.unclassified,adhoc.unclassified,via-dmoj-category,,,,,2026-09-19,2026-09-19
egoi-2026-ovenmasters,Ovenmasters,egoi,EGOI 2026,2026,,oj.uz,https://oj.uz/problem/view/EGOI26_ovenmasters,,subtask,6,estimated,,adhoc.unclassified,adhoc.unclassified,via-dmoj-category,,,,,2026-09-19,2026-09-19
egoi-2026-seatingplan,Seating Plan,egoi,EGOI 2026,2026,,oj.uz,https://oj.uz/problem/view/EGOI26_seatingplan,,subtask,6,estimated,,adhoc.unclassified,adhoc.unclassified,via-dmoj-category,,,,,2026-09-19,2026-09-19
egoi-2026-wateringplants,Watering Plants,egoi,EGOI 2026,2026,,oj.uz,https://oj.uz/problem/view/EGOI26_wateringplants,,subtask,6,estimated,,adhoc.unclassified,adhoc.unclassified,via-dmoj-category,,,,,2026-09-19,2026-09-19
ejoi-2019-adventure,Awesome Arrowland Adventure,ejoi,EJOI 2019,2019,,oj.uz,https://oj.uz/problem/view/eJOI19_adventure,,subtask,4,estimated,,adhoc.unclassified,adhoc.unclassified,via-dmoj-category,,,,,2026-09-19,2026-09-19
ejoi-2019-colouring,Colouring a rectangle,ejoi,EJOI 2019,2019,,oj.uz,https://oj.uz/problem/view/eJOI19_colouring,,subtask,4,estimated,,adhoc.unclassified,adhoc.unclassified,via-dmoj-category,,,,,2026-09-19,2026-09-19
ejoi-2019-covering,T-Covering,ejoi,EJOI 2019,2019,,oj.uz,https://oj.uz/problem/view/eJOI19_covering,,subtask,4,estimated,,adhoc.unclassified,adhoc.unclassified,via-dmoj-category,,,,,2026-09-19,2026-09-19
ejoi-2019-rack,Rack,ejoi,EJOI 2019,2019,,oj.uz,https://oj.uz/problem/view/eJOI19_rack,,subtask,4,estimated,,adhoc.unclassified,adhoc.unclassified,via-dmoj-category,,,,,2026-09-19,2026-09-19
ejoi-2019-xoranges,XORanges,ejoi,EJOI 2019,2019,,oj.uz,https://oj.uz/problem/view/eJOI19_xoranges,,subtask,4,estimated,,adhoc.unclassified,adhoc.unclassified,via-dmoj-category,,,,,2026-09-19,2026-09-19
ejoi-2020-exam,Exam,ejoi,EJOI 2020,2020,,oj.uz,https://oj.uz/problem/view/eJOI20_exam,,subtask,4,estimated,,adhoc.unclassified,adhoc.unclassified,via-dmoj-category,,,,,2026-09-19,2026-09-19
ejoi-2020-fountain,Fountain,ejoi,EJOI 2020,2020,,oj.uz,https://oj.uz/problem/view/eJOI20_fountain,,subtask,4,estimated,,adhoc.unclassified,adhoc.unclassified,via-dmoj-category,,,,,2026-09-19,2026-09-19
ejoi-2020-game,Game,ejoi,EJOI 2020,2020,,oj.uz,https://oj.uz/problem/view/eJOI20_game,,subtask,4,estimated,,data_structures.range_query.fenwick,data_structures.range_query.fenwick,via-usaco-guide,,,,,2026-09-19,2026-09-19
ejoi-2020-xorsort,Xor Sort,ejoi,EJOI 2020,2020,,oj.uz,https://oj.uz/problem/view/eJOI20_xorsort,,subtask,4,estimated,,adhoc.unclassified,adhoc.unclassified,via-dmoj-category,,,,,2026-09-19,2026-09-19
ejoi-2021-addk,Addk,ejoi,EJOI 2021,2021,,oj.uz,https://oj.uz/problem/view/eJOI21_addk,,subtask,4,estimated,,adhoc.unclassified,adhoc.unclassified,via-dmoj-category,,,,,2026-09-19,2026-09-19
ejoi-2021-kpart,Kpart,ejoi,EJOI 2021,2021,,oj.uz,https://oj.uz/problem/view/eJOI21_kpart,,subtask,4,estimated,,adhoc.unclassified,adhoc.unclassified,via-dmoj-category,,,,,2026-09-19,2026-09-19
ejoi-2024-cfduels,CF Duels,ejoi,EJOI 2024,2024,,oj.uz,https://oj.uz/problem/view/eJOI24_cfduels,,subtask,4,estimated,,adhoc.unclassified,adhoc.unclassified,via-dmoj-category,,,,,2026-09-19,2026-09-19
ejoi-2024-cheese,Cheese,ejoi,EJOI 2024,2024,,oj.uz,https://oj.uz/problem/view/eJOI24_cheese,,subtask,4,estimated,,adhoc.unclassified,adhoc.unclassified,via-dmoj-category,,,,,2026-09-19,2026-09-19
ejoi-2024-hora,Hora,ejoi,EJOI 2024,2024,,oj.uz,https://oj.uz/problem/view/eJOI24_hora,,subtask,4,estimated,,adhoc.unclassified,adhoc.unclassified,via-dmoj-category,,,,,2026-09-19,2026-09-19
ejoi-2024-manypairs,Many Pairs,ejoi,EJOI 2024,2024,,oj.uz,https://oj.uz/problem/view/eJOI24_manypairs,,subtask,4,estimated,,adhoc.unclassified,adhoc.unclassified,via-dmoj-category,,,,,2026-09-19,2026-09-19
ejoi-2024-orhei,Old Orhei,ejoi,EJOI 2024,2024,,oj.uz,https://oj.uz/problem/view/eJOI24_orhei,,subtask,4,estimated,,adhoc.unclassified,adhoc.unclassified,via-dmoj-category,,,,,2026-09-19,2026-09-19
ejoi-2024-sweets,Sweets,ejoi,EJOI 2024,2024,,oj.uz,https://oj.uz/problem/view/eJOI24_sweets,,subtask,4,estimated,,adhoc.unclassified,adhoc.unclassified,via-dmoj-category,,,,,2026-09-19,2026-09-19
info1cup-2017-binary,Binary Subsequences,info1cup,info(1) cup 2017,2017,,oj.uz,https://oj.uz/problem/view/info1cup17_binary,,subtask,5,estimated,,adhoc.unclassified,adhoc.unclassified,via-dmoj-category,,,,,2026-09-19,2026-09-19
info1cup-2017-eastereggs,Easter Eggs,info1cup,info(1) cup 2017,2017,,oj.uz,https://oj.uz/problem/view/info1cup17_eastereggs,,subtask,5,estimated,,adhoc.unclassified,adhoc.unclassified,via-dmoj-category,,,,,2026-09-19,2026-09-19
info1cup-2017-permutation,Permutation Recovery,info1cup,info(1) cup 2017,2017,,oj.uz,https://oj.uz/problem/view/info1cup17_permutation,,subtask,5,estimated,,adhoc.unclassified,adhoc.unclassified,via-dmoj-category,,,,,2026-09-19,2026-09-19
info1cup-2017-xorsum,XOR Sum,info1cup,info(1) cup 2017,2017,,oj.uz,https://oj.uz/problem/view/info1cup17_xorsum,,subtask,5,estimated,,adhoc.unclassified,adhoc.unclassified,via-dmoj-category,,,,,2026-09-19,2026-09-19
info1cup-2018-balancedtree,Balanced Tree,info1cup,info(1) cup 2018,2018,,oj.uz,https://oj.uz/problem/view/info1cup18_balancedtree,,subtask,5,estimated,,adhoc.unclassified,adhoc.unclassified,via-dmoj-category,,,,,2026-09-19,2026-09-19
info1cup-2018-cambridge,Cambridge,info1cup,info(1) cup 2018,2018,,oj.uz,https://oj.uz/problem/view/info1cup18_cambridge,,subtask,5,estimated,,adhoc.unclassified,adhoc.unclassified,via-dmoj-category,,,,,2026-09-19,2026-09-19
info1cup-2018-del13,DEL13,info1cup,info(1) cup 2018,2018,,oj.uz,https://oj.uz/problem/view/info1cup18_del13,,subtask,5,estimated,,adhoc.unclassified,adhoc.unclassified,via-dmoj-category,,,,,2026-09-19,2026-09-19
info1cup-2018-hidden,Hidden Sequence,info1cup,info(1) cup 2018,2018,,oj.uz,https://oj.uz/problem/view/info1cup18_hidden,,subtask,5,estimated,,adhoc.unclassified,adhoc.unclassified,via-dmoj-category,,,,,2026-09-19,2026-09-19
info1cup-2018-maxcomp,Maxcomp,info1cup,info(1) cup 2018,2018,,oj.uz,https://oj.uz/problem/view/info1cup18_maxcomp,,subtask,5,estimated,,adhoc.unclassified,adhoc.unclassified,via-dmoj-category,,,,,2026-09-19,2026-09-19
info1cup-2018-norela,Norela,info1cup,info(1) cup 2018,2018,,oj.uz,https://oj.uz/problem/view/info1cup18_norela,,subtask,5,estimated,,adhoc.unclassified,adhoc.unclassified,via-dmoj-category,,,,,2026-09-19,2026-09-19
info1cup-2018-palindromes,Palindromes,info1cup,info(1) cup 2018,2018,,oj.uz,https://oj.uz/problem/view/info1cup18_palindromes,,subtask,5,estimated,,adhoc.unclassified,adhoc.unclassified,via-dmoj-category,,,,,2026-09-19,2026-09-19
info1cup-2018-shell,Shell,info1cup,info(1) cup 2018,2018,,oj.uz,https://oj.uz/problem/view/info1cup18_shell,,subtask,5,estimated,,adhoc.unclassified,adhoc.unclassified,via-dmoj-category,,,,,2026-09-19,2026-09-19
info1cup-2018-thegrade,The grade,info1cup,info(1) cup 2018,2018,,oj.uz,https://oj.uz/problem/view/info1cup18_thegrade,,subtask,5,estimated,,adhoc.unclassified,adhoc.unclassified,via-dmoj-category,,,,,2026-09-19,2026-09-19
info1cup-2019-cat,Cat,info1cup,info(1) cup 2019,2019,,oj.uz,https://oj.uz/problem/view/info1cup19_cat,,subtask,5,estimated,,adhoc.unclassified,adhoc.unclassified,via-dmoj-category,,,,,2026-09-19,2026-09-19
info1cup-2019-consul,CONSUL,info1cup,info(1) cup 2019,2019,,oj.uz,https://oj.uz/problem/view/info1cup19_consul,,subtask,5,estimated,,adhoc.unclassified,adhoc.unclassified,via-dmoj-category,,,,,2026-09-19,2026-09-19
info1cup-2019-costinland,Costinland,info1cup,info(1) cup 2019,2019,,oj.uz,https://oj.uz/problem/view/info1cup19_costinland,,subtask,5,estimated,,adhoc.unclassified,adhoc.unclassified,via-dmoj-category,,,,,2026-09-19,2026-09-19
info1cup-2019-mean,Mean,info1cup,info(1) cup 2019,2019,,oj.uz,https://oj.uz/problem/view/info1cup19_mean,,subtask,5,estimated,,adhoc.unclassified,adhoc.unclassified,via-dmoj-category,,,,,2026-09-19,2026-09-19
info1cup-2019-mouse,Mouse,info1cup,info(1) cup 2019,2019,,oj.uz,https://oj.uz/problem/view/info1cup19_mouse,,subtask,5,estimated,,adhoc.unclassified,adhoc.unclassified,via-dmoj-category,,,,,2026-09-19,2026-09-19
info1cup-2019-simple,Simple,info1cup,info(1) cup 2019,2019,,oj.uz,https://oj.uz/problem/view/info1cup19_simple,,subtask,5,estimated,,adhoc.unclassified,adhoc.unclassified,via-dmoj-category,,,,,2026-09-19,2026-09-19
info1cup-2019-split,Split,info1cup,info(1) cup 2019,2019,,oj.uz,https://oj.uz/problem/view/info1cup19_split,,subtask,5,estimated,,adhoc.unclassified,adhoc.unclassified,via-dmoj-category,,,,,2026-09-19,2026-09-19
info1cup-2019-subway,Subway,info1cup,info(1) cup 2019,2019,,oj.uz,https://oj.uz/problem/view/info1cup19_subway,,subtask,5,estimated,,adhoc.unclassified,adhoc.unclassified,via-dmoj-category,,,,,2026-09-19,2026-09-19
info1cup-2019-treasure,Treasure,info1cup,info(1) cup 2019,2019,,oj.uz,https://oj.uz/problem/view/info1cup19_treasure,,subtask,5,estimated,,adhoc.unclassified,adhoc.unclassified,via-dmoj-category,,,,,2026-09-19,2026-09-19
info1cup-2020-cheerleaders,Cheerleaders,info1cup,info(1) cup 2020,2020,,oj.uz,https://oj.uz/problem/view/info1cup20_cheerleaders,,subtask,5,estimated,,adhoc.unclassified,adhoc.unclassified,via-dmoj-category,,,,,2026-09-19,2026-09-19
info1cup-2020-football,Football,info1cup,info(1) cup 2020,2020,,oj.uz,https://oj.uz/problem/view/info1cup20_football,,subtask,5,estimated,,adhoc.unclassified,adhoc.unclassified,via-dmoj-category,,,,,2026-09-19,2026-09-19
info1cup-2020-tabletennis,Table Tennis,info1cup,info(1) cup 2020,2020,,oj.uz,https://oj.uz/problem/view/info1cup20_tabletennis,,subtask,5,estimated,,adhoc.unclassified,adhoc.unclassified,via-dmoj-category,,,,,2026-09-19,2026-09-19
info1cup-2020-trampoline,Trampoline,info1cup,info(1) cup 2020,2020,,oj.uz,https://oj.uz/problem/view/info1cup20_trampoline,,subtask,5,estimated,,adhoc.unclassified,adhoc.unclassified,via-dmoj-category,,,,,2026-09-19,2026-09-19
innopolis-2017-finala,Lock Puzzle,innopolis,Innopolis Open 2017,2017,,oj.uz,https://oj.uz/problem/view/innopolis2018_final_A,,subtask,5,estimated,,adhoc.unclassified,adhoc.unclassified,via-dmoj-category,,,,,2026-09-19,2026-09-19
innopolis-2017-finalb,Cooking,innopolis,Innopolis Open 2017,2017,,oj.uz,https://oj.uz/problem/view/innopolis2018_final_B,,subtask,5,estimated,,adhoc.unclassified,adhoc.unclassified,via-dmoj-category,,,,,2026-09-19,2026-09-19
innopolis-2017-finalc,Iqea,innopolis,Innopolis Open 2017,2017,,oj.uz,https://oj.uz/problem/view/innopolis2018_final_C,,subtask,5,estimated,,adhoc.unclassified,adhoc.unclassified,via-dmoj-category,,,,,2026-09-19,2026-09-19
innopolis-2017-finald,Sleepy game,innopolis,Innopolis Open 2017,2017,,oj.uz,https://oj.uz/problem/view/innopolis2018_final_D,,subtask,5,estimated,,adhoc.unclassified,adhoc.unclassified,via-dmoj-category,,,,,2026-09-19,2026-09-19
innopolis-2017-finale,World of Tank,innopolis,Innopolis Open 2017,2017,,oj.uz,https://oj.uz/problem/view/innopolis2018_final_E,,subtask,5,estimated,,adhoc.unclassified,adhoc.unclassified,via-dmoj-category,,,,,2026-09-19,2026-09-19
innopolis-2020-finala,Parking Problem,innopolis,Innopolis Open 2020,2020,,oj.uz,https://oj.uz/problem/view/innopolis2021_final_A,,subtask,5,estimated,,adhoc.unclassified,adhoc.unclassified,via-dmoj-category,,,,,2026-09-19,2026-09-19
innopolis-2020-finalb,Diamond Hands,innopolis,Innopolis Open 2020,2020,,oj.uz,https://oj.uz/problem/view/innopolis2021_final_B,,subtask,5,estimated,,adhoc.unclassified,adhoc.unclassified,via-dmoj-category,,,,,2026-09-19,2026-09-19
innopolis-2020-finalc,RPS string,innopolis,Innopolis Open 2020,2020,,oj.uz,https://oj.uz/problem/view/innopolis2021_final_C,,subtask,5,estimated,,adhoc.unclassified,adhoc.unclassified,via-dmoj-category,,,,,2026-09-19,2026-09-19
innopolis-2020-finald,Long puzzle,innopolis,Innopolis Open 2020,2020,,oj.uz,https://oj.uz/problem/view/innopolis2021_final_D,,subtask,5,estimated,,adhoc.unclassified,adhoc.unclassified,via-dmoj-category,,,,,2026-09-19,2026-09-19
innopolis-2020-finale,Rooted MST,innopolis,Innopolis Open 2020,2020,,oj.uz,https://oj.uz/problem/view/innopolis2021_final_E,,subtask,5,estimated,,adhoc.unclassified,adhoc.unclassified,via-dmoj-category,,,,,2026-09-19,2026-09-19
inoi-2020-dabbeh,Dabbeh,inoi,INOI 2020,2020,,oj.uz,https://oj.uz/problem/view/INOI20_dabbeh,,subtask,5,estimated,,adhoc.unclassified,adhoc.unclassified,via-dmoj-category,,,,,2026-09-19,2026-09-19
inoi-2020-lis,LIS,inoi,INOI 2020,2020,,oj.uz,https://oj.uz/problem/view/INOI20_lis,,subtask,5,estimated,,adhoc.unclassified,adhoc.unclassified,via-dmoj-category,,,,,2026-09-19,2026-09-19
inoi-2020-litehfiteh,Liteh and Newfiteh,inoi,INOI 2020,2020,,oj.uz,https://oj.uz/problem/view/INOI20_litehfiteh,,subtask,5,estimated,,adhoc.unclassified,adhoc.unclassified,via-dmoj-category,,,,,2026-09-19,2026-09-19
inoi-2020-lostiks,LOSTIKS,inoi,INOI 2020,2020,,oj.uz,https://oj.uz/problem/view/INOI20_lostiks,,subtask,5,estimated,,adhoc.unclassified,adhoc.unclassified,via-dmoj-category,,,,,2026-09-19,2026-09-19
inoi-2020-party,Party,inoi,INOI 2020,2020,,oj.uz,https://oj.uz/problem/view/INOI20_party,,subtask,5,estimated,,adhoc.unclassified,adhoc.unclassified,via-dmoj-category,,,,,2026-09-19,2026-09-19
inoi-2020-subtree,Subtree,inoi,INOI 2020,2020,,oj.uz,https://oj.uz/problem/view/INOI20_subtree,,subtask,5,estimated,,dp.tree.rerooting,dp.tree.rerooting,via-usaco-guide,,,,,2026-09-19,2026-09-19
inoi-2020-sumtree,Sumtree,inoi,INOI 2020,2020,,oj.uz,https://oj.uz/problem/view/INOI20_sumtree,,subtask,5,estimated,,adhoc.unclassified,adhoc.unclassified,via-dmoj-category,,,,,2026-09-19,2026-09-19
inoi-2020-watermelon,Watermelon,inoi,INOI 2020,2020,,oj.uz,https://oj.uz/problem/view/INOI20_watermelon,,subtask,5,estimated,,adhoc.unclassified,adhoc.unclassified,via-dmoj-category,,,,,2026-09-19,2026-09-19
inoi-2020-zigzag,ZIGZAG,inoi,INOI 2020,2020,,oj.uz,https://oj.uz/problem/view/INOI20_zigzag,,subtask,5,estimated,,adhoc.unclassified,adhoc.unclassified,via-dmoj-category,,,,,2026-09-19,2026-09-19
ioi-2003-reverse,Reverse,ioi,IOI 2003,2003,,oj.uz,https://oj.uz/problem/view/IOI03_reverse,,subtask,7,estimated,,adhoc.unclassified,adhoc.unclassified,via-dmoj-category,,,,,2026-09-19,2026-09-19
ioi-2007-aliens,Aliens,ioi,IOI 2007,2007,,oj.uz,https://oj.uz/problem/view/IOI07_aliens,,subtask,7,estimated,,dp.optimization.aliens_trick,dp.optimization.aliens_trick,via-usaco-guide,,,,,2026-09-19,2026-09-19
ioi-2007-flood,Flood,ioi,IOI 2007,2007,,oj.uz,https://oj.uz/problem/view/IOI07_flood,,subtask,7,estimated,,adhoc.unclassified,adhoc.unclassified,via-dmoj-category,,,,,2026-09-19,2026-09-19
ioi-2007-miners,Miners,ioi,IOI 2007,2007,,oj.uz,https://oj.uz/problem/view/IOI07_miners,,subtask,7,estimated,,adhoc.unclassified,adhoc.unclassified,via-dmoj-category,,,,,2026-09-19,2026-09-19
ioi-2007-pairs,Pairs,ioi,IOI 2007,2007,,oj.uz,https://oj.uz/problem/view/IOI07_pairs,,subtask,7,estimated,,data_structures.range_query.fenwick,data_structures.range_query.fenwick,via-usaco-guide,,,,,2026-09-19,2026-09-19
ioi-2007-sails,Sails,ioi,IOI 2007,2007,,oj.uz,https://oj.uz/problem/view/IOI07_sails,,subtask,7,estimated,,data_structures.range_query.lazy_propagation,data_structures.range_query.lazy_propagation,via-usaco-guide,,,,,2026-09-19,2026-09-19
ioi-2007-training,Training,ioi,IOI 2007,2007,,oj.uz,https://oj.uz/problem/view/IOI07_training,,subtask,7,estimated,,dp.subset.subset_dp,dp.subset.subset_dp,via-usaco-guide,,,,,2026-09-19,2026-09-19
ioi-2008-fish,Fish,ioi,IOI 2008,2008,,oj.uz,https://oj.uz/problem/view/IOI08_fish,,subtask,7,estimated,,adhoc.unclassified,adhoc.unclassified,via-dmoj-category,,,,,2026-09-19,2026-09-19
ioi-2008-islands,Islands,ioi,IOI 2008,2008,,oj.uz,https://oj.uz/problem/view/IOI08_islands,,subtask,7,estimated,,adhoc.unclassified,adhoc.unclassified,via-dmoj-category,,,,,2026-09-19,2026-09-19
ioi-2008-lineargarden,Linear Garden,ioi,IOI 2008,2008,,oj.uz,https://oj.uz/problem/view/IOI08_linear_garden,,subtask,7,estimated,,adhoc.unclassified,adhoc.unclassified,via-dmoj-category,,,,,2026-09-19,2026-09-19
ioi-2008-printer,Type Printer,ioi,IOI 2008,2008,,oj.uz,https://oj.uz/problem/view/IOI08_printer,,subtask,7,estimated,,adhoc.unclassified,adhoc.unclassified,via-dmoj-category,,,,,2026-09-19,2026-09-19
ioi-2008-pyramidbase,Pyramid Base,ioi,IOI 2008,2008,,oj.uz,https://oj.uz/problem/view/IOI08_pyramid_base,,subtask,7,estimated,,data_structures.linear.sliding_window,data_structures.linear.sliding_window,via-usaco-guide,,,,,2026-09-19,2026-09-19
ioi-2008-teleporters,Teleporters,ioi,IOI 2008,2008,,oj.uz,https://oj.uz/problem/view/IOI08_teleporters,,subtask,7,estimated,,adhoc.unclassified,adhoc.unclassified,via-dmoj-category,,,,,2026-09-19,2026-09-19
ioi-2009-archery,Archery,ioi,IOI 2009,2009,,oj.uz,https://oj.uz/problem/view/IOI09_archery,,subtask,7,estimated,,adhoc.unclassified,adhoc.unclassified,via-dmoj-category,,,,,2026-09-19,2026-09-19
ioi-2009-garage,Garage,ioi,IOI 2009,2009,,oj.uz,https://oj.uz/problem/view/IOI09_garage,,subtask,7,estimated,,adhoc.unclassified,adhoc.unclassified,via-dmoj-category,,,,,2026-09-19,2026-09-19
ioi-2009-hiring,Hiring,ioi,IOI 2009,2009,,oj.uz,https://oj.uz/problem/view/IOI09_hiring,,subtask,7,estimated,,adhoc.unclassified,adhoc.unclassified,via-dmoj-category,,,,,2026-09-19,2026-09-19
ioi-2009-mecho,Mecho,ioi,IOI 2009,2009,,oj.uz,https://oj.uz/problem/view/IOI09_mecho,,subtask,7,estimated,,graphs.traversal.bfs,graphs.traversal.bfs,via-usaco-guide,,,,,2026-09-19,2026-09-19
ioi-2009-poi,Poi,ioi,IOI 2009,2009,,oj.uz,https://oj.uz/problem/view/IOI09_poi,,subtask,7,estimated,,adhoc.unclassified,adhoc.unclassified,via-dmoj-category,,,,,2026-09-19,2026-09-19
ioi-2009-raisins,Raisins,ioi,IOI 2009,2009,,oj.uz,https://oj.uz/problem/view/IOI09_raisins,,subtask,7,estimated,,adhoc.unclassified,adhoc.unclassified,via-dmoj-category,,,,,2026-09-19,2026-09-19
ioi-2009-regions,Regions,ioi,IOI 2009,2009,,oj.uz,https://oj.uz/problem/view/IOI09_regions,,subtask,7,estimated,,trees.basics.euler_tour,trees.basics.euler_tour,via-usaco-guide,,,,,2026-09-19,2026-09-19
ioi-2009-salesman,Salesman,ioi,IOI 2009,2009,,oj.uz,https://oj.uz/problem/view/IOI09_salesman,,subtask,8,estimated,,data_structures.range_query.segment_tree,data_structures.range_query.segment_tree,,4,,,,2026-09-19,2026-09-19
ioi-2010-cluedo,Cluedo,ioi,IOI 2010,2010,,oj.uz,https://oj.uz/problem/view/IOI10_cluedo,,subtask,7,estimated,,adhoc.unclassified,adhoc.unclassified,via-dmoj-category,,,,,2026-09-19,2026-09-19
ioi-2010-hottercolder,Hotter Colder,ioi,IOI 2010,2010,,oj.uz,https://oj.uz/problem/view/IOI10_hottercolder,,subtask,7,estimated,,adhoc.unclassified,adhoc.unclassified,via-dmoj-category,,,,,2026-09-19,2026-09-19
ioi-2010-languages,Languages,ioi,IOI 2010,2010,,oj.uz,https://oj.uz/problem/view/IOI10_languages,,subtask,7,estimated,,adhoc.unclassified,adhoc.unclassified,via-dmoj-category,,,,,2026-09-19,2026-09-19
ioi-2010-maze,Maze,ioi,IOI 2010,2010,,oj.uz,https://oj.uz/problem/view/IOI10_maze,,subtask,7,estimated,,adhoc.unclassified,adhoc.unclassified,via-dmoj-category,,,,,2026-09-19,2026-09-19
ioi-2010-memory,Memory,ioi,IOI 2010,2010,,oj.uz,https://oj.uz/problem/view/IOI10_memory,,subtask,7,estimated,,adhoc.unclassified,adhoc.unclassified,via-dmoj-category,,,,,2026-09-19,2026-09-19
ioi-2010-quality,Quality Of Living,ioi,IOI 2010,2010,,oj.uz,https://oj.uz/problem/view/IOI10_quality,,subtask,7,estimated,,adhoc.unclassified,adhoc.unclassified,via-dmoj-category,,,,,2026-09-19,2026-09-19
ioi-2010-saveit,Saveit,ioi,IOI 2010,2010,,oj.uz,https://oj.uz/problem/view/IOI10_saveit,,subtask,7,estimated,,adhoc.unclassified,adhoc.unclassified,via-dmoj-category,,,,,2026-09-19,2026-09-19
ioi-2010-traffic,Traffic,ioi,IOI 2010,2010,,oj.uz,https://oj.uz/problem/view/IOI10_traffic,,subtask,7,estimated,,adhoc.unclassified,adhoc.unclassified,via-dmoj-category,,,,,2026-09-19,2026-09-19
ioi-2011-crocodile,Crocodile's Underground City,ioi,IOI 2011,2011,,oj.uz,https://oj.uz/problem/view/IOI11_crocodile,,subtask,7,estimated,,graphs.shortest_path.dijkstra,graphs.shortest_path.dijkstra,via-usaco-guide,,,,,2026-09-19,2026-09-19
ioi-2011-elephants,Dancing Elephants,ioi,IOI 2011,2011,,oj.uz,https://oj.uz/problem/view/IOI11_elephants,,subtask,7,estimated,,adhoc.unclassified,adhoc.unclassified,via-dmoj-category,,,,,2026-09-19,2026-09-19
ioi-2011-garden,Tropical Garden,ioi,IOI 2011,2011,,oj.uz,https://oj.uz/problem/view/IOI11_garden,,subtask,7,estimated,,graphs.special_graphs.functional_graph,graphs.special_graphs.functional_graph,via-usaco-guide,,,,,2026-09-19,2026-09-19
ioi-2011-parrots,Parrots,ioi,IOI 2011,2011,,oj.uz,https://oj.uz/problem/view/IOI11_parrots,,subtask,7,estimated,,adhoc.unclassified,adhoc.unclassified,via-dmoj-category,,,,,2026-09-19,2026-09-19
ioi-2011-race,Race,ioi,IOI 2011,2011,,oj.uz,https://oj.uz/problem/view/IOI11_race,,subtask,7,estimated,,trees.decomposition.centroid,trees.decomposition.centroid,,5,true,,,2026-09-19,2026-09-19
ioi-2011-ricehub,Rice Hub,ioi,IOI 2011,2011,,oj.uz,https://oj.uz/problem/view/IOI11_ricehub,,subtask,5,estimated,,data_structures.linear.sliding_window,data_structures.linear.sliding_window,,4,,,,2026-09-19,2026-09-19
ioi-2012-city,Ideal city,ioi,IOI 2012,2012,,oj.uz,https://oj.uz/problem/view/IOI12_city,,subtask,7,estimated,,adhoc.unclassified,adhoc.unclassified,via-dmoj-category,,,,,2026-09-19,2026-09-19
ioi-2012-crocodile,Crocodile's Underground City,ioi,IOI 2012,2012,,oj.uz,https://oj.uz/problem/view/IOI12_crocodile,,subtask,6,estimated,,graphs.shortest_path.dijkstra,graphs.shortest_path.dijkstra,,4,,,,2026-09-19,2026-09-19
ioi-2012-rings,Parachute rings,ioi,IOI 2012,2012,,oj.uz,https://oj.uz/problem/view/IOI12_rings,,subtask,7,estimated,,adhoc.unclassified,adhoc.unclassified,via-dmoj-category,,,,,2026-09-19,2026-09-19
ioi-2012-scrivener,Crayfish scrivener,ioi,IOI 2012,2012,,oj.uz,https://oj.uz/problem/view/IOI12_scrivener,,subtask,7,estimated,,adhoc.unclassified,adhoc.unclassified,via-dmoj-category,,,,,2026-09-19,2026-09-19
ioi-2012-supper,Last supper,ioi,IOI 2012,2012,,oj.uz,https://oj.uz/problem/view/IOI12_supper,,subtask,7,estimated,,adhoc.unclassified,adhoc.unclassified,via-dmoj-category,,,,,2026-09-19,2026-09-19
ioi-2012-tournament,Jousting tournament,ioi,IOI 2012,2012,,oj.uz,https://oj.uz/problem/view/IOI12_tournament,,subtask,7,estimated,,adhoc.unclassified,adhoc.unclassified,via-dmoj-category,,,,,2026-09-19,2026-09-19
ioi-2013-artclass,Art Class,ioi,IOI 2013,2013,,oj.uz,https://oj.uz/problem/view/IOI13_artclass,,subtask,7,estimated,,adhoc.unclassified,adhoc.unclassified,via-dmoj-category,,,,,2026-09-19,2026-09-19
ioi-2013-cave,Cave,ioi,IOI 2013,2013,,oj.uz,https://oj.uz/problem/view/IOI13_cave,,subtask,7,estimated,,adhoc.unclassified,adhoc.unclassified,via-dmoj-category,,,,,2026-09-19,2026-09-19
ioi-2013-dreaming,Dreaming,ioi,IOI 2013,2013,,oj.uz,https://oj.uz/problem/view/IOI13_dreaming,,subtask,7,estimated,,adhoc.unclassified,adhoc.unclassified,via-dmoj-category,,,,,2026-09-19,2026-09-19
ioi-2013-game,Game,ioi,IOI 2013,2013,,oj.uz,https://oj.uz/problem/view/IOI13_game,,subtask,7,estimated,,data_structures.range_query.fenwick,data_structures.range_query.fenwick,via-usaco-guide,,,,,2026-09-19,2026-09-19
ioi-2013-robots,Robots,ioi,IOI 2013,2013,,oj.uz,https://oj.uz/problem/view/IOI13_robots,,subtask,7,estimated,,adhoc.unclassified,adhoc.unclassified,via-dmoj-category,,,,,2026-09-19,2026-09-19
ioi-2013-wombats,Wombats,ioi,IOI 2013,2013,,oj.uz,https://oj.uz/problem/view/IOI13_wombats,,subtask,9,estimated,,dp.optimization.divide_conquer_opt,dp.optimization.divide_conquer_opt,,4,,,,2026-09-19,2026-09-19
ioi-2014-friend,Friend,ioi,IOI 2014,2014,,oj.uz,https://oj.uz/problem/view/IOI14_friend,,subtask,7,estimated,,adhoc.unclassified,adhoc.unclassified,via-dmoj-category,,,,,2026-09-19,2026-09-19
ioi-2014-game,Game,ioi,IOI 2014,2014,,oj.uz,https://oj.uz/problem/view/IOI14_game,,subtask,7,estimated,,data_structures.range_query.fenwick,data_structures.range_query.fenwick,via-usaco-guide,,,,,2026-09-19,2026-09-19
ioi-2014-gondola,Gondola,ioi,IOI 2014,2014,,oj.uz,https://oj.uz/problem/view/IOI14_gondola,,subtask,7,estimated,,adhoc.unclassified,adhoc.unclassified,via-dmoj-category,,,,,2026-09-19,2026-09-19
ioi-2014-holiday,Holiday,ioi,IOI 2014,2014,,oj.uz,https://oj.uz/problem/view/IOI14_holiday,,subtask,7,estimated,,dp.optimization.divide_conquer_opt,dp.optimization.divide_conquer_opt,via-usaco-guide,,,,,2026-09-19,2026-09-19
ioi-2014-rail,Rail,ioi,IOI 2014,2014,,oj.uz,https://oj.uz/problem/view/IOI14_rail,,subtask,8,estimated,,adhoc.constructive.interactive,adhoc.constructive.interactive,,4,,,,2026-09-19,2026-09-19
ioi-2014-wall,Wall,ioi,IOI 2014,2014,,oj.uz,https://oj.uz/problem/view/IOI14_wall,,subtask,7,estimated,,data_structures.range_query.lazy_propagation,data_structures.range_query.lazy_propagation,via-usaco-guide,,,,,2026-09-19,2026-09-19
ioi-2015-boxes,Boxes with souvenirs,ioi,IOI 2015,2015,,oj.uz,https://oj.uz/problem/view/IOI15_boxes,,subtask,7,estimated,,adhoc.unclassified,adhoc.unclassified,via-dmoj-category,,,,,2026-09-19,2026-09-19
ioi-2015-horses,Horses,ioi,IOI 2015,2015,,oj.uz,https://oj.uz/problem/view/IOI15_horses,,subtask,8,estimated,,data_structures.range_query.segment_tree,data_structures.range_query.segment_tree,,4,,,,2026-09-19,2026-09-19
ioi-2015-scales,Scales,ioi,IOI 2015,2015,,oj.uz,https://oj.uz/problem/view/IOI15_scales,,subtask,7,estimated,,adhoc.unclassified,adhoc.unclassified,via-dmoj-category,,,,,2026-09-19,2026-09-19
ioi-2015-sorting,Sorting,ioi,IOI 2015,2015,,oj.uz,https://oj.uz/problem/view/IOI15_sorting,,subtask,7,estimated,,adhoc.unclassified,adhoc.unclassified,via-dmoj-category,,,,,2026-09-19,2026-09-19
ioi-2015-teams,Teams,ioi,IOI 2015,2015,,oj.uz,https://oj.uz/problem/view/IOI15_teams,,subtask,7,estimated,,data_structures.sqrt.sqrt_decomposition,data_structures.sqrt.sqrt_decomposition,via-usaco-guide,,,,,2026-09-19,2026-09-19
ioi-2015-towns,Towns,ioi,IOI 2015,2015,,oj.uz,https://oj.uz/problem/view/IOI15_towns,,subtask,7,estimated,,adhoc.unclassified,adhoc.unclassified,via-dmoj-category,,,,,2026-09-19,2026-09-19
ioi-2016-aliens,Aliens,ioi,IOI 2016,2016,,oj.uz,https://oj.uz/problem/view/IOI16_aliens,,subtask,7,estimated,,dp.optimization.aliens_trick,dp.optimization.aliens_trick,via-usaco-guide,,,,,2026-09-19,2026-09-19
ioi-2016-dna,Martian DNA,ioi,IOI 2016,2016,,oj.uz,https://oj.uz/problem/view/IOI16_dna,,subtask,7,estimated,,adhoc.unclassified,adhoc.unclassified,via-dmoj-category,,,,,2026-09-19,2026-09-19
ioi-2016-laugh,Laugh Analysis,ioi,IOI 2016,2016,,oj.uz,https://oj.uz/problem/view/IOI16_laugh,,subtask,7,estimated,,adhoc.unclassified,adhoc.unclassified,via-dmoj-category,,,,,2026-09-19,2026-09-19
ioi-2016-messy,Unscrambling a Messy Bug,ioi,IOI 2016,2016,,oj.uz,https://oj.uz/problem/view/IOI16_messy,,subtask,7,estimated,,adhoc.unclassified,adhoc.unclassified,via-dmoj-category,,,,,2026-09-19,2026-09-19
ioi-2016-molecules,Detecting Molecules,ioi,IOI 2016,2016,,oj.uz,https://oj.uz/problem/view/IOI16_molecules,,subtask,7,estimated,,adhoc.unclassified,adhoc.unclassified,via-dmoj-category,,,,,2026-09-19,2026-09-19
ioi-2016-paint,Paint By Numbers,ioi,IOI 2016,2016,,oj.uz,https://oj.uz/problem/view/IOI16_paint,,subtask,7,estimated,,adhoc.unclassified,adhoc.unclassified,via-dmoj-category,,,,,2026-09-19,2026-09-19
ioi-2016-railroad,Roller Coaster Railroad,ioi,IOI 2016,2016,,oj.uz,https://oj.uz/problem/view/IOI16_railroad,,subtask,7,estimated,,adhoc.unclassified,adhoc.unclassified,via-dmoj-category,,,,,2026-09-19,2026-09-19
ioi-2016-reverse,Reversing a Sequence,ioi,IOI 2016,2016,,oj.uz,https://oj.uz/problem/view/IOI16_reverse,,subtask,7,estimated,,adhoc.unclassified,adhoc.unclassified,via-dmoj-category,,,,,2026-09-19,2026-09-19
ioi-2016-shortcut,Shortcut,ioi,IOI 2016,2016,,oj.uz,https://oj.uz/problem/view/IOI16_shortcut,,subtask,8,estimated,,search.binary_search.on_answer,search.binary_search.on_answer,,4,,,,2026-09-19,2026-09-19
ioi-2016-tetris,Mini tetris,ioi,IOI 2016,2016,,oj.uz,https://oj.uz/problem/view/IOI16_tetris,,subtask,7,estimated,,adhoc.unclassified,adhoc.unclassified,via-dmoj-category,,,,,2026-09-19,2026-09-19
ioi-2017-books,Ancient Books,ioi,IOI 2017,2017,,oj.uz,https://oj.uz/problem/view/IOI17_books,,subtask,7,estimated,,adhoc.unclassified,adhoc.unclassified,via-dmoj-category,,,,,2026-09-19,2026-09-19
ioi-2017-coins,Coins,ioi,IOI 2017,2017,,oj.uz,https://oj.uz/problem/view/IOI17_coins,,subtask,7,estimated,,adhoc.unclassified,adhoc.unclassified,via-dmoj-category,,,,,2026-09-19,2026-09-19
ioi-2017-cup,Cup of Jamshid,ioi,IOI 2017,2017,,oj.uz,https://oj.uz/problem/view/IOI17_cup,,subtask,7,estimated,,adhoc.unclassified,adhoc.unclassified,via-dmoj-category,,,,,2026-09-19,2026-09-19
ioi-2017-mountains,Mountains,ioi,IOI 2017,2017,,oj.uz,https://oj.uz/problem/view/IOI17_mountains,,subtask,7,estimated,,adhoc.unclassified,adhoc.unclassified,via-dmoj-category,,,,,2026-09-19,2026-09-19
ioi-2017-nowruz,Nowruz,ioi,IOI 2017,2017,,oj.uz,https://oj.uz/problem/view/IOI17_nowruz,,subtask,7,estimated,,adhoc.unclassified,adhoc.unclassified,via-dmoj-category,,,,,2026-09-19,2026-09-19
ioi-2017-prize,The Big Prize,ioi,IOI 2017,2017,,oj.uz,https://oj.uz/problem/view/IOI17_prize,,subtask,7,estimated,,adhoc.unclassified,adhoc.unclassified,via-dmoj-category,,,,,2026-09-19,2026-09-19
ioi-2017-simurgh,Simurgh,ioi,IOI 2017,2017,,oj.uz,https://oj.uz/problem/view/IOI17_simurgh,,subtask,7,estimated,,adhoc.unclassified,adhoc.unclassified,via-dmoj-category,,,,,2026-09-19,2026-09-19
ioi-2017-train,Toy Train,ioi,IOI 2017,2017,,oj.uz,https://oj.uz/problem/view/IOI17_train,,subtask,7,estimated,,adhoc.unclassified,adhoc.unclassified,via-dmoj-category,,,,,2026-09-19,2026-09-19
ioi-2017-wiring,Wiring,ioi,IOI 2017,2017,,oj.uz,https://oj.uz/problem/view/IOI17_wiring,,subtask,7,estimated,,dp.basics.linear,dp.basics.linear|data_structures.static_range.prefix_sums,,4,,,,2026-09-19,2026-09-19
ioi-2018-combo,Combo,ioi,IOI 2018,2018,,oj.uz,https://oj.uz/problem/view/IOI18_combo,,subtask,7,estimated,,adhoc.unclassified,adhoc.unclassified,via-dmoj-category,,,,,2026-09-19,2026-09-19
ioi-2018-doll,Mechanical Doll,ioi,IOI 2018,2018,,oj.uz,https://oj.uz/problem/view/IOI18_doll,,subtask,7,estimated,,adhoc.unclassified,adhoc.unclassified,via-dmoj-category,,,,,2026-09-19,2026-09-19
ioi-2018-highway,Highway Tolls,ioi,IOI 2018,2018,,oj.uz,https://oj.uz/problem/view/IOI18_highway,,subtask,7,estimated,,adhoc.unclassified,adhoc.unclassified,via-dmoj-category,,,,,2026-09-19,2026-09-19
ioi-2018-meetings,Meetings,ioi,IOI 2018,2018,,oj.uz,https://oj.uz/problem/view/IOI18_meetings,,subtask,7,estimated,,adhoc.unclassified,adhoc.unclassified,via-dmoj-category,,,,,2026-09-19,2026-09-19
ioi-2018-seats,Seats,ioi,IOI 2018,2018,,oj.uz,https://oj.uz/problem/view/IOI18_seats,,subtask,9,estimated,,data_structures.range_query.lazy_propagation,data_structures.range_query.lazy_propagation,,5,true,,,2026-09-19,2026-09-19
ioi-2018-werewolf,Werewolf,ioi,IOI 2018,2018,,oj.uz,https://oj.uz/problem/view/IOI18_werewolf,,subtask,7,estimated,,adhoc.unclassified,adhoc.unclassified,via-dmoj-category,,,,,2026-09-19,2026-09-19
ioi-2019-cycle,Lost in the cycle,ioi,IOI 2019,2019,,oj.uz,https://oj.uz/problem/view/IOI19_cycle,,subtask,7,estimated,,adhoc.unclassified,adhoc.unclassified,via-dmoj-category,,,,,2026-09-19,2026-09-19
ioi-2019-job,Job Scheduling,ioi,IOI 2019,2019,,oj.uz,https://oj.uz/problem/view/IOI19_job,,subtask,7,estimated,,adhoc.unclassified,adhoc.unclassified,via-dmoj-category,,,,,2026-09-19,2026-09-19
ioi-2019-line,Broken Line,ioi,IOI 2019,2019,,oj.uz,https://oj.uz/problem/view/IOI19_line,,subtask,7,estimated,,adhoc.unclassified,adhoc.unclassified,via-dmoj-category,,,,,2026-09-19,2026-09-19
ioi-2019-packing,Packing,ioi,IOI 2019,2019,,oj.uz,https://oj.uz/problem/view/IOI19_packing,,subtask,7,estimated,,adhoc.unclassified,adhoc.unclassified,via-dmoj-category,,,,,2026-09-19,2026-09-19
ioi-2019-rect,Rectangles,ioi,IOI 2019,2019,,oj.uz,https://oj.uz/problem/view/IOI19_rect,,subtask,7,estimated,,adhoc.unclassified,adhoc.unclassified,via-dmoj-category,,,,,2026-09-19,2026-09-19
ioi-2019-shoes,Arranging Shoes,ioi,IOI 2019,2019,,oj.uz,https://oj.uz/problem/view/IOI19_shoes,,subtask,6,estimated,,data_structures.range_query.fenwick,data_structures.range_query.fenwick,,5,true,,,2026-09-19,2026-09-19
ioi-2019-split,Split the Attractions,ioi,IOI 2019,2019,,oj.uz,https://oj.uz/problem/view/IOI19_split,,subtask,7,estimated,,adhoc.unclassified,adhoc.unclassified,via-dmoj-category,,,,,2026-09-19,2026-09-19
ioi-2019-transfer,Data Transfer,ioi,IOI 2019,2019,,oj.uz,https://oj.uz/problem/view/IOI19_transfer,,subtask,7,estimated,,adhoc.unclassified,adhoc.unclassified,via-dmoj-category,,,,,2026-09-19,2026-09-19
ioi-2019-vision,Vision Program,ioi,IOI 2019,2019,,oj.uz,https://oj.uz/problem/view/IOI19_vision,,subtask,7,estimated,,adhoc.unclassified,adhoc.unclassified,via-dmoj-category,,,,,2026-09-19,2026-09-19
ioi-2019-walk,Sky Walking,ioi,IOI 2019,2019,,oj.uz,https://oj.uz/problem/view/IOI19_walk,,subtask,7,estimated,,adhoc.unclassified,adhoc.unclassified,via-dmoj-category,,,,,2026-09-19,2026-09-19
ioi-2020-biscuits,Packing Biscuits,ioi,IOI 2020,2020,,oj.uz,https://oj.uz/problem/view/IOI20_biscuits,,subtask,7,estimated,,adhoc.unclassified,adhoc.unclassified,via-dmoj-category,,,,,2026-09-19,2026-09-19
ioi-2020-gift,Handcrafted Gift,ioi,IOI 2020,2020,,oj.uz,https://oj.uz/problem/view/IOI20_gift,,subtask,7,estimated,,adhoc.unclassified,adhoc.unclassified,via-dmoj-category,,,,,2026-09-19,2026-09-19
ioi-2020-jelly,Jelly Flavours,ioi,IOI 2020,2020,,oj.uz,https://oj.uz/problem/view/IOI20_jelly,,subtask,7,estimated,,adhoc.unclassified,adhoc.unclassified,via-dmoj-category,,,,,2026-09-19,2026-09-19
ioi-2020-mushrooms,Counting Mushrooms,ioi,IOI 2020,2020,,oj.uz,https://oj.uz/problem/view/IOI20_mushrooms,,subtask,7,estimated,,adhoc.unclassified,adhoc.unclassified,via-dmoj-category,,,,,2026-09-19,2026-09-19
ioi-2020-plants,Comparing Plants,ioi,IOI 2020,2020,,oj.uz,https://oj.uz/problem/view/IOI20_plants,,subtask,7,estimated,,adhoc.unclassified,adhoc.unclassified,via-dmoj-category,,,,,2026-09-19,2026-09-19
ioi-2020-routers,Finding Routers,ioi,IOI 2020,2020,,oj.uz,https://oj.uz/problem/view/IOI20_routers,,subtask,7,estimated,,adhoc.unclassified,adhoc.unclassified,via-dmoj-category,,,,,2026-09-19,2026-09-19
ioi-2020-squares,Painting Squares,ioi,IOI 2020,2020,,oj.uz,https://oj.uz/problem/view/IOI20_squares,,subtask,7,estimated,,adhoc.unclassified,adhoc.unclassified,via-dmoj-category,,,,,2026-09-19,2026-09-19
ioi-2020-stations,Stations,ioi,IOI 2020,2020,,oj.uz,https://oj.uz/problem/view/IOI20_stations,,subtask,7,estimated,,adhoc.unclassified,adhoc.unclassified,via-dmoj-category,,,,,2026-09-19,2026-09-19
ioi-2020-supertrees,Connecting Supertrees,ioi,IOI 2020,2020,,oj.uz,https://oj.uz/problem/view/IOI20_supertrees,,subtask,7,estimated,,adhoc.unclassified,adhoc.unclassified,via-dmoj-category,,,,,2026-09-19,2026-09-19
ioi-2020-tickets,Carnival Tickets,ioi,IOI 2020,2020,,oj.uz,https://oj.uz/problem/view/IOI20_tickets,,subtask,7,estimated,,adhoc.unclassified,adhoc.unclassified,via-dmoj-category,,,,,2026-09-19,2026-09-19
ioi-2021-candies,Distributing Candies,ioi,IOI 2021,2021,,oj.uz,https://oj.uz/problem/view/IOI21_candies,,subtask,7,estimated,,adhoc.unclassified,adhoc.unclassified,via-dmoj-category,,,,,2026-09-19,2026-09-19
ioi-2021-dna,Mutating DNA,ioi,IOI 2021,2021,,oj.uz,https://oj.uz/problem/view/IOI21_dna,,subtask,7,estimated,,adhoc.unclassified,adhoc.unclassified,via-dmoj-category,,,,,2026-09-19,2026-09-19
ioi-2021-dungeons,Dungeons Game,ioi,IOI 2021,2021,,oj.uz,https://oj.uz/problem/view/IOI21_dungeons,,subtask,7,estimated,,adhoc.unclassified,adhoc.unclassified,via-dmoj-category,,,,,2026-09-19,2026-09-19
ioi-2021-keys,Keys,ioi,IOI 2021,2021,,oj.uz,https://oj.uz/problem/view/IOI21_keys,,subtask,7,estimated,,adhoc.unclassified,adhoc.unclassified,via-dmoj-category,,,,,2026-09-19,2026-09-19
ioi-2021-parks,Fountain Parks,ioi,IOI 2021,2021,,oj.uz,https://oj.uz/problem/view/IOI21_parks,,subtask,7,estimated,,adhoc.unclassified,adhoc.unclassified,via-dmoj-category,,,,,2026-09-19,2026-09-19
ioi-2021-registers,Bit Shift Registers,ioi,IOI 2021,2021,,oj.uz,https://oj.uz/problem/view/IOI21_registers,,subtask,7,estimated,,adhoc.unclassified,adhoc.unclassified,via-dmoj-category,,,,,2026-09-19,2026-09-19
ioi-2022-circuit,Digital Circuit,ioi,IOI 2022,2022,,oj.uz,https://oj.uz/problem/view/IOI22_circuit,,subtask,7,estimated,,adhoc.unclassified,adhoc.unclassified,via-dmoj-category,,,,,2026-09-19,2026-09-19
ioi-2022-fish,Catfish Farm,ioi,IOI 2022,2022,,oj.uz,https://oj.uz/problem/view/IOI22_fish,,subtask,7,estimated,,adhoc.unclassified,adhoc.unclassified,via-dmoj-category,,,,,2026-09-19,2026-09-19
ioi-2022-insects,Rarest Insects,ioi,IOI 2022,2022,,oj.uz,https://oj.uz/problem/view/IOI22_insects,,subtask,7,estimated,,adhoc.unclassified,adhoc.unclassified,via-dmoj-category,,,,,2026-09-19,2026-09-19
ioi-2022-islands,Thousands Islands,ioi,IOI 2022,2022,,oj.uz,https://oj.uz/problem/view/IOI22_islands,,subtask,7,estimated,,adhoc.unclassified,adhoc.unclassified,via-dmoj-category,,,,,2026-09-19,2026-09-19
ioi-2022-prison,Prisoner Challenge,ioi,IOI 2022,2022,,oj.uz,https://oj.uz/problem/view/IOI22_prison,,subtask,7,estimated,,adhoc.unclassified,adhoc.unclassified,via-dmoj-category,,,,,2026-09-19,2026-09-19
ioi-2022-towers,Radio Towers,ioi,IOI 2022,2022,,oj.uz,https://oj.uz/problem/view/IOI22_towers,,subtask,7,estimated,,adhoc.unclassified,adhoc.unclassified,via-dmoj-category,,,,,2026-09-19,2026-09-19
ioi-2023-aplusb,A Plus B,ioi,IOI 2023,2023,,oj.uz,https://oj.uz/problem/view/IOI23_aplusb,,subtask,7,estimated,,adhoc.unclassified,adhoc.unclassified,via-dmoj-category,,,,,2026-09-19,2026-09-19
ioi-2023-beechtree,Beech Tree,ioi,IOI 2023,2023,,oj.uz,https://oj.uz/problem/view/IOI23_beechtree,,subtask,7,estimated,,adhoc.unclassified,adhoc.unclassified,via-dmoj-category,,,,,2026-09-19,2026-09-19
ioi-2023-choreography,Choreography,ioi,IOI 2023,2023,,oj.uz,https://oj.uz/problem/view/IOI23_choreography,,subtask,7,estimated,,adhoc.unclassified,adhoc.unclassified,via-dmoj-category,,,,,2026-09-19,2026-09-19
ioi-2023-closing,Closing Time,ioi,IOI 2023,2023,,oj.uz,https://oj.uz/problem/view/IOI23_closing,,subtask,7,estimated,,adhoc.unclassified,adhoc.unclassified,via-dmoj-category,,,,,2026-09-19,2026-09-19
ioi-2023-coreputer,Coreputer,ioi,IOI 2023,2023,,oj.uz,https://oj.uz/problem/view/IOI23_coreputer,,subtask,7,estimated,,adhoc.unclassified,adhoc.unclassified,via-dmoj-category,,,,,2026-09-19,2026-09-19
ioi-2023-deliveries,Truck Driver,ioi,IOI 2023,2023,,oj.uz,https://oj.uz/problem/view/IOI23_deliveries,,subtask,7,estimated,,adhoc.unclassified,adhoc.unclassified,via-dmoj-category,,,,,2026-09-19,2026-09-19
ioi-2023-lockpicking,Lockpicking,ioi,IOI 2023,2023,,oj.uz,https://oj.uz/problem/view/IOI23_lockpicking,,subtask,7,estimated,,adhoc.unclassified,adhoc.unclassified,via-dmoj-category,,,,,2026-09-19,2026-09-19
ioi-2023-longesttrip,Longest Trip,ioi,IOI 2023,2023,,oj.uz,https://oj.uz/problem/view/IOI23_longesttrip,,subtask,7,estimated,,adhoc.unclassified,adhoc.unclassified,via-dmoj-category,,,,,2026-09-19,2026-09-19
ioi-2023-overtaking,Overtaking,ioi,IOI 2023,2023,,oj.uz,https://oj.uz/problem/view/IOI23_overtaking,,subtask,7,estimated,,adhoc.unclassified,adhoc.unclassified,via-dmoj-category,,,,,2026-09-19,2026-09-19
ioi-2023-robot,Robot Contest,ioi,IOI 2023,2023,,oj.uz,https://oj.uz/problem/view/IOI23_robot,,subtask,7,estimated,,adhoc.unclassified,adhoc.unclassified,via-dmoj-category,,,,,2026-09-19,2026-09-19
ioi-2023-soccer,Soccer Stadium,ioi,IOI 2023,2023,,oj.uz,https://oj.uz/problem/view/IOI23_soccer,,subtask,7,estimated,,adhoc.unclassified,adhoc.unclassified,via-dmoj-category,,,,,2026-09-19,2026-09-19
ioi-2024-aplusb,A + B,ioi,IOI 2024,2024,,oj.uz,https://oj.uz/problem/view/IOI24_aplusb,,subtask,7,estimated,,adhoc.unclassified,adhoc.unclassified,via-dmoj-category,,,,,2026-09-19,2026-09-19
ioi-2024-hieroglyphs,Hieroglyphs,ioi,IOI 2024,2024,,oj.uz,https://oj.uz/problem/view/IOI24_hieroglyphs,,subtask,7,estimated,,adhoc.unclassified,adhoc.unclassified,via-dmoj-category,,,,,2026-09-19,2026-09-19
ioi-2024-machine,Machine,ioi,IOI 2024,2024,,oj.uz,https://oj.uz/problem/view/IOI24_machine,,subtask,7,estimated,,adhoc.unclassified,adhoc.unclassified,via-dmoj-category,,,,,2026-09-19,2026-09-19
ioi-2024-message,Message,ioi,IOI 2024,2024,,oj.uz,https://oj.uz/problem/view/IOI24_message,,subtask,7,estimated,,adhoc.unclassified,adhoc.unclassified,via-dmoj-category,,,,,2026-09-19,2026-09-19
ioi-2024-mosaic,Mosaic,ioi,IOI 2024,2024,,oj.uz,https://oj.uz/problem/view/IOI24_mosaic,,subtask,7,estimated,,adhoc.unclassified,adhoc.unclassified,via-dmoj-category,,,,,2026-09-19,2026-09-19
ioi-2024-nile,Nile,ioi,IOI 2024,2024,,oj.uz,https://oj.uz/problem/view/IOI24_nile,,subtask,7,estimated,,adhoc.unclassified,adhoc.unclassified,via-dmoj-category,,,,,2026-09-19,2026-09-19
ioi-2024-pyramids,Pyramids,ioi,IOI 2024,2024,,oj.uz,https://oj.uz/problem/view/IOI24_pyramids,,subtask,7,estimated,,adhoc.unclassified,adhoc.unclassified,via-dmoj-category,,,,,2026-09-19,2026-09-19
ioi-2024-sphinx,Sphinx's Riddle,ioi,IOI 2024,2024,,oj.uz,https://oj.uz/problem/view/IOI24_sphinx,,subtask,7,estimated,,adhoc.unclassified,adhoc.unclassified,via-dmoj-category,,,,,2026-09-19,2026-09-19
ioi-2024-treasure,Treasure,ioi,IOI 2024,2024,,oj.uz,https://oj.uz/problem/view/IOI24_treasure,,subtask,7,estimated,,adhoc.unclassified,adhoc.unclassified,via-dmoj-category,,,,,2026-09-19,2026-09-19
ioi-2024-tree,Tree,ioi,IOI 2024,2024,,oj.uz,https://oj.uz/problem/view/IOI24_tree,,subtask,7,estimated,,adhoc.unclassified,adhoc.unclassified,via-dmoj-category,,,,,2026-09-19,2026-09-19
ioi-2025-festival,Festival,ioi,IOI 2025,2025,,oj.uz,https://oj.uz/problem/view/IOI25_festival,,subtask,7,estimated,,adhoc.unclassified,adhoc.unclassified,via-dmoj-category,,,,,2026-09-19,2026-09-19
ioi-2025-migrations,Migrations,ioi,IOI 2025,2025,,oj.uz,https://oj.uz/problem/view/IOI25_migrations,,subtask,7,estimated,,adhoc.unclassified,adhoc.unclassified,via-dmoj-category,,,,,2026-09-19,2026-09-19
ioi-2025-obstacles,Obstacles for a Llama,ioi,IOI 2025,2025,,oj.uz,https://oj.uz/problem/view/IOI25_obstacles,,subtask,7,estimated,,adhoc.unclassified,adhoc.unclassified,via-dmoj-category,,,,,2026-09-19,2026-09-19
ioi-2025-souvenirs,Souvenirs,ioi,IOI 2025,2025,,oj.uz,https://oj.uz/problem/view/IOI25_souvenirs,,subtask,7,estimated,,adhoc.unclassified,adhoc.unclassified,via-dmoj-category,,,,,2026-09-19,2026-09-19
ioi-2025-triples,Triple Peaks,ioi,IOI 2025,2025,,oj.uz,https://oj.uz/problem/view/IOI25_triples,,subtask,7,estimated,,adhoc.unclassified,adhoc.unclassified,via-dmoj-category,,,,,2026-09-19,2026-09-19
ioi-2025-worldmap,World Map,ioi,IOI 2025,2025,,oj.uz,https://oj.uz/problem/view/IOI25_worldmap,,subtask,7,estimated,,adhoc.unclassified,adhoc.unclassified,via-dmoj-category,,,,,2026-09-19,2026-09-19
ioi-2026-aplusb,A + B Queries,ioi,IOI 2026,2026,,oj.uz,https://oj.uz/problem/view/IOI26_aplusb,,subtask,7,estimated,,adhoc.unclassified,adhoc.unclassified,via-dmoj-category,,,,,2026-09-19,2026-09-19
ioi-2026-ballmachine,Ball Machine,ioi,IOI 2026,2026,,oj.uz,https://oj.uz/problem/view/IOI26_ballmachine,,subtask,7,estimated,,adhoc.unclassified,adhoc.unclassified,via-dmoj-category,,,,,2026-09-19,2026-09-19
ioi-2026-bitstrings,Duplicated Binary Strings,ioi,IOI 2026,2026,,oj.uz,https://oj.uz/problem/view/IOI26_bitstrings,,subtask,7,estimated,,adhoc.unclassified,adhoc.unclassified,via-dmoj-category,,,,,2026-09-19,2026-09-19
ioi-2026-boringgame,Boring Game,ioi,IOI 2026,2026,,oj.uz,https://oj.uz/problem/view/IOI26_boringgame,,subtask,7,estimated,,adhoc.unclassified,adhoc.unclassified,via-dmoj-category,,,,,2026-09-19,2026-09-19
ioi-2026-classroom,Classroom Game,ioi,IOI 2026,2026,,oj.uz,https://oj.uz/problem/view/IOI26_classroom,,subtask,7,estimated,,adhoc.unclassified,adhoc.unclassified,via-dmoj-category,,,,,2026-09-19,2026-09-19
ioi-2026-magic,Magic Trick,ioi,IOI 2026,2026,,oj.uz,https://oj.uz/problem/view/IOI26_magic,,subtask,7,estimated,,adhoc.unclassified,adhoc.unclassified,via-dmoj-category,,,,,2026-09-19,2026-09-19
ioi-2026-magiccity,Magic City,ioi,IOI 2026,2026,,oj.uz,https://oj.uz/problem/view/IOI26_magiccity,,subtask,7,estimated,,adhoc.unclassified,adhoc.unclassified,via-dmoj-category,,,,,2026-09-19,2026-09-19
ioi-2026-monuments,Monuments,ioi,IOI 2026,2026,,oj.uz,https://oj.uz/problem/view/IOI26_monuments,,subtask,7,estimated,,adhoc.unclassified,adhoc.unclassified,via-dmoj-category,,,,,2026-09-19,2026-09-19
ioi-2026-partition,Partition,ioi,IOI 2026,2026,,oj.uz,https://oj.uz/problem/view/IOI26_partition,,subtask,7,estimated,,adhoc.unclassified,adhoc.unclassified,via-dmoj-category,,,,,2026-09-19,2026-09-19
ioi-2026-tiling,Tiling Game,ioi,IOI 2026,2026,,oj.uz,https://oj.uz/problem/view/IOI26_tiling,,subtask,7,estimated,,adhoc.unclassified,adhoc.unclassified,via-dmoj-category,,,,,2026-09-19,2026-09-19
izho-2011-collider,Collider,izho,IZhO 2011,2011,,oj.uz,https://oj.uz/problem/view/IZhO11_collider,,subtask,7,estimated,,adhoc.unclassified,adhoc.unclassified,via-dmoj-category,,,,,2026-09-19,2026-09-19
izho-2011-hyper,Hyper-minimum,izho,IZhO 2011,2011,,oj.uz,https://oj.uz/problem/view/IZhO11_hyper,,subtask,7,estimated,,adhoc.unclassified,adhoc.unclassified,via-dmoj-category,,,,,2026-09-19,2026-09-19
izho-2011-kthpath,K-th path,izho,IZhO 2011,2011,,oj.uz,https://oj.uz/problem/view/IZhO11_kthpath,,subtask,7,estimated,,adhoc.unclassified,adhoc.unclassified,via-dmoj-category,,,,,2026-09-19,2026-09-19
izho-2011-oddeven,Odd-even,izho,IZhO 2011,2011,,oj.uz,https://oj.uz/problem/view/IZhO11_oddeven,,subtask,7,estimated,,adhoc.unclassified,adhoc.unclassified,via-dmoj-category,,,,,2026-09-19,2026-09-19
izho-2011-skyline,Skyline,izho,IZhO 2011,2011,,oj.uz,https://oj.uz/problem/view/IZhO11_skyline,,subtask,7,estimated,,adhoc.unclassified,adhoc.unclassified,via-dmoj-category,,,,,2026-09-19,2026-09-19
izho-2011-stones,Weighting stones,izho,IZhO 2011,2011,,oj.uz,https://oj.uz/problem/view/IZhO11_stones,,subtask,7,estimated,,adhoc.unclassified,adhoc.unclassified,via-dmoj-category,,,,,2026-09-19,2026-09-19
izho-2011-triangle,Star triangles,izho,IZhO 2011,2011,,oj.uz,https://oj.uz/problem/view/IZhO11_triangle,,subtask,7,estimated,,bitwise.techniques.bitset_optimization,bitwise.techniques.bitset_optimization,via-usaco-guide,,,,,2026-09-19,2026-09-19
izho-2011-turtle,Energetic turtle,izho,IZhO 2011,2011,,oj.uz,https://oj.uz/problem/view/IZhO11_turtle,,subtask,7,estimated,,adhoc.unclassified,adhoc.unclassified,via-dmoj-category,,,,,2026-09-19,2026-09-19
izho-2012-ants,Ants,izho,IZhO 2012,2012,,oj.uz,https://oj.uz/problem/view/IZhO12_ants,,subtask,7,estimated,,adhoc.unclassified,adhoc.unclassified,via-dmoj-category,,,,,2026-09-19,2026-09-19
izho-2012-apple,Monkey and Apple-trees,izho,IZhO 2012,2012,,oj.uz,https://oj.uz/problem/view/IZhO12_apple,,subtask,7,estimated,,adhoc.unclassified,adhoc.unclassified,via-dmoj-category,,,,,2026-09-19,2026-09-19
izho-2012-beauty,Beautiful row,izho,IZhO 2012,2012,,oj.uz,https://oj.uz/problem/view/IZhO12_beauty,,subtask,7,estimated,,adhoc.unclassified,adhoc.unclassified,via-dmoj-category,,,,,2026-09-19,2026-09-19
izho-2012-biochips,Biochips,izho,IZhO 2012,2012,,oj.uz,https://oj.uz/problem/view/IZhO12_biochips,,subtask,7,estimated,,adhoc.unclassified,adhoc.unclassified,via-dmoj-category,,,,,2026-09-19,2026-09-19
izho-2012-route,Mountain Trek Route,izho,IZhO 2012,2012,,oj.uz,https://oj.uz/problem/view/IZhO12_route,,subtask,7,estimated,,adhoc.unclassified,adhoc.unclassified,via-dmoj-category,,,,,2026-09-19,2026-09-19
izho-2012-train,New Year Train,izho,IZhO 2012,2012,,oj.uz,https://oj.uz/problem/view/IZhO12_train,,subtask,7,estimated,,adhoc.unclassified,adhoc.unclassified,via-dmoj-category,,,,,2026-09-19,2026-09-19
izho-2012-xor,XOR,izho,IZhO 2012,2012,,oj.uz,https://oj.uz/problem/view/IZhO12_xor,,subtask,7,estimated,,strings.matching.kmp,strings.matching.kmp,via-usaco-guide,,,,,2026-09-19,2026-09-19
izho-2013-burrow,Luxury burrow,izho,IZhO 2013,2013,,oj.uz,https://oj.uz/problem/view/IZhO13_burrow,,subtask,7,estimated,,adhoc.unclassified,adhoc.unclassified,via-dmoj-category,,,,,2026-09-19,2026-09-19
izho-2013-crazy,Crazy old lady,izho,IZhO 2013,2013,,oj.uz,https://oj.uz/problem/view/IZhO13_crazy,,subtask,7,estimated,,adhoc.unclassified,adhoc.unclassified,via-dmoj-category,,,,,2026-09-19,2026-09-19
izho-2013-expgorl,Experiments with Gorlum,izho,IZhO 2013,2013,,oj.uz,https://oj.uz/problem/view/IZhO13_expgorl,,subtask,7,estimated,,adhoc.unclassified,adhoc.unclassified,via-dmoj-category,,,,,2026-09-19,2026-09-19
izho-2013-riddicks,Riddick's Cube,izho,IZhO 2013,2013,,oj.uz,https://oj.uz/problem/view/IZhO13_riddicks,,subtask,7,estimated,,adhoc.unclassified,adhoc.unclassified,via-dmoj-category,,,,,2026-09-19,2026-09-19
izho-2013-rowords,Round words,izho,IZhO 2013,2013,,oj.uz,https://oj.uz/problem/view/IZhO13_rowords,,subtask,7,estimated,,adhoc.unclassified,adhoc.unclassified,via-dmoj-category,,,,,2026-09-19,2026-09-19
izho-2013-school,Schools,izho,IZhO 2013,2013,,oj.uz,https://oj.uz/problem/view/IZhO13_school,,subtask,7,estimated,,adhoc.unclassified,adhoc.unclassified,via-dmoj-category,,,,,2026-09-19,2026-09-19
izho-2013-specialg,Special graph,izho,IZhO 2013,2013,,oj.uz,https://oj.uz/problem/view/IZhO13_specialg,,subtask,7,estimated,,adhoc.unclassified,adhoc.unclassified,via-dmoj-category,,,,,2026-09-19,2026-09-19
izho-2013-trading,Trading,izho,IZhO 2013,2013,,oj.uz,https://oj.uz/problem/view/IZhO13_trading,,subtask,7,estimated,,adhoc.unclassified,adhoc.unclassified,via-dmoj-category,,,,,2026-09-19,2026-09-19
izho-2014-bank,Bank,izho,IZhO 2014,2014,,oj.uz,https://oj.uz/problem/view/IZhO14_bank,,subtask,7,estimated,,dp.subset.subset_dp,dp.subset.subset_dp,via-usaco-guide,,,,,2026-09-19,2026-09-19
izho-2014-blocks,K blocks,izho,IZhO 2014,2014,,oj.uz,https://oj.uz/problem/view/IZhO14_blocks,,subtask,7,estimated,,adhoc.unclassified,adhoc.unclassified,via-dmoj-category,,,,,2026-09-19,2026-09-19
izho-2014-divide,Divide and conquer,izho,IZhO 2014,2014,,oj.uz,https://oj.uz/problem/view/IZhO14_divide,,subtask,7,estimated,,adhoc.unclassified,adhoc.unclassified,via-dmoj-category,,,,,2026-09-19,2026-09-19
izho-2014-marriage,Marriage questions,izho,IZhO 2014,2014,,oj.uz,https://oj.uz/problem/view/IZhO14_marriage,,subtask,7,estimated,,adhoc.unclassified,adhoc.unclassified,via-dmoj-category,,,,,2026-09-19,2026-09-19
izho-2014-shymbulak,Shymbulak,izho,IZhO 2014,2014,,oj.uz,https://oj.uz/problem/view/IZhO14_shymbulak,,subtask,7,estimated,,adhoc.unclassified,adhoc.unclassified,via-dmoj-category,,,,,2026-09-19,2026-09-19
izho-2014-ufo,UFO,izho,IZhO 2014,2014,,oj.uz,https://oj.uz/problem/view/IZhO14_ufo,,subtask,7,estimated,,adhoc.unclassified,adhoc.unclassified,via-dmoj-category,,,,,2026-09-19,2026-09-19
izho-2017-bomb,Bomb,izho,IZhO 2017,2017,,oj.uz,https://oj.uz/problem/view/IZhO17_bomb,,subtask,7,estimated,,adhoc.unclassified,adhoc.unclassified,via-dmoj-category,,,,,2026-09-19,2026-09-19
izho-2017-bootfall,Bootfall,izho,IZhO 2017,2017,,oj.uz,https://oj.uz/problem/view/IZhO17_bootfall,,subtask,7,estimated,,bitwise.techniques.bitset_optimization,bitwise.techniques.bitset_optimization,via-usaco-guide,,,,,2026-09-19,2026-09-19
izho-2017-game,Simple game,izho,IZhO 2017,2017,,oj.uz,https://oj.uz/problem/view/IZhO17_game,,subtask,7,estimated,,data_structures.range_query.fenwick,data_structures.range_query.fenwick,via-usaco-guide,,,,,2026-09-19,2026-09-19
izho-2017-money,Money,izho,IZhO 2017,2017,,oj.uz,https://oj.uz/problem/view/IZhO17_money,,subtask,7,estimated,,adhoc.unclassified,adhoc.unclassified,via-dmoj-category,,,,,2026-09-19,2026-09-19
izho-2017-road,Hard route,izho,IZhO 2017,2017,,oj.uz,https://oj.uz/problem/view/IZhO17_road,,subtask,7,estimated,,adhoc.unclassified,adhoc.unclassified,via-dmoj-category,,,,,2026-09-19,2026-09-19
izho-2017-subsequence,Longest beautiful sequence,izho,IZhO 2017,2017,,oj.uz,https://oj.uz/problem/view/IZhO17_subsequence,,subtask,7,estimated,,adhoc.unclassified,adhoc.unclassified,via-dmoj-category,,,,,2026-09-19,2026-09-19
izho-2018-chessboard,Chessboard,izho,IZhO 2018,2018,,oj.uz,https://oj.uz/problem/view/IZhO18_chessboard,,subtask,7,estimated,,adhoc.unclassified,adhoc.unclassified,via-dmoj-category,,,,,2026-09-19,2026-09-19
izho-2018-nicegift,Gift,izho,IZhO 2018,2018,,oj.uz,https://oj.uz/problem/view/IZhO18_nicegift,,subtask,7,estimated,,adhoc.unclassified,adhoc.unclassified,via-dmoj-category,,,,,2026-09-19,2026-09-19
izho-2018-plan,Evacuation plan,izho,IZhO 2018,2018,,oj.uz,https://oj.uz/problem/view/IZhO18_plan,,subtask,7,estimated,,adhoc.unclassified,adhoc.unclassified,via-dmoj-category,,,,,2026-09-19,2026-09-19
izho-2018-segments,Segments,izho,IZhO 2018,2018,,oj.uz,https://oj.uz/problem/view/IZhO18_segments,,subtask,7,estimated,,adhoc.unclassified,adhoc.unclassified,via-dmoj-category,,,,,2026-09-19,2026-09-19
izho-2018-sequence,Nice sequence,izho,IZhO 2018,2018,,oj.uz,https://oj.uz/problem/view/IZhO18_sequence,,subtask,7,estimated,,adhoc.unclassified,adhoc.unclassified,via-dmoj-category,,,,,2026-09-19,2026-09-19
izho-2018-treearray,Birthday gift,izho,IZhO 2018,2018,,oj.uz,https://oj.uz/problem/view/IZhO18_treearray,,subtask,7,estimated,,adhoc.unclassified,adhoc.unclassified,via-dmoj-category,,,,,2026-09-19,2026-09-19
izho-2019-lyuboyn,"""The Lyuboyn"" code",izho,IZhO 2019,2019,,oj.uz,https://oj.uz/problem/view/IZhO19_lyuboyn,,subtask,7,estimated,,adhoc.unclassified,adhoc.unclassified,via-dmoj-category,,,,,2026-09-19,2026-09-19
izho-2019-segments,Bigger segments,izho,IZhO 2019,2019,,oj.uz,https://oj.uz/problem/view/IZhO19_segments,,subtask,7,estimated,,adhoc.unclassified,adhoc.unclassified,via-dmoj-category,,,,,2026-09-19,2026-09-19
izho-2019-sortbooks,Hedgehog Daniyar and Algorithms,izho,IZhO 2019,2019,,oj.uz,https://oj.uz/problem/view/IZhO19_sortbooks,,subtask,7,estimated,,adhoc.unclassified,adhoc.unclassified,via-dmoj-category,,,,,2026-09-19,2026-09-19
izho-2019-stones,Red-blue table,izho,IZhO 2019,2019,,oj.uz,https://oj.uz/problem/view/IZhO19_stones,,subtask,7,estimated,,adhoc.unclassified,adhoc.unclassified,via-dmoj-category,,,,,2026-09-19,2026-09-19
izho-2019-xoractive,Xoractive,izho,IZhO 2019,2019,,oj.uz,https://oj.uz/problem/view/IZhO19_xoractive,,subtask,7,estimated,,adhoc.unclassified,adhoc.unclassified,via-dmoj-category,,,,,2026-09-19,2026-09-19
izho-2019-xorsum,Intergalactic ship,izho,IZhO 2019,2019,,oj.uz,https://oj.uz/problem/view/IZhO19_xorsum,,subtask,7,estimated,,adhoc.unclassified,adhoc.unclassified,via-dmoj-category,,,,,2026-09-19,2026-09-19
joi-2012-constellation,별자리,joi,JOI 2012,2012,,oj.uz,https://oj.uz/problem/view/JOI12_constellation,,subtask,6,estimated,,adhoc.unclassified,adhoc.unclassified,via-dmoj-category,,,,,2026-09-19,2026-09-19
joi-2012-rotate,회전,joi,JOI 2012,2012,,oj.uz,https://oj.uz/problem/view/JOI12_rotate,,subtask,6,estimated,,adhoc.unclassified,adhoc.unclassified,via-dmoj-category,,,,,2026-09-19,2026-09-19
joi-2013-cake,케이크,joi,JOI 2013,2013,,oj.uz,https://oj.uz/problem/view/JOI13_cake,,subtask,6,estimated,,adhoc.unclassified,adhoc.unclassified,via-dmoj-category,,,,,2026-09-19,2026-09-19
joi-2013-collecting,즐거운 사진 수집,joi,JOI 2013,2013,,oj.uz,https://oj.uz/problem/view/JOI13_collecting,,subtask,6,estimated,,adhoc.unclassified,adhoc.unclassified,via-dmoj-category,,,,,2026-09-19,2026-09-19
joi-2013-construction,도로 건설 사업,joi,JOI 2013,2013,,oj.uz,https://oj.uz/problem/view/JOI13_construction,,subtask,6,estimated,,adhoc.unclassified,adhoc.unclassified,via-dmoj-category,,,,,2026-09-19,2026-09-19
joi-2013-koala,코알라,joi,JOI 2013,2013,,oj.uz,https://oj.uz/problem/view/JOI13_koala,,subtask,6,estimated,,adhoc.unclassified,adhoc.unclassified,via-dmoj-category,,,,,2026-09-19,2026-09-19
joi-2013-mascots,마스코트,joi,JOI 2013,2013,,oj.uz,https://oj.uz/problem/view/JOI13_mascots,,subtask,6,estimated,,adhoc.unclassified,adhoc.unclassified,via-dmoj-category,,,,,2026-09-19,2026-09-19
joi-2013-mountain,산악 구조대,joi,JOI 2013,2013,,oj.uz,https://oj.uz/problem/view/JOI13_mountain,,subtask,6,estimated,,data_structures.range_query.lazy_propagation,data_structures.range_query.lazy_propagation,via-usaco-guide,,,,,2026-09-19,2026-09-19
joi-2013-spy,스파이,joi,JOI 2013,2013,,oj.uz,https://oj.uz/problem/view/JOI13_spy,,subtask,6,estimated,,adhoc.unclassified,adhoc.unclassified,via-dmoj-category,,,,,2026-09-19,2026-09-19
joi-2013-synchronization,Synchronization,joi,JOI 2013,2013,,oj.uz,https://oj.uz/problem/view/JOI13_synchronization,,subtask,6,estimated,,trees.decomposition.centroid,trees.decomposition.centroid,via-usaco-guide,,,,,2026-09-19,2026-09-19
joi-2013-watching,Watching,joi,JOI 2013,2013,,oj.uz,https://oj.uz/problem/view/JOI13_watching,,subtask,6,estimated,,adhoc.unclassified,adhoc.unclassified,via-dmoj-category,,,,,2026-09-19,2026-09-19
joi-2014-bottle,물병,joi,JOI 2014,2014,,oj.uz,https://oj.uz/problem/view/JOI14_bottle,,subtask,6,estimated,,adhoc.unclassified,adhoc.unclassified,via-dmoj-category,,,,,2026-09-19,2026-09-19
joi-2014-bus,버스,joi,JOI 2014,2014,,oj.uz,https://oj.uz/problem/view/JOI14_bus,,subtask,6,estimated,,adhoc.unclassified,adhoc.unclassified,via-dmoj-category,,,,,2026-09-19,2026-09-19
joi-2014-constellation2,별자리 2,joi,JOI 2014,2014,,oj.uz,https://oj.uz/problem/view/JOI14_constellation2,,subtask,6,estimated,,adhoc.unclassified,adhoc.unclassified,via-dmoj-category,,,,,2026-09-19,2026-09-19
joi-2014-factories,Factories,joi,JOI 2014,2014,,oj.uz,https://oj.uz/problem/view/JOI14_factories,,subtask,6,estimated,,trees.decomposition.centroid,trees.decomposition.centroid,via-usaco-guide,,,,,2026-09-19,2026-09-19
joi-2014-fortunetelling2,Fortune Telling 2,joi,JOI 2014,2014,,oj.uz,https://oj.uz/problem/view/JOI14_fortune_telling2,,subtask,6,estimated,,adhoc.unclassified,adhoc.unclassified,via-dmoj-category,,,,,2026-09-19,2026-09-19
joi-2014-friends,우호 조약 체결,joi,JOI 2014,2014,,oj.uz,https://oj.uz/problem/view/JOI14_friends,,subtask,6,estimated,,adhoc.unclassified,adhoc.unclassified,via-dmoj-category,,,,,2026-09-19,2026-09-19
joi-2014-growing,즐거운 채소 기르기,joi,JOI 2014,2014,,oj.uz,https://oj.uz/problem/view/JOI14_growing,,subtask,6,estimated,,adhoc.unclassified,adhoc.unclassified,via-dmoj-category,,,,,2026-09-19,2026-09-19
joi-2014-historical,역사적 조사,joi,JOI 2014,2014,,oj.uz,https://oj.uz/problem/view/JOI14_historical,,subtask,6,estimated,,adhoc.unclassified,adhoc.unclassified,via-dmoj-category,,,,,2026-09-19,2026-09-19
joi-2014-joioji,JOIOJI,joi,JOI 2014,2014,,oj.uz,https://oj.uz/problem/view/JOI14_joioji,,subtask,6,estimated,,adhoc.unclassified,adhoc.unclassified,via-dmoj-category,,,,,2026-09-19,2026-09-19
joi-2014-kanji,한자 끝말잇기,joi,JOI 2014,2014,,oj.uz,https://oj.uz/problem/view/JOI14_kanji,,subtask,6,estimated,,adhoc.unclassified,adhoc.unclassified,via-dmoj-category,,,,,2026-09-19,2026-09-19
joi-2014-migration,Project of Migration,joi,JOI 2014,2014,,oj.uz,https://oj.uz/problem/view/JOI14_migration,,subtask,6,estimated,,adhoc.unclassified,adhoc.unclassified,via-dmoj-category,,,,,2026-09-19,2026-09-19
joi-2014-pinball,Pinball,joi,JOI 2014,2014,,oj.uz,https://oj.uz/problem/view/JOI14_pinball,,subtask,6,estimated,,adhoc.unclassified,adhoc.unclassified,via-dmoj-category,,,,,2026-09-19,2026-09-19
joi-2014-ramen,라멘,joi,JOI 2014,2014,,oj.uz,https://oj.uz/problem/view/JOI14_ramen,,subtask,6,estimated,,adhoc.unclassified,adhoc.unclassified,via-dmoj-category,,,,,2026-09-19,2026-09-19
joi-2014-scarecrows,허수아비,joi,JOI 2014,2014,,oj.uz,https://oj.uz/problem/view/JOI14_scarecrows,,subtask,6,estimated,,adhoc.unclassified,adhoc.unclassified,via-dmoj-category,,,,,2026-09-19,2026-09-19
joi-2014-secret,Secret,joi,JOI 2014,2014,,oj.uz,https://oj.uz/problem/view/JOI14_secret,,subtask,6,estimated,,data_structures.static_range.sparse_table,data_structures.static_range.sparse_table,via-usaco-guide,,,,,2026-09-19,2026-09-19
joi-2014-spacepirate,Space Pirate,joi,JOI 2014,2014,,oj.uz,https://oj.uz/problem/view/JOI14_space_pirate,,subtask,6,estimated,,adhoc.unclassified,adhoc.unclassified,via-dmoj-category,,,,,2026-09-19,2026-09-19
joi-2014-stamps,도장 모으기,joi,JOI 2014,2014,,oj.uz,https://oj.uz/problem/view/JOI14_stamps,,subtask,6,estimated,,adhoc.unclassified,adhoc.unclassified,via-dmoj-category,,,,,2026-09-19,2026-09-19
joi-2014-straps,스트랩,joi,JOI 2014,2014,,oj.uz,https://oj.uz/problem/view/JOI14_straps,,subtask,6,estimated,,adhoc.unclassified,adhoc.unclassified,via-dmoj-category,,,,,2026-09-19,2026-09-19
joi-2014-voltage,전압,joi,JOI 2014,2014,,oj.uz,https://oj.uz/problem/view/JOI14_voltage,,subtask,6,estimated,,adhoc.unclassified,adhoc.unclassified,via-dmoj-category,,,,,2026-09-19,2026-09-19
joi-2015-aaqqz,AAQQZ,joi,JOI 2015,2015,,oj.uz,https://oj.uz/problem/view/JOI15_aaqqz,,subtask,6,estimated,,adhoc.unclassified,adhoc.unclassified,via-dmoj-category,,,,,2026-09-19,2026-09-19
joi-2015-building3,빌딩 장식 3,joi,JOI 2015,2015,,oj.uz,https://oj.uz/problem/view/JOI15_building3,,subtask,6,estimated,,adhoc.unclassified,adhoc.unclassified,via-dmoj-category,,,,,2026-09-19,2026-09-19
joi-2015-cardgame2,매우 즐거운 카드 게임,joi,JOI 2015,2015,,oj.uz,https://oj.uz/problem/view/JOI15_cardgame2,,subtask,6,estimated,,adhoc.unclassified,adhoc.unclassified,via-dmoj-category,,,,,2026-09-19,2026-09-19
joi-2015-copypaste2,복사 붙여넣기 2,joi,JOI 2015,2015,,oj.uz,https://oj.uz/problem/view/JOI15_copypaste2,,subtask,6,estimated,,adhoc.unclassified,adhoc.unclassified,via-dmoj-category,,,,,2026-09-19,2026-09-19
joi-2015-electioncampaign,Election Campaign,joi,JOI 2015,2015,,oj.uz,https://oj.uz/problem/view/JOI15_election_campaign,,subtask,6,estimated,,data_structures.range_query.segment_tree,data_structures.range_query.segment_tree,via-usaco-guide,,,,,2026-09-19,2026-09-19
joi-2015-keys,여별 열쇠,joi,JOI 2015,2015,,oj.uz,https://oj.uz/problem/view/JOI15_keys,,subtask,6,estimated,,adhoc.unclassified,adhoc.unclassified,via-dmoj-category,,,,,2026-09-19,2026-09-19
joi-2015-memory,기억 압축,joi,JOI 2015,2015,,oj.uz,https://oj.uz/problem/view/JOI15_memory,,subtask,6,estimated,,adhoc.unclassified,adhoc.unclassified,via-dmoj-category,,,,,2026-09-19,2026-09-19
joi-2015-roaddevelopment,도로 개발,joi,JOI 2015,2015,,oj.uz,https://oj.uz/problem/view/JOI15_road_development,,subtask,6,estimated,,adhoc.unclassified,adhoc.unclassified,via-dmoj-category,,,,,2026-09-19,2026-09-19
joi-2015-sterilizing,Sterilizing Spray,joi,JOI 2015,2015,,oj.uz,https://oj.uz/problem/view/JOI15_sterilizing,,subtask,6,estimated,,adhoc.unclassified,adhoc.unclassified,via-dmoj-category,,,,,2026-09-19,2026-09-19
joi-2015-walls,방벽,joi,JOI 2015,2015,,oj.uz,https://oj.uz/problem/view/JOI15_walls,,subtask,6,estimated,,graphs.traversal.bfs,graphs.traversal.bfs,via-usaco-guide,,,,,2026-09-19,2026-09-19
joi-2016-dungeon2,Dungeon 2,joi,JOI 2016,2016,,oj.uz,https://oj.uz/problem/view/JOI16_dungeon2,,subtask,6,estimated,,adhoc.unclassified,adhoc.unclassified,via-dmoj-category,,,,,2026-09-19,2026-09-19
joi-2016-employment,Employment,joi,JOI 2016,2016,,oj.uz,https://oj.uz/problem/view/JOI16_employment,,subtask,6,estimated,,adhoc.unclassified,adhoc.unclassified,via-dmoj-category,,,,,2026-09-19,2026-09-19
joi-2016-joiris,JOIRIS,joi,JOI 2016,2016,,oj.uz,https://oj.uz/problem/view/JOI16_joiris,,subtask,6,estimated,,adhoc.unclassified,adhoc.unclassified,via-dmoj-category,,,,,2026-09-19,2026-09-19
joi-2016-matryoshka,Matryoshka,joi,JOI 2016,2016,,oj.uz,https://oj.uz/problem/view/JOI16_matryoshka,,subtask,6,estimated,,dp.basics.lis,dp.basics.lis,via-usaco-guide,,,,,2026-09-19,2026-09-19
joi-2016-memory2,Memory 2,joi,JOI 2016,2016,,oj.uz,https://oj.uz/problem/view/JOI16_memory2,,subtask,6,estimated,,adhoc.unclassified,adhoc.unclassified,via-dmoj-category,,,,,2026-09-19,2026-09-19
joi-2016-sandwich,Sandwich,joi,JOI 2016,2016,,oj.uz,https://oj.uz/problem/view/JOI16_sandwich,,subtask,6,estimated,,adhoc.unclassified,adhoc.unclassified,via-dmoj-category,,,,,2026-09-19,2026-09-19
joi-2016-sellingrna,Selling RNA Strands,joi,JOI 2016,2016,,oj.uz,https://oj.uz/problem/view/JOI16_selling_rna,,subtask,6,estimated,,adhoc.unclassified,adhoc.unclassified,via-dmoj-category,,,,,2026-09-19,2026-09-19
joi-2016-skating,Dangerous Skating,joi,JOI 2016,2016,,oj.uz,https://oj.uz/problem/view/JOI16_skating,,subtask,6,estimated,,adhoc.unclassified,adhoc.unclassified,via-dmoj-category,,,,,2026-09-19,2026-09-19
joi-2016-skyscraper,Skyscraper,joi,JOI 2016,2016,,oj.uz,https://oj.uz/problem/view/JOI16_skyscraper,,subtask,6,estimated,,adhoc.unclassified,adhoc.unclassified,via-dmoj-category,,,,,2026-09-19,2026-09-19
joi-2016-snowy,Snowy Roads,joi,JOI 2016,2016,,oj.uz,https://oj.uz/problem/view/JOI16_snowy,,subtask,6,estimated,,adhoc.unclassified,adhoc.unclassified,via-dmoj-category,,,,,2026-09-19,2026-09-19
joi-2016-solitaire,Solitaire,joi,JOI 2016,2016,,oj.uz,https://oj.uz/problem/view/JOI16_solitaire,,subtask,6,estimated,,adhoc.unclassified,adhoc.unclassified,via-dmoj-category,,,,,2026-09-19,2026-09-19
joi-2016-sushi,Sushi,joi,JOI 2016,2016,,oj.uz,https://oj.uz/problem/view/JOI16_sushi,,subtask,6,estimated,,adhoc.unclassified,adhoc.unclassified,via-dmoj-category,,,,,2026-09-19,2026-09-19
joi-2016-telegraph,Telegraph,joi,JOI 2016,2016,,oj.uz,https://oj.uz/problem/view/JOI16_telegraph,,subtask,6,estimated,,adhoc.unclassified,adhoc.unclassified,via-dmoj-category,,,,,2026-09-19,2026-09-19
joi-2016-toilets,Toilets,joi,JOI 2016,2016,,oj.uz,https://oj.uz/problem/view/JOI16_toilets,,subtask,6,estimated,,adhoc.unclassified,adhoc.unclassified,via-dmoj-category,,,,,2026-09-19,2026-09-19
joi-2016-worstreporter2,Worst Reporter 2,joi,JOI 2016,2016,,oj.uz,https://oj.uz/problem/view/JOI16_worst_reporter2,,subtask,6,estimated,,adhoc.unclassified,adhoc.unclassified,via-dmoj-category,,,,,2026-09-19,2026-09-19
joi-2017-abduction2,Abduction 2,joi,JOI 2017,2017,,oj.uz,https://oj.uz/problem/view/JOI17_abduction2,,subtask,6,estimated,,adhoc.unclassified,adhoc.unclassified,via-dmoj-category,,,,,2026-09-19,2026-09-19
joi-2017-amusementpark,Amusement Park,joi,JOI 2017,2017,,oj.uz,https://oj.uz/problem/view/JOI17_amusement_park,,subtask,6,estimated,,adhoc.unclassified,adhoc.unclassified,via-dmoj-category,,,,,2026-09-19,2026-09-19
joi-2017-arrangingtickets,Arranging Tickets,joi,JOI 2017,2017,,oj.uz,https://oj.uz/problem/view/JOI17_arranging_tickets,,subtask,6,estimated,,adhoc.unclassified,adhoc.unclassified,via-dmoj-category,,,,,2026-09-19,2026-09-19
joi-2017-brokendevice,Broken Device,joi,JOI 2017,2017,,oj.uz,https://oj.uz/problem/view/JOI17_broken_device,,subtask,6,estimated,,adhoc.unclassified,adhoc.unclassified,via-dmoj-category,,,,,2026-09-19,2026-09-19
joi-2017-bulldozer,Bulldozer,joi,JOI 2017,2017,,oj.uz,https://oj.uz/problem/view/JOI17_bulldozer,,subtask,6,estimated,,adhoc.unclassified,adhoc.unclassified,via-dmoj-category,,,,,2026-09-19,2026-09-19
joi-2017-city,City,joi,JOI 2017,2017,,oj.uz,https://oj.uz/problem/view/JOI17_city,,subtask,6,estimated,,adhoc.unclassified,adhoc.unclassified,via-dmoj-category,,,,,2026-09-19,2026-09-19
joi-2017-coach,Long Distance Coach,joi,JOI 2017,2017,,oj.uz,https://oj.uz/problem/view/JOI17_coach,,subtask,6,estimated,,adhoc.unclassified,adhoc.unclassified,via-dmoj-category,,,,,2026-09-19,2026-09-19
joi-2017-cultivation,Cultivation,joi,JOI 2017,2017,,oj.uz,https://oj.uz/problem/view/JOI17_cultivation,,subtask,6,estimated,,adhoc.unclassified,adhoc.unclassified,via-dmoj-category,,,,,2026-09-19,2026-09-19
joi-2017-dragon2,Dragon 2,joi,JOI 2017,2017,,oj.uz,https://oj.uz/problem/view/JOI17_dragon2,,subtask,6,estimated,,geometry.sweep.line_sweep,geometry.sweep.line_sweep,via-usaco-guide,,,,,2026-09-19,2026-09-19
joi-2017-golf,Golf,joi,JOI 2017,2017,,oj.uz,https://oj.uz/problem/view/JOI17_golf,,subtask,6,estimated,,data_structures.range_query.fenwick,data_structures.range_query.fenwick,via-usaco-guide,,,,,2026-09-19,2026-09-19
joi-2017-longmansion,Long Mansion,joi,JOI 2017,2017,,oj.uz,https://oj.uz/problem/view/JOI17_long_mansion,,subtask,6,estimated,,adhoc.unclassified,adhoc.unclassified,via-dmoj-category,,,,,2026-09-19,2026-09-19
joi-2017-park,Park,joi,JOI 2017,2017,,oj.uz,https://oj.uz/problem/view/JOI17_park,,subtask,6,estimated,,data_structures.disjoint_set.dsu,data_structures.disjoint_set.dsu,via-usaco-guide,,,,,2026-09-19,2026-09-19
joi-2017-portfacility,Port Facility,joi,JOI 2017,2017,,oj.uz,https://oj.uz/problem/view/JOI17_port_facility,,subtask,6,estimated,,adhoc.unclassified,adhoc.unclassified,via-dmoj-category,,,,,2026-09-19,2026-09-19
joi-2017-railwaytrip,Railway Trip,joi,JOI 2017,2017,,oj.uz,https://oj.uz/problem/view/JOI17_railway_trip,,subtask,6,estimated,,adhoc.unclassified,adhoc.unclassified,via-dmoj-category,,,,,2026-09-19,2026-09-19
joi-2017-sparklers,Sparklers,joi,JOI 2017,2017,,oj.uz,https://oj.uz/problem/view/JOI17_sparklers,,subtask,6,estimated,,adhoc.unclassified,adhoc.unclassified,via-dmoj-category,,,,,2026-09-19,2026-09-19
joi-2018-airline,Airline Route Map,joi,JOI 2018,2018,,oj.uz,https://oj.uz/problem/view/JOI18_airline,,subtask,6,estimated,,adhoc.unclassified,adhoc.unclassified,via-dmoj-category,,,,,2026-09-19,2026-09-19
joi-2018-asceticism,Asceticism,joi,JOI 2018,2018,,oj.uz,https://oj.uz/problem/view/JOI18_asceticism,,subtask,6,estimated,,adhoc.unclassified,adhoc.unclassified,via-dmoj-category,,,,,2026-09-19,2026-09-19
joi-2018-bitaro,Bitaro’s Party,joi,JOI 2018,2018,,oj.uz,https://oj.uz/problem/view/JOI18_bitaro,,subtask,6,estimated,,adhoc.unclassified,adhoc.unclassified,via-dmoj-category,,,,,2026-09-19,2026-09-19
joi-2018-bubblesort2,Bubble Sort 2,joi,JOI 2018,2018,,oj.uz,https://oj.uz/problem/view/JOI18_bubblesort2,,subtask,6,estimated,,data_structures.range_query.lazy_propagation,data_structures.range_query.lazy_propagation,via-usaco-guide,,,,,2026-09-19,2026-09-19
joi-2018-candies,Candies,joi,JOI 2018,2018,,oj.uz,https://oj.uz/problem/view/JOI18_candies,,subtask,6,estimated,,bitwise.techniques.bitset_optimization,bitwise.techniques.bitset_optimization,via-usaco-guide,,,,,2026-09-19,2026-09-19
joi-2018-catdog,Cats or Dogs,joi,JOI 2018,2018,,oj.uz,https://oj.uz/problem/view/JOI18_catdog,,subtask,6,estimated,,adhoc.unclassified,adhoc.unclassified,via-dmoj-category,,,,,2026-09-19,2026-09-19
joi-2018-collapse,Collapse,joi,JOI 2018,2018,,oj.uz,https://oj.uz/problem/view/JOI18_collapse,,subtask,6,estimated,,adhoc.unclassified,adhoc.unclassified,via-dmoj-category,,,,,2026-09-19,2026-09-19
joi-2018-construction,Construction of Highway,joi,JOI 2018,2018,,oj.uz,https://oj.uz/problem/view/JOI18_construction,,subtask,6,estimated,,adhoc.unclassified,adhoc.unclassified,via-dmoj-category,,,,,2026-09-19,2026-09-19
joi-2018-fences,Fences,joi,JOI 2018,2018,,oj.uz,https://oj.uz/problem/view/JOI18_fences,,subtask,6,estimated,,adhoc.unclassified,adhoc.unclassified,via-dmoj-category,,,,,2026-09-19,2026-09-19
joi-2018-library,Library,joi,JOI 2018,2018,,oj.uz,https://oj.uz/problem/view/JOI18_library,,subtask,6,estimated,,adhoc.unclassified,adhoc.unclassified,via-dmoj-category,,,,,2026-09-19,2026-09-19
joi-2018-securitygate,Security Gate,joi,JOI 2018,2018,,oj.uz,https://oj.uz/problem/view/JOI18_security_gate,,subtask,6,estimated,,adhoc.unclassified,adhoc.unclassified,via-dmoj-category,,,,,2026-09-19,2026-09-19
joi-2018-tents,Tents,joi,JOI 2018,2018,,oj.uz,https://oj.uz/problem/view/JOI18_tents,,subtask,6,estimated,,adhoc.unclassified,adhoc.unclassified,via-dmoj-category,,,,,2026-09-19,2026-09-19
joi-2018-wildboar,Wild Boar,joi,JOI 2018,2018,,oj.uz,https://oj.uz/problem/view/JOI18_wild_boar,,subtask,6,estimated,,adhoc.unclassified,adhoc.unclassified,via-dmoj-category,,,,,2026-09-19,2026-09-19
joi-2018-worstreporter3,Worst Reporter 3,joi,JOI 2018,2018,,oj.uz,https://oj.uz/problem/view/JOI18_worst_reporter3,,subtask,6,estimated,,adhoc.unclassified,adhoc.unclassified,via-dmoj-category,,,,,2026-09-19,2026-09-19
joi-2018-xylophone,Xylophone,joi,JOI 2018,2018,,oj.uz,https://oj.uz/problem/view/JOI18_xylophone,,subtask,6,estimated,,adhoc.unclassified,adhoc.unclassified,via-dmoj-category,,,,,2026-09-19,2026-09-19
joi-2019-antennas,Two Antennas,joi,JOI 2019,2019,,oj.uz,https://oj.uz/problem/view/JOI19_antennas,,subtask,6,estimated,,adhoc.unclassified,adhoc.unclassified,via-dmoj-category,,,,,2026-09-19,2026-09-19
joi-2019-cake3,Cake 3,joi,JOI 2019,2019,,oj.uz,https://oj.uz/problem/view/JOI19_cake3,,subtask,6,estimated,,adhoc.unclassified,adhoc.unclassified,via-dmoj-category,,,,,2026-09-19,2026-09-19
joi-2019-designatedcities,Designated Cities,joi,JOI 2019,2019,,oj.uz,https://oj.uz/problem/view/JOI19_designated_cities,,subtask,6,estimated,,adhoc.unclassified,adhoc.unclassified,via-dmoj-category,,,,,2026-09-19,2026-09-19
joi-2019-dishes,Two Dishes,joi,JOI 2019,2019,,oj.uz,https://oj.uz/problem/view/JOI19_dishes,,subtask,6,estimated,,adhoc.unclassified,adhoc.unclassified,via-dmoj-category,,,,,2026-09-19,2026-09-19
joi-2019-examination,Examination,joi,JOI 2019,2019,,oj.uz,https://oj.uz/problem/view/JOI19_examination,,subtask,6,estimated,,data_structures.sqrt.sqrt_decomposition,data_structures.sqrt.sqrt_decomposition,via-usaco-guide,,,,,2026-09-19,2026-09-19
joi-2019-jumps,Triple Jump,joi,JOI 2019,2019,,oj.uz,https://oj.uz/problem/view/JOI19_jumps,,subtask,6,estimated,,adhoc.unclassified,adhoc.unclassified,via-dmoj-category,,,,,2026-09-19,2026-09-19
joi-2019-lamps,Lamps,joi,JOI 2019,2019,,oj.uz,https://oj.uz/problem/view/JOI19_lamps,,subtask,6,estimated,,adhoc.unclassified,adhoc.unclassified,via-dmoj-category,,,,,2026-09-19,2026-09-19
joi-2019-meetings,Meetings,joi,JOI 2019,2019,,oj.uz,https://oj.uz/problem/view/JOI19_meetings,,subtask,6,estimated,,adhoc.unclassified,adhoc.unclassified,via-dmoj-category,,,,,2026-09-19,2026-09-19
joi-2019-mergers,Mergers,joi,JOI 2019,2019,,oj.uz,https://oj.uz/problem/view/JOI19_mergers,,subtask,6,estimated,,strings.hashing.polynomial_hash,strings.hashing.polynomial_hash,via-usaco-guide,,,,,2026-09-19,2026-09-19
joi-2019-minerals,Minerals,joi,JOI 2019,2019,,oj.uz,https://oj.uz/problem/view/JOI19_minerals,,subtask,6,estimated,,adhoc.unclassified,adhoc.unclassified,via-dmoj-category,,,,,2026-09-19,2026-09-19
joi-2019-naan,Naan,joi,JOI 2019,2019,,oj.uz,https://oj.uz/problem/view/JOI19_naan,,subtask,6,estimated,,adhoc.unclassified,adhoc.unclassified,via-dmoj-category,,,,,2026-09-19,2026-09-19
joi-2019-remittance,Remittance,joi,JOI 2019,2019,,oj.uz,https://oj.uz/problem/view/JOI19_remittance,,subtask,6,estimated,,adhoc.unclassified,adhoc.unclassified,via-dmoj-category,,,,,2026-09-19,2026-09-19
joi-2019-timeleap,"Bitaro, who Leaps through Time",joi,JOI 2019,2019,,oj.uz,https://oj.uz/problem/view/JOI19_timeleap,,subtask,6,estimated,,adhoc.unclassified,adhoc.unclassified,via-dmoj-category,,,,,2026-09-19,2026-09-19
joi-2019-transportations,Two Transportations,joi,JOI 2019,2019,,oj.uz,https://oj.uz/problem/view/JOI19_transportations,,subtask,6,estimated,,adhoc.unclassified,adhoc.unclassified,via-dmoj-category,,,,,2026-09-19,2026-09-19
joi-2019-virus,Virus Experiment,joi,JOI 2019,2019,,oj.uz,https://oj.uz/problem/view/JOI19_virus,,subtask,6,estimated,,graphs.components.scc_tarjan,graphs.components.scc_tarjan,via-usaco-guide,,,,,2026-09-19,2026-09-19
joi-2020-building4,Building 4,joi,JOI 2020,2020,,oj.uz,https://oj.uz/problem/view/JOI20_building4,,subtask,6,estimated,,adhoc.unclassified,adhoc.unclassified,via-dmoj-category,,,,,2026-09-19,2026-09-19
joi-2020-capitalcity,Capital City,joi,JOI 2020,2020,,oj.uz,https://oj.uz/problem/view/JOI20_capital_city,,subtask,6,estimated,,adhoc.unclassified,adhoc.unclassified,via-dmoj-category,,,,,2026-09-19,2026-09-19
joi-2020-chameleon,Chameleon's Love,joi,JOI 2020,2020,,oj.uz,https://oj.uz/problem/view/JOI20_chameleon,,subtask,6,estimated,,adhoc.unclassified,adhoc.unclassified,via-dmoj-category,,,,,2026-09-19,2026-09-19
joi-2020-constellation3,Constellation 3,joi,JOI 2020,2020,,oj.uz,https://oj.uz/problem/view/JOI20_constellation3,,subtask,6,estimated,,adhoc.unclassified,adhoc.unclassified,via-dmoj-category,,,,,2026-09-19,2026-09-19
joi-2020-dango2,Legendary Dango Maker,joi,JOI 2020,2020,,oj.uz,https://oj.uz/problem/view/JOI20_dango2,,subtask,6,estimated,,adhoc.unclassified,adhoc.unclassified,via-dmoj-category,,,,,2026-09-19,2026-09-19
joi-2020-furniture,Furniture,joi,JOI 2020,2020,,oj.uz,https://oj.uz/problem/view/JOI20_furniture,,subtask,6,estimated,,adhoc.unclassified,adhoc.unclassified,via-dmoj-category,,,,,2026-09-19,2026-09-19
joi-2020-hamburg,Hamburg Steak,joi,JOI 2020,2020,,oj.uz,https://oj.uz/problem/view/JOI20_hamburg,,subtask,6,estimated,,adhoc.unclassified,adhoc.unclassified,via-dmoj-category,,,,,2026-09-19,2026-09-19
joi-2020-harvest,Harvest,joi,JOI 2020,2020,,oj.uz,https://oj.uz/problem/view/JOI20_harvest,,subtask,6,estimated,,adhoc.unclassified,adhoc.unclassified,via-dmoj-category,,,,,2026-09-19,2026-09-19
joi-2020-joitter2,Making Friends on Joitter is Fun,joi,JOI 2020,2020,,oj.uz,https://oj.uz/problem/view/JOI20_joitter2,,subtask,6,estimated,,adhoc.unclassified,adhoc.unclassified,via-dmoj-category,,,,,2026-09-19,2026-09-19
joi-2020-monochrome,Monochrome Points,joi,JOI 2020,2020,,oj.uz,https://oj.uz/problem/view/JOI20_monochrome,,subtask,6,estimated,,adhoc.unclassified,adhoc.unclassified,via-dmoj-category,,,,,2026-09-19,2026-09-19
joi-2020-power,Power Plant,joi,JOI 2020,2020,,oj.uz,https://oj.uz/problem/view/JOI20_power,,subtask,6,estimated,,adhoc.unclassified,adhoc.unclassified,via-dmoj-category,,,,,2026-09-19,2026-09-19
joi-2020-ruins3,Ruins 3,joi,JOI 2020,2020,,oj.uz,https://oj.uz/problem/view/JOI20_ruins3,,subtask,6,estimated,,adhoc.unclassified,adhoc.unclassified,via-dmoj-category,,,,,2026-09-19,2026-09-19
joi-2020-stray,Stray Cat,joi,JOI 2020,2020,,oj.uz,https://oj.uz/problem/view/JOI20_stray,,subtask,6,estimated,,adhoc.unclassified,adhoc.unclassified,via-dmoj-category,,,,,2026-09-19,2026-09-19
joi-2020-sweeping,Sweeping,joi,JOI 2020,2020,,oj.uz,https://oj.uz/problem/view/JOI20_sweeping,,subtask,6,estimated,,adhoc.unclassified,adhoc.unclassified,via-dmoj-category,,,,,2026-09-19,2026-09-19
joi-2020-treatment,Treatment Project,joi,JOI 2020,2020,,oj.uz,https://oj.uz/problem/view/JOI20_treatment,,subtask,6,estimated,,adhoc.unclassified,adhoc.unclassified,via-dmoj-category,,,,,2026-09-19,2026-09-19
joi-2021-aerobatics,Aerobatics,joi,JOI 2021,2021,,oj.uz,https://oj.uz/problem/view/JOI21_aerobatics,,subtask,6,estimated,,adhoc.unclassified,adhoc.unclassified,via-dmoj-category,,,,,2026-09-19,2026-09-19
joi-2021-ancientmachine,Ancient Machine,joi,JOI 2021,2021,,oj.uz,https://oj.uz/problem/view/JOI21_ancient_machine,,subtask,6,estimated,,adhoc.unclassified,adhoc.unclassified,via-dmoj-category,,,,,2026-09-19,2026-09-19
joi-2021-bodyguard,Bodyguard,joi,JOI 2021,2021,,oj.uz,https://oj.uz/problem/view/JOI21_bodyguard,,subtask,6,estimated,,adhoc.unclassified,adhoc.unclassified,via-dmoj-category,,,,,2026-09-19,2026-09-19
joi-2021-crossing,Crossing,joi,JOI 2021,2021,,oj.uz,https://oj.uz/problem/view/JOI21_crossing,,subtask,6,estimated,,adhoc.unclassified,adhoc.unclassified,via-dmoj-category,,,,,2026-09-19,2026-09-19
joi-2021-escaperoute,Escape Route,joi,JOI 2021,2021,,oj.uz,https://oj.uz/problem/view/JOI21_escape_route,,subtask,6,estimated,,adhoc.unclassified,adhoc.unclassified,via-dmoj-category,,,,,2026-09-19,2026-09-19
joi-2021-event2,Event Hopping 2,joi,JOI 2021,2021,,oj.uz,https://oj.uz/problem/view/JOI21_event2,,subtask,6,estimated,,adhoc.unclassified,adhoc.unclassified,via-dmoj-category,,,,,2026-09-19,2026-09-19
joi-2021-fever,IOI Fever,joi,JOI 2021,2021,,oj.uz,https://oj.uz/problem/view/JOI21_fever,,subtask,6,estimated,,adhoc.unclassified,adhoc.unclassified,via-dmoj-category,,,,,2026-09-19,2026-09-19
joi-2021-financial,Financial Report,joi,JOI 2021,2021,,oj.uz,https://oj.uz/problem/view/JOI21_financial,,subtask,6,estimated,,adhoc.unclassified,adhoc.unclassified,via-dmoj-category,,,,,2026-09-19,2026-09-19
joi-2021-foodcourt,Food Court,joi,JOI 2021,2021,,oj.uz,https://oj.uz/problem/view/JOI21_foodcourt,,subtask,6,estimated,,adhoc.unclassified,adhoc.unclassified,via-dmoj-category,,,,,2026-09-19,2026-09-19
joi-2021-meetings2,Meetings 2,joi,JOI 2021,2021,,oj.uz,https://oj.uz/problem/view/JOI21_meetings2,,subtask,6,estimated,,adhoc.unclassified,adhoc.unclassified,via-dmoj-category,,,,,2026-09-19,2026-09-19
joi-2021-monster,Monster Game,joi,JOI 2021,2021,,oj.uz,https://oj.uz/problem/view/JOI21_monster,,subtask,6,estimated,,adhoc.unclassified,adhoc.unclassified,via-dmoj-category,,,,,2026-09-19,2026-09-19
joi-2021-navigation2,Navigation 2,joi,JOI 2021,2021,,oj.uz,https://oj.uz/problem/view/JOI21_navigation2,,subtask,6,estimated,,adhoc.unclassified,adhoc.unclassified,via-dmoj-category,,,,,2026-09-19,2026-09-19
joi-2021-roadconstruction,Road Construction,joi,JOI 2021,2021,,oj.uz,https://oj.uz/problem/view/JOI21_road_construction,,subtask,6,estimated,,adhoc.unclassified,adhoc.unclassified,via-dmoj-category,,,,,2026-09-19,2026-09-19
joi-2021-shopping,Shopping,joi,JOI 2021,2021,,oj.uz,https://oj.uz/problem/view/JOI21_shopping,,subtask,6,estimated,,adhoc.unclassified,adhoc.unclassified,via-dmoj-category,,,,,2026-09-19,2026-09-19
joi-2021-worstreporter4,Worst Reporter 4,joi,JOI 2021,2021,,oj.uz,https://oj.uz/problem/view/JOI21_worst_reporter4,,subtask,6,estimated,,adhoc.unclassified,adhoc.unclassified,via-dmoj-category,,,,,2026-09-19,2026-09-19
joi-2022-copypaste3,Copy and Paste 3,joi,JOI 2022,2022,,oj.uz,https://oj.uz/problem/view/JOI22_copypaste3,,subtask,6,estimated,,adhoc.unclassified,adhoc.unclassified,via-dmoj-category,,,,,2026-09-19,2026-09-19
joi-2022-dango3,Super Dango Maker,joi,JOI 2022,2022,,oj.uz,https://oj.uz/problem/view/JOI22_dango3,,subtask,6,estimated,,adhoc.unclassified,adhoc.unclassified,via-dmoj-category,,,,,2026-09-19,2026-09-19
joi-2022-device2,Broken Device 2,joi,JOI 2022,2022,,oj.uz,https://oj.uz/problem/view/JOI22_device2,,subtask,6,estimated,,adhoc.unclassified,adhoc.unclassified,via-dmoj-category,,,,,2026-09-19,2026-09-19
joi-2022-fish2,Fish 2,joi,JOI 2022,2022,,oj.uz,https://oj.uz/problem/view/JOI22_fish2,,subtask,6,estimated,,adhoc.unclassified,adhoc.unclassified,via-dmoj-category,,,,,2026-09-19,2026-09-19
joi-2022-flights,Flights,joi,JOI 2022,2022,,oj.uz,https://oj.uz/problem/view/JOI22_flights,,subtask,6,estimated,,adhoc.unclassified,adhoc.unclassified,via-dmoj-category,,,,,2026-09-19,2026-09-19
joi-2022-giraffes,Giraffes,joi,JOI 2022,2022,,oj.uz,https://oj.uz/problem/view/JOI22_giraffes,,subtask,6,estimated,,adhoc.unclassified,adhoc.unclassified,via-dmoj-category,,,,,2026-09-19,2026-09-19
joi-2022-jail,Jail,joi,JOI 2022,2022,,oj.uz,https://oj.uz/problem/view/JOI22_jail,,subtask,6,estimated,,adhoc.unclassified,adhoc.unclassified,via-dmoj-category,,,,,2026-09-19,2026-09-19
joi-2022-kyoto,Sightseeing in Kyoto,joi,JOI 2022,2022,,oj.uz,https://oj.uz/problem/view/JOI22_kyoto,,subtask,6,estimated,,adhoc.unclassified,adhoc.unclassified,via-dmoj-category,,,,,2026-09-19,2026-09-19
joi-2022-misspelling,Misspelling,joi,JOI 2022,2022,,oj.uz,https://oj.uz/problem/view/JOI22_misspelling,,subtask,6,estimated,,adhoc.unclassified,adhoc.unclassified,via-dmoj-category,,,,,2026-09-19,2026-09-19
joi-2022-reconstruction,Reconstruction Project,joi,JOI 2022,2022,,oj.uz,https://oj.uz/problem/view/JOI22_reconstruction,,subtask,6,estimated,,adhoc.unclassified,adhoc.unclassified,via-dmoj-category,,,,,2026-09-19,2026-09-19
joi-2022-seesaw,Seesaw,joi,JOI 2022,2022,,oj.uz,https://oj.uz/problem/view/JOI22_seesaw,,subtask,6,estimated,,adhoc.unclassified,adhoc.unclassified,via-dmoj-category,,,,,2026-09-19,2026-09-19
joi-2022-sprinkler,Sprinkler,joi,JOI 2022,2022,,oj.uz,https://oj.uz/problem/view/JOI22_sprinkler,,subtask,6,estimated,,adhoc.unclassified,adhoc.unclassified,via-dmoj-category,,,,,2026-09-19,2026-09-19
joi-2022-sugar,Ants and Sugar,joi,JOI 2022,2022,,oj.uz,https://oj.uz/problem/view/JOI22_sugar,,subtask,6,estimated,,adhoc.unclassified,adhoc.unclassified,via-dmoj-category,,,,,2026-09-19,2026-09-19
joi-2022-team,Team Contest,joi,JOI 2022,2022,,oj.uz,https://oj.uz/problem/view/JOI22_team,,subtask,6,estimated,,adhoc.unclassified,adhoc.unclassified,via-dmoj-category,,,,,2026-09-19,2026-09-19
joi-2023-ancient2,Ancient Machine 2,joi,JOI 2023,2023,,oj.uz,https://oj.uz/problem/view/JOI23_ancient2,,subtask,6,estimated,,adhoc.unclassified,adhoc.unclassified,via-dmoj-category,,,,,2026-09-19,2026-09-19
joi-2023-cell,Cell Automaton,joi,JOI 2023,2023,,oj.uz,https://oj.uz/problem/view/JOI23_cell,,subtask,6,estimated,,adhoc.unclassified,adhoc.unclassified,via-dmoj-category,,,,,2026-09-19,2026-09-19
joi-2023-chorus,Chorus,joi,JOI 2023,2023,,oj.uz,https://oj.uz/problem/view/JOI23_chorus,,subtask,6,estimated,,adhoc.unclassified,adhoc.unclassified,via-dmoj-category,,,,,2026-09-19,2026-09-19
joi-2023-cookies,Cookies,joi,JOI 2023,2023,,oj.uz,https://oj.uz/problem/view/JOI23_cookies,,subtask,6,estimated,,adhoc.unclassified,adhoc.unclassified,via-dmoj-category,,,,,2026-09-19,2026-09-19
joi-2023-council,Council,joi,JOI 2023,2023,,oj.uz,https://oj.uz/problem/view/JOI23_council,,subtask,6,estimated,,adhoc.unclassified,adhoc.unclassified,via-dmoj-category,,,,,2026-09-19,2026-09-19
joi-2023-currencies,Two Currencies,joi,JOI 2023,2023,,oj.uz,https://oj.uz/problem/view/JOI23_currencies,,subtask,6,estimated,,adhoc.unclassified,adhoc.unclassified,via-dmoj-category,,,,,2026-09-19,2026-09-19
joi-2023-festival2,Festivals in JOI Kingdom 2,joi,JOI 2023,2023,,oj.uz,https://oj.uz/problem/view/JOI23_festival2,,subtask,6,estimated,,adhoc.unclassified,adhoc.unclassified,via-dmoj-category,,,,,2026-09-19,2026-09-19
joi-2023-garden,Garden,joi,JOI 2023,2023,,oj.uz,https://oj.uz/problem/view/JOI23_garden,,subtask,6,estimated,,graphs.special_graphs.functional_graph,graphs.special_graphs.functional_graph,via-usaco-guide,,,,,2026-09-19,2026-09-19
joi-2023-guard,Security Guard,joi,JOI 2023,2023,,oj.uz,https://oj.uz/problem/view/JOI23_guard,,subtask,6,estimated,,adhoc.unclassified,adhoc.unclassified,via-dmoj-category,,,,,2026-09-19,2026-09-19
joi-2023-mizuyokan2,Mizuyokan 2,joi,JOI 2023,2023,,oj.uz,https://oj.uz/problem/view/JOI23_mizuyokan2,,subtask,6,estimated,,adhoc.unclassified,adhoc.unclassified,via-dmoj-category,,,,,2026-09-19,2026-09-19
joi-2023-passport,Passport,joi,JOI 2023,2023,,oj.uz,https://oj.uz/problem/view/JOI23_passport,,subtask,6,estimated,,adhoc.unclassified,adhoc.unclassified,via-dmoj-category,,,,,2026-09-19,2026-09-19
joi-2023-tourism,Tourism,joi,JOI 2023,2023,,oj.uz,https://oj.uz/problem/view/JOI23_tourism,,subtask,6,estimated,,adhoc.unclassified,adhoc.unclassified,via-dmoj-category,,,,,2026-09-19,2026-09-19
joi-2023-travel,Bitaro's travel,joi,JOI 2023,2023,,oj.uz,https://oj.uz/problem/view/JOI23_travel,,subtask,6,estimated,,adhoc.unclassified,adhoc.unclassified,via-dmoj-category,,,,,2026-09-19,2026-09-19
joi-2024-boardgame,Board Game,joi,JOI 2024,2024,,oj.uz,https://oj.uz/problem/view/JOI24_boardgame,,subtask,6,estimated,,adhoc.unclassified,adhoc.unclassified,via-dmoj-category,,,,,2026-09-19,2026-09-19
joi-2024-collection,Card Collection,joi,JOI 2024,2024,,oj.uz,https://oj.uz/problem/view/JOI24_collection,,subtask,6,estimated,,adhoc.unclassified,adhoc.unclassified,via-dmoj-category,,,,,2026-09-19,2026-09-19
joi-2024-escape2,Escape Route 2,joi,JOI 2024,2024,,oj.uz,https://oj.uz/problem/view/JOI24_escape2,,subtask,6,estimated,,adhoc.unclassified,adhoc.unclassified,via-dmoj-category,,,,,2026-09-19,2026-09-19
joi-2024-examination2,Examination 2,joi,JOI 2024,2024,,oj.uz,https://oj.uz/problem/view/JOI24_examination2,,subtask,6,estimated,,adhoc.unclassified,adhoc.unclassified,via-dmoj-category,,,,,2026-09-19,2026-09-19
joi-2024-fish3,Fish 3,joi,JOI 2024,2024,,oj.uz,https://oj.uz/problem/view/JOI24_fish3,,subtask,6,estimated,,adhoc.unclassified,adhoc.unclassified,via-dmoj-category,,,,,2026-09-19,2026-09-19
joi-2024-heat,Heat Stroke,joi,JOI 2024,2024,,oj.uz,https://oj.uz/problem/view/JOI24_heat,,subtask,6,estimated,,adhoc.unclassified,adhoc.unclassified,via-dmoj-category,,,,,2026-09-19,2026-09-19
joi-2024-island,Island Hopping,joi,JOI 2024,2024,,oj.uz,https://oj.uz/problem/view/JOI24_island,,subtask,6,estimated,,adhoc.unclassified,adhoc.unclassified,via-dmoj-category,,,,,2026-09-19,2026-09-19
joi-2024-joitour,JOI tour,joi,JOI 2024,2024,,oj.uz,https://oj.uz/problem/view/JOI24_joitour,,subtask,6,estimated,,adhoc.unclassified,adhoc.unclassified,via-dmoj-category,,,,,2026-09-19,2026-09-19
joi-2024-library3,Library 3,joi,JOI 2024,2024,,oj.uz,https://oj.uz/problem/view/JOI24_library3,,subtask,6,estimated,,adhoc.unclassified,adhoc.unclassified,via-dmoj-category,,,,,2026-09-19,2026-09-19
joi-2024-ski2,Ski 2,joi,JOI 2024,2024,,oj.uz,https://oj.uz/problem/view/JOI24_ski2,,subtask,6,estimated,,adhoc.unclassified,adhoc.unclassified,via-dmoj-category,,,,,2026-09-19,2026-09-19
joi-2024-spy3,Spy 3,joi,JOI 2024,2024,,oj.uz,https://oj.uz/problem/view/JOI24_spy3,,subtask,6,estimated,,adhoc.unclassified,adhoc.unclassified,via-dmoj-category,,,,,2026-09-19,2026-09-19
joi-2024-tabletennis,Table Tennis,joi,JOI 2024,2024,,oj.uz,https://oj.uz/problem/view/JOI24_tabletennis,,subtask,6,estimated,,adhoc.unclassified,adhoc.unclassified,via-dmoj-category,,,,,2026-09-19,2026-09-19
joi-2024-tower,Tower,joi,JOI 2024,2024,,oj.uz,https://oj.uz/problem/view/JOI24_tower,,subtask,6,estimated,,adhoc.unclassified,adhoc.unclassified,via-dmoj-category,,,,,2026-09-19,2026-09-19
joi-2024-tricolor,Tricolor Lights,joi,JOI 2024,2024,,oj.uz,https://oj.uz/problem/view/JOI24_tricolor,,subtask,6,estimated,,adhoc.unclassified,adhoc.unclassified,via-dmoj-category,,,,,2026-09-19,2026-09-19
joi-2024-vegetables5,Growing Vegetables is Fun 5,joi,JOI 2024,2024,,oj.uz,https://oj.uz/problem/view/JOI24_vegetables5,,subtask,6,estimated,,adhoc.unclassified,adhoc.unclassified,via-dmoj-category,,,,,2026-09-19,2026-09-19
joi-2025-ambulance,Ambulance,joi,JOI 2025,2025,,oj.uz,https://oj.uz/problem/view/JOI25_ambulance,,subtask,6,estimated,,adhoc.unclassified,adhoc.unclassified,via-dmoj-category,,,,,2026-09-19,2026-09-19
joi-2025-brave3,Bitaro the Brave 3,joi,JOI 2025,2025,,oj.uz,https://oj.uz/problem/view/JOI25_brave3,,subtask,6,estimated,,adhoc.unclassified,adhoc.unclassified,via-dmoj-category,,,,,2026-09-19,2026-09-19
joi-2025-bubble,Bubble Sort Machine,joi,JOI 2025,2025,,oj.uz,https://oj.uz/problem/view/JOI25_bubble,,subtask,6,estimated,,adhoc.unclassified,adhoc.unclassified,via-dmoj-category,,,,,2026-09-19,2026-09-19
joi-2025-circuit2,Circuit 2,joi,JOI 2025,2025,,oj.uz,https://oj.uz/problem/view/JOI25_circuit2,,subtask,6,estimated,,adhoc.unclassified,adhoc.unclassified,via-dmoj-category,,,,,2026-09-19,2026-09-19
joi-2025-conference,Conference,joi,JOI 2025,2025,,oj.uz,https://oj.uz/problem/view/JOI25_conference,,subtask,6,estimated,,adhoc.unclassified,adhoc.unclassified,via-dmoj-category,,,,,2026-09-19,2026-09-19
joi-2025-exhibition3,Exhibition 3,joi,JOI 2025,2025,,oj.uz,https://oj.uz/problem/view/JOI25_exhibition3,,subtask,6,estimated,,adhoc.unclassified,adhoc.unclassified,via-dmoj-category,,,,,2026-09-19,2026-09-19
joi-2025-fortune3,Fortune Telling 3,joi,JOI 2025,2025,,oj.uz,https://oj.uz/problem/view/JOI25_fortune3,,subtask,6,estimated,,adhoc.unclassified,adhoc.unclassified,via-dmoj-category,,,,,2026-09-19,2026-09-19
joi-2025-lottery,Lottery,joi,JOI 2025,2025,,oj.uz,https://oj.uz/problem/view/JOI25_lottery,,subtask,6,estimated,,adhoc.unclassified,adhoc.unclassified,via-dmoj-category,,,,,2026-09-19,2026-09-19
joi-2025-migration,Migration Plan,joi,JOI 2025,2025,,oj.uz,https://oj.uz/problem/view/JOI25_migration,,subtask,6,estimated,,adhoc.unclassified,adhoc.unclassified,via-dmoj-category,,,,,2026-09-19,2026-09-19
joi-2025-multi,Multi Communication,joi,JOI 2025,2025,,oj.uz,https://oj.uz/problem/view/JOI25_multi,,subtask,6,estimated,,adhoc.unclassified,adhoc.unclassified,via-dmoj-category,,,,,2026-09-19,2026-09-19
joi-2025-stamps4,Collecting Stamps 4,joi,JOI 2025,2025,,oj.uz,https://oj.uz/problem/view/JOI25_stamps4,,subtask,6,estimated,,adhoc.unclassified,adhoc.unclassified,via-dmoj-category,,,,,2026-09-19,2026-09-19
joi-2025-telepathy,Telepathy,joi,JOI 2025,2025,,oj.uz,https://oj.uz/problem/view/JOI25_telepathy,,subtask,6,estimated,,adhoc.unclassified,adhoc.unclassified,via-dmoj-category,,,,,2026-09-19,2026-09-19
joi-2025-thief,Space Thief,joi,JOI 2025,2025,,oj.uz,https://oj.uz/problem/view/JOI25_thief,,subtask,6,estimated,,adhoc.unclassified,adhoc.unclassified,via-dmoj-category,,,,,2026-09-19,2026-09-19
joi-2025-travel2,Bitaro's Travel 2,joi,JOI 2025,2025,,oj.uz,https://oj.uz/problem/view/JOI25_travel2,,subtask,6,estimated,,adhoc.unclassified,adhoc.unclassified,via-dmoj-category,,,,,2026-09-19,2026-09-19
joi-2025-uiro,Uiro,joi,JOI 2025,2025,,oj.uz,https://oj.uz/problem/view/JOI25_uiro,,subtask,6,estimated,,adhoc.unclassified,adhoc.unclassified,via-dmoj-category,,,,,2026-09-19,2026-09-19
joi-2026-baker,Baker,joi,JOI 2026,2026,,oj.uz,https://oj.uz/problem/view/JOI26_baker,,subtask,6,estimated,,adhoc.unclassified,adhoc.unclassified,via-dmoj-category,,,,,2026-09-19,2026-09-19
joi-2026-casino,Casino,joi,JOI 2026,2026,,oj.uz,https://oj.uz/problem/view/JOI26_casino,,subtask,6,estimated,,adhoc.unclassified,adhoc.unclassified,via-dmoj-category,,,,,2026-09-19,2026-09-19
joi-2026-dango,Legendary Dango Eater,joi,JOI 2026,2026,,oj.uz,https://oj.uz/problem/view/JOI26_dango,,subtask,6,estimated,,adhoc.unclassified,adhoc.unclassified,via-dmoj-category,,,,,2026-09-19,2026-09-19
joi-2026-festival,Festivals in JOI Kingdom 3,joi,JOI 2026,2026,,oj.uz,https://oj.uz/problem/view/JOI26_festival,,subtask,6,estimated,,graphs.components.scc_tarjan,graphs.components.scc_tarjan,via-usaco-guide,,,,,2026-09-19,2026-09-19
joi-2026-garden,Garden 3,joi,JOI 2026,2026,,oj.uz,https://oj.uz/problem/view/JOI26_garden,,subtask,6,estimated,,graphs.special_graphs.functional_graph,graphs.special_graphs.functional_graph,via-usaco-guide,,,,,2026-09-19,2026-09-19
joi-2026-joitour,JOI Tour 2,joi,JOI 2026,2026,,oj.uz,https://oj.uz/problem/view/JOI26_joitour,,subtask,6,estimated,,adhoc.unclassified,adhoc.unclassified,via-dmoj-category,,,,,2026-09-19,2026-09-19
joi-2026-multi,Multi Communication 2,joi,JOI 2026,2026,,oj.uz,https://oj.uz/problem/view/JOI26_multi,,subtask,6,estimated,,adhoc.unclassified,adhoc.unclassified,via-dmoj-category,,,,,2026-09-19,2026-09-19
joi-2026-rainfall,Triangular Rainfall,joi,JOI 2026,2026,,oj.uz,https://oj.uz/problem/view/JOI26_rainfall,,subtask,6,estimated,,adhoc.unclassified,adhoc.unclassified,via-dmoj-category,,,,,2026-09-19,2026-09-19
joi-2026-scarecrows,Scarecrows 2,joi,JOI 2026,2026,,oj.uz,https://oj.uz/problem/view/JOI26_scarecrows,,subtask,6,estimated,,adhoc.unclassified,adhoc.unclassified,via-dmoj-category,,,,,2026-09-19,2026-09-19
joi-2026-stamps,Collecting Stamps 5,joi,JOI 2026,2026,,oj.uz,https://oj.uz/problem/view/JOI26_stamps,,subtask,6,estimated,,adhoc.unclassified,adhoc.unclassified,via-dmoj-category,,,,,2026-09-19,2026-09-19
joi-2026-teleporter,Teleporter 2,joi,JOI 2026,2026,,oj.uz,https://oj.uz/problem/view/JOI26_teleporter,,subtask,6,estimated,,adhoc.unclassified,adhoc.unclassified,via-dmoj-category,,,,,2026-09-19,2026-09-19
joi-2026-voltage,Voltage 2,joi,JOI 2026,2026,,oj.uz,https://oj.uz/problem/view/JOI26_voltage,,subtask,6,estimated,,adhoc.unclassified,adhoc.unclassified,via-dmoj-category,,,,,2026-09-19,2026-09-19
joi-art,Art Exhibition,joi,JOI,,,oj.uz,https://oj.uz/problem/view/JOI18_art,,subtask,6,estimated,,adhoc.unclassified,adhoc.unclassified,via-dmoj-category,,,,,2026-09-19,2026-09-19
joi-commuterpass,Commuter Pass,joi,JOI,,,oj.uz,https://oj.uz/problem/view/JOI18_commuter_pass,,subtask,6,estimated,,adhoc.unclassified,adhoc.unclassified,via-dmoj-category,,,,,2026-09-19,2026-09-19
joi-dangomaker,Dango Maker,joi,JOI,,,oj.uz,https://oj.uz/problem/view/JOI18_dango_maker,,subtask,6,estimated,,adhoc.unclassified,adhoc.unclassified,via-dmoj-category,,,,,2026-09-19,2026-09-19
joi-foehnphenomena,Foehn Phenomena,joi,JOI,,,oj.uz,https://oj.uz/problem/view/JOI17_foehn_phenomena,,subtask,6,estimated,,adhoc.unclassified,adhoc.unclassified,via-dmoj-category,,,,,2026-09-19,2026-09-19
joi-hot1,Grid Coloring,joi,JOI,,,oj.uz,https://oj.uz/problem/view/JOI25_ho_t1,,subtask,6,estimated,,adhoc.unclassified,adhoc.unclassified,via-dmoj-category,,,,,2026-09-19,2026-09-19
joi-hot2,Bitaro the Brave 2,joi,JOI,,,oj.uz,https://oj.uz/problem/view/JOI25_ho_t2,,subtask,6,estimated,,adhoc.unclassified,adhoc.unclassified,via-dmoj-category,,,,,2026-09-19,2026-09-19
joi-hot3,Mi Teleférico,joi,JOI,,,oj.uz,https://oj.uz/problem/view/JOI25_ho_t3,,subtask,6,estimated,,adhoc.unclassified,adhoc.unclassified,via-dmoj-category,,,,,2026-09-19,2026-09-19
joi-hot4,Just Long Neckties 2,joi,JOI,,,oj.uz,https://oj.uz/problem/view/JOI25_ho_t4,,subtask,6,estimated,,adhoc.unclassified,adhoc.unclassified,via-dmoj-category,,,,,2026-09-19,2026-09-19
joi-hot5,Post Office,joi,JOI,,,oj.uz,https://oj.uz/problem/view/JOI25_ho_t5,,subtask,6,estimated,,adhoc.unclassified,adhoc.unclassified,via-dmoj-category,,,,,2026-09-19,2026-09-19
joi-joioi,The Kingdom of JOIOI,joi,JOI,,,oj.uz,https://oj.uz/problem/view/JOI17_joioi,,subtask,6,estimated,,adhoc.unclassified,adhoc.unclassified,via-dmoj-category,,,,,2026-09-19,2026-09-19
joi-rope,Rope,joi,JOI,,,oj.uz,https://oj.uz/problem/view/JOI17_rope,,subtask,6,estimated,,adhoc.unclassified,adhoc.unclassified,via-dmoj-category,,,,,2026-09-19,2026-09-19
joi-semiexpress,Semiexpress,joi,JOI,,,oj.uz,https://oj.uz/problem/view/JOI17_semiexpress,,subtask,6,estimated,,adhoc.unclassified,adhoc.unclassified,via-dmoj-category,,,,,2026-09-19,2026-09-19
joi-snakeescaping,Snake Escaping,joi,JOI,,,oj.uz,https://oj.uz/problem/view/JOI18_snake_escaping,,subtask,6,estimated,,adhoc.unclassified,adhoc.unclassified,via-dmoj-category,,,,,2026-09-19,2026-09-19
joi-soccer,Soccer,joi,JOI,,,oj.uz,https://oj.uz/problem/view/JOI17_soccer,,subtask,6,estimated,,adhoc.unclassified,adhoc.unclassified,via-dmoj-category,,,,,2026-09-19,2026-09-19
joi-stove,Stove,joi,JOI,,,oj.uz,https://oj.uz/problem/view/JOI18_stove,,subtask,6,estimated,,adhoc.unclassified,adhoc.unclassified,via-dmoj-category,,,,,2026-09-19,2026-09-19
koi-2011-block,보도블록,koi,KOI 2011,2011,,oj.uz,https://oj.uz/problem/view/KOI11_block,,subtask,5,estimated,,adhoc.unclassified,adhoc.unclassified,via-dmoj-category,,,,,2026-09-19,2026-09-19
koi-2011-cost,비용,koi,KOI 2011,2011,,oj.uz,https://oj.uz/problem/view/KOI11_cost,,subtask,5,estimated,,adhoc.unclassified,adhoc.unclassified,via-dmoj-category,,,,,2026-09-19,2026-09-19
koi-2011-flower,공주님의 정원,koi,KOI 2011,2011,,oj.uz,https://oj.uz/problem/view/KOI11_flower,,subtask,5,estimated,,adhoc.unclassified,adhoc.unclassified,via-dmoj-category,,,,,2026-09-19,2026-09-19
koi-2011-player,대표 선수,koi,KOI 2011,2011,,oj.uz,https://oj.uz/problem/view/KOI11_player,,subtask,5,estimated,,adhoc.unclassified,adhoc.unclassified,via-dmoj-category,,,,,2026-09-19,2026-09-19
koi-2011-train2,지능형 기차 2,koi,KOI 2011,2011,,oj.uz,https://oj.uz/problem/view/KOI11_train2,,subtask,5,estimated,,adhoc.unclassified,adhoc.unclassified,via-dmoj-category,,,,,2026-09-19,2026-09-19
koi-2013-app,앱,koi,KOI 2013,2013,,oj.uz,https://oj.uz/problem/view/KOI13_app,,subtask,5,estimated,,adhoc.unclassified,adhoc.unclassified,via-dmoj-category,,,,,2026-09-19,2026-09-19
koi-2013-aqua1,수족관 1,koi,KOI 2013,2013,,oj.uz,https://oj.uz/problem/view/KOI13_aqua1,,subtask,5,estimated,,adhoc.unclassified,adhoc.unclassified,via-dmoj-category,,,,,2026-09-19,2026-09-19
koi-2013-aqua2,수족관 2,koi,KOI 2013,2013,,oj.uz,https://oj.uz/problem/view/KOI13_aqua2,,subtask,5,estimated,,adhoc.unclassified,adhoc.unclassified,via-dmoj-category,,,,,2026-09-19,2026-09-19
koi-2013-aqua3,수족관 3,koi,KOI 2013,2013,,oj.uz,https://oj.uz/problem/view/KOI13_aqua3,,subtask,5,estimated,,adhoc.unclassified,adhoc.unclassified,via-dmoj-category,,,,,2026-09-19,2026-09-19
koi-2013-body,덩치,koi,KOI 2013,2013,,oj.uz,https://oj.uz/problem/view/KOI13_body,,subtask,5,estimated,,adhoc.unclassified,adhoc.unclassified,via-dmoj-category,,,,,2026-09-19,2026-09-19
koi-2013-bowl,그릇,koi,KOI 2013,2013,,oj.uz,https://oj.uz/problem/view/KOI13_bowl,,subtask,5,estimated,,adhoc.unclassified,adhoc.unclassified,via-dmoj-category,,,,,2026-09-19,2026-09-19
koi-2013-collect,점 모으기,koi,KOI 2013,2013,,oj.uz,https://oj.uz/problem/view/KOI13_collect,,subtask,5,estimated,,adhoc.unclassified,adhoc.unclassified,via-dmoj-category,,,,,2026-09-19,2026-09-19
koi-2013-delivery,택배,koi,KOI 2013,2013,,oj.uz,https://oj.uz/problem/view/KOI13_delivery,,subtask,5,estimated,,adhoc.unclassified,adhoc.unclassified,via-dmoj-category,,,,,2026-09-19,2026-09-19
koi-2013-factory,공장,koi,KOI 2013,2013,,oj.uz,https://oj.uz/problem/view/KOI13_factory,,subtask,5,estimated,,adhoc.unclassified,adhoc.unclassified,via-dmoj-category,,,,,2026-09-19,2026-09-19
koi-2013-fish,고기잡이,koi,KOI 2013,2013,,oj.uz,https://oj.uz/problem/view/KOI13_fish,,subtask,5,estimated,,adhoc.unclassified,adhoc.unclassified,via-dmoj-category,,,,,2026-09-19,2026-09-19
koi-2013-frog,개구리,koi,KOI 2013,2013,,oj.uz,https://oj.uz/problem/view/KOI13_frog,,subtask,5,estimated,,search.exhaustive.backtracking,search.exhaustive.backtracking,via-usaco-guide,,,,,2026-09-19,2026-09-19
koi-2013-game,막대기,koi,KOI 2013,2013,,oj.uz,https://oj.uz/problem/view/KOI13_game,,subtask,5,estimated,,data_structures.range_query.fenwick,data_structures.range_query.fenwick,via-usaco-guide,,,,,2026-09-19,2026-09-19
koi-2013-hunter,사냥꾼,koi,KOI 2013,2013,,oj.uz,https://oj.uz/problem/view/KOI13_hunter,,subtask,5,estimated,,adhoc.unclassified,adhoc.unclassified,via-dmoj-category,,,,,2026-09-19,2026-09-19
koi-2013-jul,줄 세우기,koi,KOI 2013,2013,,oj.uz,https://oj.uz/problem/view/KOI13_jul,,subtask,5,estimated,,adhoc.unclassified,adhoc.unclassified,via-dmoj-category,,,,,2026-09-19,2026-09-19
koi-2013-kanji,간지(干支),koi,KOI 2013,2013,,oj.uz,https://oj.uz/problem/view/KOI13_kanji,,subtask,5,estimated,,adhoc.unclassified,adhoc.unclassified,via-dmoj-category,,,,,2026-09-19,2026-09-19
koi-2013-mystery,입력숫자,koi,KOI 2013,2013,,oj.uz,https://oj.uz/problem/view/KOI13_mystery,,subtask,5,estimated,,adhoc.unclassified,adhoc.unclassified,via-dmoj-category,,,,,2026-09-19,2026-09-19
koi-2013-olympic,올림픽,koi,KOI 2013,2013,,oj.uz,https://oj.uz/problem/view/KOI13_olympic,,subtask,5,estimated,,adhoc.unclassified,adhoc.unclassified,via-dmoj-category,,,,,2026-09-19,2026-09-19
koi-2013-pole,전봇대,koi,KOI 2013,2013,,oj.uz,https://oj.uz/problem/view/KOI13_pole,,subtask,5,estimated,,adhoc.unclassified,adhoc.unclassified,via-dmoj-category,,,,,2026-09-19,2026-09-19
koi-2013-probe,탐사,koi,KOI 2013,2013,,oj.uz,https://oj.uz/problem/view/KOI13_probe,,subtask,5,estimated,,adhoc.unclassified,adhoc.unclassified,via-dmoj-category,,,,,2026-09-19,2026-09-19
koi-2013-tomato,토마토,koi,KOI 2013,2013,,oj.uz,https://oj.uz/problem/view/KOI13_tomato,,subtask,5,estimated,,adhoc.unclassified,adhoc.unclassified,via-dmoj-category,,,,,2026-09-19,2026-09-19
koi-2013-tomato3d,토마토 (3차원),koi,KOI 2013,2013,,oj.uz,https://oj.uz/problem/view/KOI13_tomato3D,,subtask,5,estimated,,adhoc.unclassified,adhoc.unclassified,via-dmoj-category,,,,,2026-09-19,2026-09-19
koi-2013-vaccine,백신,koi,KOI 2013,2013,,oj.uz,https://oj.uz/problem/view/KOI13_vaccine,,subtask,5,estimated,,adhoc.unclassified,adhoc.unclassified,via-dmoj-category,,,,,2026-09-19,2026-09-19
koi-2016-aa,방 배정,koi,KOI 2016,2016,,oj.uz,https://oj.uz/problem/view/KOI16_aa,,subtask,5,estimated,,adhoc.unclassified,adhoc.unclassified,via-dmoj-category,,,,,2026-09-19,2026-09-19
koi-2016-bb,타일 장식물,koi,KOI 2016,2016,,oj.uz,https://oj.uz/problem/view/KOI16_bb,,subtask,5,estimated,,adhoc.unclassified,adhoc.unclassified,via-dmoj-category,,,,,2026-09-19,2026-09-19
koi-2016-dd,장애물 경기,koi,KOI 2016,2016,,oj.uz,https://oj.uz/problem/view/KOI16_dd,,subtask,5,estimated,,adhoc.unclassified,adhoc.unclassified,via-dmoj-category,,,,,2026-09-19,2026-09-19
koi-2016-dist,먼 별,koi,KOI 2016,2016,,oj.uz,https://oj.uz/problem/view/KOI16_dist,,subtask,5,estimated,,adhoc.unclassified,adhoc.unclassified,via-dmoj-category,,,,,2026-09-19,2026-09-19
koi-2016-gas,주유소,koi,KOI 2016,2016,,oj.uz,https://oj.uz/problem/view/KOI16_gas,,subtask,5,estimated,,adhoc.unclassified,adhoc.unclassified,via-dmoj-category,,,,,2026-09-19,2026-09-19
koi-2016-gasm,주유소,koi,KOI 2016,2016,,oj.uz,https://oj.uz/problem/view/KOI16_gasM,,subtask,5,estimated,,adhoc.unclassified,adhoc.unclassified,via-dmoj-category,,,,,2026-09-19,2026-09-19
koi-2016-laser,레이저 센서,koi,KOI 2016,2016,,oj.uz,https://oj.uz/problem/view/KOI16_laser,,subtask,5,estimated,,adhoc.unclassified,adhoc.unclassified,via-dmoj-category,,,,,2026-09-19,2026-09-19
koi-2016-resort,리조트,koi,KOI 2016,2016,,oj.uz,https://oj.uz/problem/view/KOI16_resort,,subtask,5,estimated,,adhoc.unclassified,adhoc.unclassified,via-dmoj-category,,,,,2026-09-19,2026-09-19
koi-2016-room,방 배정,koi,KOI 2016,2016,,oj.uz,https://oj.uz/problem/view/KOI16_room,,subtask,5,estimated,,adhoc.unclassified,adhoc.unclassified,via-dmoj-category,,,,,2026-09-19,2026-09-19
koi-2016-tree,트리,koi,KOI 2016,2016,,oj.uz,https://oj.uz/problem/view/KOI16_tree,,subtask,5,estimated,,adhoc.unclassified,adhoc.unclassified,via-dmoj-category,,,,,2026-09-19,2026-09-19
koi-2016-treem,트리,koi,KOI 2016,2016,,oj.uz,https://oj.uz/problem/view/KOI16_treeM,,subtask,5,estimated,,adhoc.unclassified,adhoc.unclassified,via-dmoj-category,,,,,2026-09-19,2026-09-19
koi-2017-bucket,물통,koi,KOI 2017,2017,,oj.uz,https://oj.uz/problem/view/KOI17_bucket,,subtask,5,estimated,,adhoc.unclassified,adhoc.unclassified,via-dmoj-category,,,,,2026-09-19,2026-09-19
koi-2017-card,딱지놀이,koi,KOI 2017,2017,,oj.uz,https://oj.uz/problem/view/KOI17_card,,subtask,5,estimated,,adhoc.unclassified,adhoc.unclassified,via-dmoj-category,,,,,2026-09-19,2026-09-19
koi-2017-cat,산만한 고양이,koi,KOI 2017,2017,,oj.uz,https://oj.uz/problem/view/KOI17_cat,,subtask,5,estimated,,adhoc.unclassified,adhoc.unclassified,via-dmoj-category,,,,,2026-09-19,2026-09-19
koi-2017-civilization,문명,koi,KOI 2017,2017,,oj.uz,https://oj.uz/problem/view/KOI17_civilization,,subtask,5,estimated,,adhoc.unclassified,adhoc.unclassified,via-dmoj-category,,,,,2026-09-19,2026-09-19
koi-2017-cook,요리 강좌,koi,KOI 2017,2017,,oj.uz,https://oj.uz/problem/view/KOI17_cook,,subtask,5,estimated,,adhoc.unclassified,adhoc.unclassified,via-dmoj-category,,,,,2026-09-19,2026-09-19
koi-2017-cut,곡선 자르기,koi,KOI 2017,2017,,oj.uz,https://oj.uz/problem/view/KOI17_cut,,subtask,5,estimated,,adhoc.unclassified,adhoc.unclassified,via-dmoj-category,,,,,2026-09-19,2026-09-19
koi-2017-line,줄서기,koi,KOI 2017,2017,,oj.uz,https://oj.uz/problem/view/KOI17_line,,subtask,5,estimated,,adhoc.unclassified,adhoc.unclassified,via-dmoj-category,,,,,2026-09-19,2026-09-19
koi-2017-room,방 배정하기,koi,KOI 2017,2017,,oj.uz,https://oj.uz/problem/view/KOI17_room,,subtask,5,estimated,,adhoc.unclassified,adhoc.unclassified,via-dmoj-category,,,,,2026-09-19,2026-09-19
koi-2017-shell,조개 줍기,koi,KOI 2017,2017,,oj.uz,https://oj.uz/problem/view/KOI17_shell,,subtask,5,estimated,,adhoc.unclassified,adhoc.unclassified,via-dmoj-category,,,,,2026-09-19,2026-09-19
koi-2017-travel,서울에서 경산까지,koi,KOI 2017,2017,,oj.uz,https://oj.uz/problem/view/KOI17_travel,,subtask,5,estimated,,adhoc.unclassified,adhoc.unclassified,via-dmoj-category,,,,,2026-09-19,2026-09-19
koi-2018-arrowh,화살표 그리기,koi,KOI 2018,2018,,oj.uz,https://oj.uz/problem/view/KOI18_arrowH,,subtask,5,estimated,,adhoc.unclassified,adhoc.unclassified,via-dmoj-category,,,,,2026-09-19,2026-09-19
koi-2018-box,두 박스,koi,KOI 2018,2018,,oj.uz,https://oj.uz/problem/view/KOI18_box,,subtask,5,estimated,,adhoc.unclassified,adhoc.unclassified,via-dmoj-category,,,,,2026-09-19,2026-09-19
koi-2018-family,족보,koi,KOI 2018,2018,,oj.uz,https://oj.uz/problem/view/KOI18_family,,subtask,5,estimated,,adhoc.unclassified,adhoc.unclassified,via-dmoj-category,,,,,2026-09-19,2026-09-19
koi-2018-footprint,공룡 발자국,koi,KOI 2018,2018,,oj.uz,https://oj.uz/problem/view/KOI18_footprint,,subtask,5,estimated,,adhoc.unclassified,adhoc.unclassified,via-dmoj-category,,,,,2026-09-19,2026-09-19
koi-2018-matrix,조화행렬,koi,KOI 2018,2018,,oj.uz,https://oj.uz/problem/view/KOI18_matrix,,subtask,5,estimated,,adhoc.unclassified,adhoc.unclassified,via-dmoj-category,,,,,2026-09-19,2026-09-19
koi-2018-robot,두 로봇,koi,KOI 2018,2018,,oj.uz,https://oj.uz/problem/view/KOI18_robot,,subtask,5,estimated,,graphs.shortest_path.dijkstra,graphs.shortest_path.dijkstra,via-usaco-guide,,,,,2026-09-19,2026-09-19
koi-2018-watertank,물탱크,koi,KOI 2018,2018,,oj.uz,https://oj.uz/problem/view/KOI18_watertank,,subtask,5,estimated,,adhoc.unclassified,adhoc.unclassified,via-dmoj-category,,,,,2026-09-19,2026-09-19
koi-2018-xcorr,XCorr,koi,KOI 2018,2018,,oj.uz,https://oj.uz/problem/view/KOI18_XCorr,,subtask,5,estimated,,adhoc.unclassified,adhoc.unclassified,via-dmoj-category,,,,,2026-09-19,2026-09-19
loi-2018-asm,ASM,loi,LOI 2018,2018,,oj.uz,https://oj.uz/problem/view/LMIO18_asm,,subtask,5,estimated,,adhoc.unclassified,adhoc.unclassified,via-dmoj-category,,,,,2026-09-19,2026-09-19
loi-2018-menesinisbilietas,Monthly railway pass,loi,LOI 2018,2018,,oj.uz,https://oj.uz/problem/view/LMIO18_menesinis_bilietas,,subtask,5,estimated,,adhoc.unclassified,adhoc.unclassified,via-dmoj-category,,,,,2026-09-19,2026-09-19
loi-2018-pigusskrydziai,Cheap flights,loi,LOI 2018,2018,,oj.uz,https://oj.uz/problem/view/LMIO18_pigus_skrydziai,,subtask,5,estimated,,adhoc.unclassified,adhoc.unclassified,via-dmoj-category,,,,,2026-09-19,2026-09-19
loi-2018-plaukimovarzybos,Swimming competition,loi,LOI 2018,2018,,oj.uz,https://oj.uz/problem/view/LMIO18_plaukimo_varzybos,,subtask,5,estimated,,adhoc.unclassified,adhoc.unclassified,via-dmoj-category,,,,,2026-09-19,2026-09-19
loi-2018-sauga,Fire drill,loi,LOI 2018,2018,,oj.uz,https://oj.uz/problem/view/LMIO18_sauga,,subtask,5,estimated,,adhoc.unclassified,adhoc.unclassified,via-dmoj-category,,,,,2026-09-19,2026-09-19
loi-2018-staciakampis,Cutting a rectangle,loi,LOI 2018,2018,,oj.uz,https://oj.uz/problem/view/LMIO18_staciakampis,,subtask,5,estimated,,adhoc.unclassified,adhoc.unclassified,via-dmoj-category,,,,,2026-09-19,2026-09-19
loi-2019-bulves,Potatoes and fertilizers,loi,LOI 2019,2019,,oj.uz,https://oj.uz/problem/view/LMIO19_bulves,,subtask,5,estimated,,adhoc.unclassified,adhoc.unclassified,via-dmoj-category,,,,,2026-09-19,2026-09-19
loi-2019-korteles,Cards,loi,LOI 2019,2019,,oj.uz,https://oj.uz/problem/view/LMIO19_korteles,,subtask,5,estimated,,adhoc.unclassified,adhoc.unclassified,via-dmoj-category,,,,,2026-09-19,2026-09-19
loi-2019-mokesciai,Tax Evasion,loi,LOI 2019,2019,,oj.uz,https://oj.uz/problem/view/LMIO19_mokesciai,,subtask,5,estimated,,adhoc.unclassified,adhoc.unclassified,via-dmoj-category,,,,,2026-09-19,2026-09-19
loi-2019-monetos,Coins,loi,LOI 2019,2019,,oj.uz,https://oj.uz/problem/view/LMIO19_monetos,,subtask,5,estimated,,adhoc.unclassified,adhoc.unclassified,via-dmoj-category,,,,,2026-09-19,2026-09-19
loi-2019-noras,Wish,loi,LOI 2019,2019,,oj.uz,https://oj.uz/problem/view/LMIO19_noras,,subtask,5,estimated,,adhoc.unclassified,adhoc.unclassified,via-dmoj-category,,,,,2026-09-19,2026-09-19
loi-2019-triusis,Rabbit Carrot,loi,LOI 2019,2019,,oj.uz,https://oj.uz/problem/view/LMIO19_triusis,,subtask,5,estimated,,dp.basics.lis,dp.basics.lis,via-usaco-guide,,,,,2026-09-19,2026-09-19
poi-2010-dyn,Untitled,poi,POI 2010,2010,,oj.uz,https://oj.uz/problem/view/POI11_dyn,,subtask,6,estimated,,adhoc.unclassified,adhoc.unclassified,via-dmoj-category,,,,,2026-09-19,2026-09-19
poi-2010-imp,Untitled,poi,POI 2010,2010,,oj.uz,https://oj.uz/problem/view/POI11_imp,,subtask,6,estimated,,adhoc.unclassified,adhoc.unclassified,via-dmoj-category,,,,,2026-09-19,2026-09-19
poi-2010-ins,Untitled,poi,POI 2010,2010,,oj.uz,https://oj.uz/problem/view/POI11_ins,,subtask,6,estimated,,adhoc.unclassified,adhoc.unclassified,via-dmoj-category,,,,,2026-09-19,2026-09-19
poi-2010-kon,Untitled,poi,POI 2010,2010,,oj.uz,https://oj.uz/problem/view/POI11_kon,,subtask,6,estimated,,adhoc.unclassified,adhoc.unclassified,via-dmoj-category,,,,,2026-09-19,2026-09-19
poi-2010-liz,Lollipop,poi,POI 2010,2010,,oj.uz,https://oj.uz/problem/view/POI11_liz,,subtask,6,estimated,,adhoc.unclassified,adhoc.unclassified,via-dmoj-category,,,,,2026-09-19,2026-09-19
poi-2010-met,Meteors,poi,POI 2010,2010,,oj.uz,https://oj.uz/problem/view/POI11_met,,subtask,6,estimated,,adhoc.unclassified,adhoc.unclassified,via-dmoj-category,,,,,2026-09-19,2026-09-19
poi-2010-okr,Periodicity,poi,POI 2010,2010,,oj.uz,https://oj.uz/problem/view/POI11_okr,,subtask,6,estimated,,adhoc.unclassified,adhoc.unclassified,via-dmoj-category,,,,,2026-09-19,2026-09-19
poi-2010-pat,Sticks,poi,POI 2010,2010,,oj.uz,https://oj.uz/problem/view/POI11_pat,,subtask,6,estimated,,adhoc.unclassified,adhoc.unclassified,via-dmoj-category,,,,,2026-09-19,2026-09-19
poi-2010-pio,Lightning Conductor,poi,POI 2010,2010,,oj.uz,https://oj.uz/problem/view/POI11_pio,,subtask,6,estimated,,adhoc.unclassified,adhoc.unclassified,via-dmoj-category,,,,,2026-09-19,2026-09-19
poi-2010-pro,Programming Contest,poi,POI 2010,2010,,oj.uz,https://oj.uz/problem/view/POI11_pro,,subtask,6,estimated,,adhoc.unclassified,adhoc.unclassified,via-dmoj-category,,,,,2026-09-19,2026-09-19
poi-2010-prz,Shift,poi,POI 2010,2010,,oj.uz,https://oj.uz/problem/view/POI11_prz,,subtask,6,estimated,,adhoc.unclassified,adhoc.unclassified,via-dmoj-category,,,,,2026-09-19,2026-09-19
poi-2010-rot,Untitled,poi,POI 2010,2010,,oj.uz,https://oj.uz/problem/view/POI11_rot,,subtask,6,estimated,,adhoc.unclassified,adhoc.unclassified,via-dmoj-category,,,,,2026-09-19,2026-09-19
poi-2010-roz,Difference,poi,POI 2010,2010,,oj.uz,https://oj.uz/problem/view/POI11_roz,,subtask,6,estimated,,adhoc.unclassified,adhoc.unclassified,via-dmoj-category,,,,,2026-09-19,2026-09-19
poi-2010-sej,Strongbox,poi,POI 2010,2010,,oj.uz,https://oj.uz/problem/view/POI11_sej,,subtask,6,estimated,,adhoc.unclassified,adhoc.unclassified,via-dmoj-category,,,,,2026-09-19,2026-09-19
poi-2010-smi,Untitled,poi,POI 2010,2010,,oj.uz,https://oj.uz/problem/view/POI11_smi,,subtask,6,estimated,,adhoc.unclassified,adhoc.unclassified,via-dmoj-category,,,,,2026-09-19,2026-09-19
poi-2010-tem,Untitled,poi,POI 2010,2010,,oj.uz,https://oj.uz/problem/view/POI11_tem,,subtask,6,estimated,,adhoc.unclassified,adhoc.unclassified,via-dmoj-category,,,,,2026-09-19,2026-09-19
poi-2010-wyk,Untitled,poi,POI 2010,2010,,oj.uz,https://oj.uz/problem/view/POI11_wyk,,subtask,6,estimated,,adhoc.unclassified,adhoc.unclassified,via-dmoj-category,,,,,2026-09-19,2026-09-19
poi-2012-cen,Price List,poi,POI 2012,2012,,oj.uz,https://oj.uz/problem/view/POI13_cen,,subtask,6,estimated,,adhoc.unclassified,adhoc.unclassified,via-dmoj-category,,,,,2026-09-19,2026-09-19
poi-2012-gob,Tapestries,poi,POI 2012,2012,,oj.uz,https://oj.uz/problem/view/POI13_gob,,subtask,6,estimated,,adhoc.unclassified,adhoc.unclassified,via-dmoj-category,,,,,2026-09-19,2026-09-19
poi-2012-ins,Inspector,poi,POI 2012,2012,,oj.uz,https://oj.uz/problem/view/POI13_ins,,subtask,6,estimated,,adhoc.unclassified,adhoc.unclassified,via-dmoj-category,,,,,2026-09-19,2026-09-19
poi-2012-kon,Watering can,poi,POI 2012,2012,,oj.uz,https://oj.uz/problem/view/POI13_kon,,subtask,6,estimated,,adhoc.unclassified,adhoc.unclassified,via-dmoj-category,,,,,2026-09-19,2026-09-19
poi-2012-luk,Triumphal arch,poi,POI 2012,2012,,oj.uz,https://oj.uz/problem/view/POI13_luk,,subtask,6,estimated,,adhoc.unclassified,adhoc.unclassified,via-dmoj-category,,,,,2026-09-19,2026-09-19
poi-2012-mor,Tales of seafaring,poi,POI 2012,2012,,oj.uz,https://oj.uz/problem/view/POI13_mor,,subtask,6,estimated,,adhoc.unclassified,adhoc.unclassified,via-dmoj-category,,,,,2026-09-19,2026-09-19
poi-2012-mul,Multidrink,poi,POI 2012,2012,,oj.uz,https://oj.uz/problem/view/POI13_mul,,subtask,6,estimated,,adhoc.unclassified,adhoc.unclassified,via-dmoj-category,,,,,2026-09-19,2026-09-19
poi-2012-spa,Walk,poi,POI 2012,2012,,oj.uz,https://oj.uz/problem/view/POI13_spa,,subtask,6,estimated,,adhoc.unclassified,adhoc.unclassified,via-dmoj-category,,,,,2026-09-19,2026-09-19
poi-2012-tak,Taxis,poi,POI 2012,2012,,oj.uz,https://oj.uz/problem/view/POI13_tak,,subtask,6,estimated,,adhoc.unclassified,adhoc.unclassified,via-dmoj-category,,,,,2026-09-19,2026-09-19
poi-2012-usu,Take-out,poi,POI 2012,2012,,oj.uz,https://oj.uz/problem/view/POI13_usu,,subtask,6,estimated,,adhoc.unclassified,adhoc.unclassified,via-dmoj-category,,,,,2026-09-19,2026-09-19
rmi-2018-climbers,Climbers,rmi,RMI 2018,2018,,oj.uz,https://oj.uz/problem/view/RMI18_climbers,,subtask,7,estimated,,adhoc.unclassified,adhoc.unclassified,via-dmoj-category,,,,,2026-09-19,2026-09-19
rmi-2018-colors,Colors,rmi,RMI 2018,2018,,oj.uz,https://oj.uz/problem/view/RMI18_colors,,subtask,7,estimated,,adhoc.unclassified,adhoc.unclassified,via-dmoj-category,,,,,2026-09-19,2026-09-19
rmi-2018-password,Password,rmi,RMI 2018,2018,,oj.uz,https://oj.uz/problem/view/RMI18_password,,subtask,7,estimated,,adhoc.unclassified,adhoc.unclassified,via-dmoj-category,,,,,2026-09-19,2026-09-19
rmi-2018-squirrel,Squirrel,rmi,RMI 2018,2018,,oj.uz,https://oj.uz/problem/view/RMI18_squirrel,,subtask,7,estimated,,adhoc.unclassified,adhoc.unclassified,via-dmoj-category,,,,,2026-09-19,2026-09-19
rmi-2018-traffickers,Traffickers,rmi,RMI 2018,2018,,oj.uz,https://oj.uz/problem/view/RMI18_traffickers,,subtask,7,estimated,,adhoc.unclassified,adhoc.unclassified,via-dmoj-category,,,,,2026-09-19,2026-09-19
rmi-2018-w,W,rmi,RMI 2018,2018,,oj.uz,https://oj.uz/problem/view/RMI18_w,,subtask,7,estimated,,adhoc.unclassified,adhoc.unclassified,via-dmoj-category,,,,,2026-09-19,2026-09-19
rmi-2019-devil,Devil's Share,rmi,RMI 2019,2019,,oj.uz,https://oj.uz/problem/view/RMI19_devil,,subtask,7,estimated,,adhoc.unclassified,adhoc.unclassified,via-dmoj-category,,,,,2026-09-19,2026-09-19
rmi-2019-fishing,Fishing Game,rmi,RMI 2019,2019,,oj.uz,https://oj.uz/problem/view/RMI19_fishing,,subtask,7,estimated,,adhoc.unclassified,adhoc.unclassified,via-dmoj-category,,,,,2026-09-19,2026-09-19
rmi-2019-lucky,Lucky Numbers,rmi,RMI 2019,2019,,oj.uz,https://oj.uz/problem/view/RMI19_lucky,,subtask,7,estimated,,adhoc.unclassified,adhoc.unclassified,via-dmoj-category,,,,,2026-09-19,2026-09-19
rmi-2019-permutation,Secret Permutation,rmi,RMI 2019,2019,,oj.uz,https://oj.uz/problem/view/RMI19_permutation,,subtask,7,estimated,,adhoc.unclassified,adhoc.unclassified,via-dmoj-category,,,,,2026-09-19,2026-09-19
rmi-2019-restore,Restore Array,rmi,RMI 2019,2019,,oj.uz,https://oj.uz/problem/view/RMI19_restore,,subtask,7,estimated,,adhoc.unclassified,adhoc.unclassified,via-dmoj-category,,,,,2026-09-19,2026-09-19
rmi-2019-santa,Santa Claus,rmi,RMI 2019,2019,,oj.uz,https://oj.uz/problem/view/RMI19_santa,,subtask,7,estimated,,adhoc.unclassified,adhoc.unclassified,via-dmoj-category,,,,,2026-09-19,2026-09-19
rmi-2020-arboras,Arboras,rmi,RMI 2020,2020,,oj.uz,https://oj.uz/problem/view/RMI20_arboras,,subtask,7,estimated,,adhoc.unclassified,adhoc.unclassified,via-dmoj-category,,,,,2026-09-19,2026-09-19
rmi-2020-brperm,Brperm,rmi,RMI 2020,2020,,oj.uz,https://oj.uz/problem/view/RMI20_brperm,,subtask,7,estimated,,adhoc.unclassified,adhoc.unclassified,via-dmoj-category,,,,,2026-09-19,2026-09-19
rmi-2020-floppy,Floppy,rmi,RMI 2020,2020,,oj.uz,https://oj.uz/problem/view/RMI20_floppy,,subtask,7,estimated,,adhoc.unclassified,adhoc.unclassified,via-dmoj-category,,,,,2026-09-19,2026-09-19
rmi-2020-nicelines,Nicelines,rmi,RMI 2020,2020,,oj.uz,https://oj.uz/problem/view/RMI20_nicelines,,subtask,7,estimated,,adhoc.unclassified,adhoc.unclassified,via-dmoj-category,,,,,2026-09-19,2026-09-19
rmi-2020-peru,Peru,rmi,RMI 2020,2020,,oj.uz,https://oj.uz/problem/view/RMI20_peru,,subtask,7,estimated,,adhoc.unclassified,adhoc.unclassified,via-dmoj-category,,,,,2026-09-19,2026-09-19
rmi-2020-sumzero,Sum Zero,rmi,RMI 2020,2020,,oj.uz,https://oj.uz/problem/view/RMI20_sumzero,,subtask,7,estimated,,adhoc.unclassified,adhoc.unclassified,via-dmoj-category,,,,,2026-09-19,2026-09-19
rmi-2021-gardening,Gardening,rmi,RMI 2021,2021,,oj.uz,https://oj.uz/problem/view/RMI21_gardening,,subtask,7,estimated,,adhoc.unclassified,adhoc.unclassified,via-dmoj-category,,,,,2026-09-19,2026-09-19
rmi-2021-nom,NoM,rmi,RMI 2021,2021,,oj.uz,https://oj.uz/problem/view/RMI21_nom,,subtask,7,estimated,,adhoc.unclassified,adhoc.unclassified,via-dmoj-category,,,,,2026-09-19,2026-09-19
rmi-2021-paths,Paths,rmi,RMI 2021,2021,,oj.uz,https://oj.uz/problem/view/RMI21_paths,,subtask,7,estimated,,adhoc.unclassified,adhoc.unclassified,via-dmoj-category,,,,,2026-09-19,2026-09-19
rmi-2021-present,Present,rmi,RMI 2021,2021,,oj.uz,https://oj.uz/problem/view/RMI21_present,,subtask,7,estimated,,adhoc.unclassified,adhoc.unclassified,via-dmoj-category,,,,,2026-09-19,2026-09-19
rmi-2021-speedrun,Speedrun,rmi,RMI 2021,2021,,oj.uz,https://oj.uz/problem/view/RMI21_speedrun,,subtask,7,estimated,,adhoc.unclassified,adhoc.unclassified,via-dmoj-category,,,,,2026-09-19,2026-09-19
rmi-2021-weirdtree,Weirdtree,rmi,RMI 2021,2021,,oj.uz,https://oj.uz/problem/view/RMI21_weirdtree,,subtask,7,estimated,,adhoc.unclassified,adhoc.unclassified,via-dmoj-category,,,,,2026-09-19,2026-09-19
sgnoi-2012-forensic,Forensic,sgnoi,SGNOI 2012,2012,,oj.uz,https://oj.uz/problem/view/NOI12_forensic,,subtask,5,estimated,,adhoc.unclassified,adhoc.unclassified,via-dmoj-category,,,,,2026-09-19,2026-09-19
sgnoi-2012-modsum,Modsum,sgnoi,SGNOI 2012,2012,,oj.uz,https://oj.uz/problem/view/NOI12_modsum,,subtask,5,estimated,,adhoc.unclassified,adhoc.unclassified,via-dmoj-category,,,,,2026-09-19,2026-09-19
sgnoi-2012-pancake,Pancake,sgnoi,SGNOI 2012,2012,,oj.uz,https://oj.uz/problem/view/NOI12_pancake,,subtask,5,estimated,,adhoc.unclassified,adhoc.unclassified,via-dmoj-category,,,,,2026-09-19,2026-09-19
sgnoi-2012-walking,Walking,sgnoi,SGNOI 2012,2012,,oj.uz,https://oj.uz/problem/view/NOI12_walking,,subtask,5,estimated,,adhoc.unclassified,adhoc.unclassified,via-dmoj-category,,,,,2026-09-19,2026-09-19
sgnoi-2013-ferries,Ferries,sgnoi,SGNOI 2013,2013,,oj.uz,https://oj.uz/problem/view/NOI13_ferries,,subtask,5,estimated,,adhoc.unclassified,adhoc.unclassified,via-dmoj-category,,,,,2026-09-19,2026-09-19
sgnoi-2013-gw,Global Warming,sgnoi,SGNOI 2013,2013,,oj.uz,https://oj.uz/problem/view/NOI13_gw,,subtask,5,estimated,,adhoc.unclassified,adhoc.unclassified,via-dmoj-category,,,,,2026-09-19,2026-09-19
sgnoi-2014-cats,CATS,sgnoi,SGNOI 2014,2014,,oj.uz,https://oj.uz/problem/view/NOI14_cats,,subtask,5,estimated,,adhoc.unclassified,adhoc.unclassified,via-dmoj-category,,,,,2026-09-19,2026-09-19
sgnoi-2014-obelisk,OBELISK,sgnoi,SGNOI 2014,2014,,oj.uz,https://oj.uz/problem/view/NOI14_obelisk,,subtask,5,estimated,,adhoc.unclassified,adhoc.unclassified,via-dmoj-category,,,,,2026-09-19,2026-09-19
sgnoi-2014-orchard,Orchard,sgnoi,SGNOI 2014,2014,,oj.uz,https://oj.uz/problem/view/NOI14_orchard,,subtask,5,estimated,,adhoc.unclassified,adhoc.unclassified,via-dmoj-category,,,,,2026-09-19,2026-09-19
sgnoi-2014-sightseeing,Sightseeing,sgnoi,SGNOI 2014,2014,,oj.uz,https://oj.uz/problem/view/NOI14_sightseeing,,subtask,5,estimated,,adhoc.unclassified,adhoc.unclassified,via-dmoj-category,,,,,2026-09-19,2026-09-19
sgnoi-2017-bestplace,Best Place,sgnoi,SGNOI 2017,2017,,oj.uz,https://oj.uz/problem/view/NOI17_bestplace,,subtask,5,estimated,,adhoc.unclassified,adhoc.unclassified,via-dmoj-category,,,,,2026-09-19,2026-09-19
sgnoi-2017-hotspot,Hotspot,sgnoi,SGNOI 2017,2017,,oj.uz,https://oj.uz/problem/view/NOI17_hotspot,,subtask,5,estimated,,adhoc.unclassified,adhoc.unclassified,via-dmoj-category,,,,,2026-09-19,2026-09-19
sgnoi-2017-pokemonmaster,I want to be the very best too!,sgnoi,SGNOI 2017,2017,,oj.uz,https://oj.uz/problem/view/NOI17_pokemonmaster,,subtask,5,estimated,,adhoc.unclassified,adhoc.unclassified,via-dmoj-category,,,,,2026-09-19,2026-09-19
sgnoi-2017-rmq,RMQ,sgnoi,SGNOI 2017,2017,,oj.uz,https://oj.uz/problem/view/NOI17_rmq,,subtask,5,estimated,,adhoc.unclassified,adhoc.unclassified,via-dmoj-category,,,,,2026-09-19,2026-09-19
sgnoi-2017-roadsideadverts,Roadside Advertisements,sgnoi,SGNOI 2017,2017,,oj.uz,https://oj.uz/problem/view/NOI17_roadsideadverts,,subtask,5,estimated,,adhoc.unclassified,adhoc.unclassified,via-dmoj-category,,,,,2026-09-19,2026-09-19
sgnoi-2018-citymapping,City Mapping,sgnoi,SGNOI 2018,2018,,oj.uz,https://oj.uz/problem/view/NOI18_citymapping,,subtask,5,estimated,,adhoc.unclassified,adhoc.unclassified,via-dmoj-category,,,,,2026-09-19,2026-09-19
sgnoi-2018-collectmushrooms,Collecting Mushrooms,sgnoi,SGNOI 2018,2018,,oj.uz,https://oj.uz/problem/view/NOI18_collectmushrooms,,subtask,5,estimated,,adhoc.unclassified,adhoc.unclassified,via-dmoj-category,,,,,2026-09-19,2026-09-19
sgnoi-2018-island,Island,sgnoi,SGNOI 2018,2018,,oj.uz,https://oj.uz/problem/view/NOI18_island,,subtask,5,estimated,,adhoc.unclassified,adhoc.unclassified,via-dmoj-category,,,,,2026-09-19,2026-09-19
sgnoi-2018-journey,Journey,sgnoi,SGNOI 2018,2018,,oj.uz,https://oj.uz/problem/view/NOI18_journey,,subtask,5,estimated,,adhoc.unclassified,adhoc.unclassified,via-dmoj-category,,,,,2026-09-19,2026-09-19
sgnoi-2018-knapsack,Knapsack,sgnoi,SGNOI 2018,2018,,oj.uz,https://oj.uz/problem/view/NOI18_knapsack,,subtask,5,estimated,,dp.basics.knapsack,dp.basics.knapsack,via-usaco-guide,,,,,2026-09-19,2026-09-19
sgnoi-2018-lightningrod,Lightning Rod,sgnoi,SGNOI 2018,2018,,oj.uz,https://oj.uz/problem/view/NOI18_lightningrod,,subtask,5,estimated,,adhoc.unclassified,adhoc.unclassified,via-dmoj-category,,,,,2026-09-19,2026-09-19
sgnoi-2018-safety,Safety,sgnoi,SGNOI 2018,2018,,oj.uz,https://oj.uz/problem/view/NOI18_safety,,subtask,5,estimated,,dp.optimization.slope_trick,dp.optimization.slope_trick,via-usaco-guide,,,,,2026-09-19,2026-09-19
sgnoi-2018-snail,Snail,sgnoi,SGNOI 2018,2018,,oj.uz,https://oj.uz/problem/view/NOI18_snail,,subtask,5,estimated,,adhoc.unclassified,adhoc.unclassified,via-dmoj-category,,,,,2026-09-19,2026-09-19
sgnoi-2019-charges,Experimental Charges,sgnoi,SGNOI 2019,2019,,oj.uz,https://oj.uz/problem/view/NOI19_charges,,subtask,5,estimated,,adhoc.unclassified,adhoc.unclassified,via-dmoj-category,,,,,2026-09-19,2026-09-19
sgnoi-2019-feast,Feast,sgnoi,SGNOI 2019,2019,,oj.uz,https://oj.uz/problem/view/NOI19_feast,,subtask,5,estimated,,dp.optimization.aliens_trick,dp.optimization.aliens_trick,via-usaco-guide,,,,,2026-09-19,2026-09-19
sgnoi-2019-lasers,Lasers,sgnoi,SGNOI 2019,2019,,oj.uz,https://oj.uz/problem/view/NOI19_lasers,,subtask,5,estimated,,adhoc.unclassified,adhoc.unclassified,via-dmoj-category,,,,,2026-09-19,2026-09-19
sgnoi-2019-lostarray,Lost Array,sgnoi,SGNOI 2019,2019,,oj.uz,https://oj.uz/problem/view/NOI19_lostarray,,subtask,5,estimated,,adhoc.unclassified,adhoc.unclassified,via-dmoj-category,,,,,2026-09-19,2026-09-19
sgnoi-2019-palindrome,Palindromic FizzBuzz,sgnoi,SGNOI 2019,2019,,oj.uz,https://oj.uz/problem/view/NOI19_palindrome,,subtask,5,estimated,,strings.matching.kmp,strings.matching.kmp,via-usaco-guide,,,,,2026-09-19,2026-09-19
sgnoi-2019-pilot,Pilot,sgnoi,SGNOI 2019,2019,,oj.uz,https://oj.uz/problem/view/NOI19_pilot,,subtask,5,estimated,,adhoc.unclassified,adhoc.unclassified,via-dmoj-category,,,,,2026-09-19,2026-09-19
sgnoi-2019-riggedroads,Rigged Roads,sgnoi,SGNOI 2019,2019,,oj.uz,https://oj.uz/problem/view/NOI19_riggedroads,,subtask,5,estimated,,adhoc.unclassified,adhoc.unclassified,via-dmoj-category,,,,,2026-09-19,2026-09-19
sgnoi-2019-shuffle,Shuffle,sgnoi,SGNOI 2019,2019,,oj.uz,https://oj.uz/problem/view/NOI19_shuffle,,subtask,5,estimated,,adhoc.unclassified,adhoc.unclassified,via-dmoj-category,,,,,2026-09-19,2026-09-19
sgnoi-2019-squarerect,Square or Rectangle?,sgnoi,SGNOI 2019,2019,,oj.uz,https://oj.uz/problem/view/NOI19_squarerect,,subtask,5,estimated,,adhoc.unclassified,adhoc.unclassified,via-dmoj-category,,,,,2026-09-19,2026-09-19
sgnoi-2020-aesthetic,Aesthetic,sgnoi,SGNOI 2020,2020,,oj.uz,https://oj.uz/problem/view/NOI20_aesthetic,,subtask,5,estimated,,adhoc.unclassified,adhoc.unclassified,via-dmoj-category,,,,,2026-09-19,2026-09-19
sgnoi-2020-arcade,Arcade,sgnoi,SGNOI 2020,2020,,oj.uz,https://oj.uz/problem/view/NOI20_arcade,,subtask,5,estimated,,adhoc.unclassified,adhoc.unclassified,via-dmoj-category,,,,,2026-09-19,2026-09-19
sgnoi-2020-crypto,Cryptography,sgnoi,SGNOI 2020,2020,,oj.uz,https://oj.uz/problem/view/NOI20_crypto,,subtask,5,estimated,,adhoc.unclassified,adhoc.unclassified,via-dmoj-category,,,,,2026-09-19,2026-09-19
sgnoi-2020-discharging,Discharging,sgnoi,SGNOI 2020,2020,,oj.uz,https://oj.uz/problem/view/NOI20_discharging,,subtask,5,estimated,,adhoc.unclassified,adhoc.unclassified,via-dmoj-category,,,,,2026-09-19,2026-09-19
sgnoi-2020-firefighting,Firefighting,sgnoi,SGNOI 2020,2020,,oj.uz,https://oj.uz/problem/view/NOI20_firefighting,,subtask,5,estimated,,adhoc.unclassified,adhoc.unclassified,via-dmoj-category,,,,,2026-09-19,2026-09-19
sgnoi-2020-fuelstation,Fuel Station,sgnoi,SGNOI 2020,2020,,oj.uz,https://oj.uz/problem/view/NOI20_fuelstation,,subtask,5,estimated,,adhoc.unclassified,adhoc.unclassified,via-dmoj-category,,,,,2026-09-19,2026-09-19
sgnoi-2020-labels,Labels,sgnoi,SGNOI 2020,2020,,oj.uz,https://oj.uz/problem/view/NOI20_labels,,subtask,5,estimated,,adhoc.unclassified,adhoc.unclassified,via-dmoj-category,,,,,2026-09-19,2026-09-19
sgnoi-2020-mountains,Mountains,sgnoi,SGNOI 2020,2020,,oj.uz,https://oj.uz/problem/view/NOI20_mountains,,subtask,5,estimated,,adhoc.unclassified,adhoc.unclassified,via-dmoj-category,,,,,2026-09-19,2026-09-19
sgnoi-2020-progression,Progression,sgnoi,SGNOI 2020,2020,,oj.uz,https://oj.uz/problem/view/NOI20_progression,,subtask,5,estimated,,adhoc.unclassified,adhoc.unclassified,via-dmoj-category,,,,,2026-09-19,2026-09-19
sgnoi-2020-relaymarathon,Relay Marathon,sgnoi,SGNOI 2020,2020,,oj.uz,https://oj.uz/problem/view/NOI20_relaymarathon,,subtask,5,estimated,,adhoc.unclassified,adhoc.unclassified,via-dmoj-category,,,,,2026-09-19,2026-09-19
sgnoi-2020-solarstorm,Solar Storm,sgnoi,SGNOI 2020,2020,,oj.uz,https://oj.uz/problem/view/NOI20_solarstorm,,subtask,5,estimated,,adhoc.unclassified,adhoc.unclassified,via-dmoj-category,,,,,2026-09-19,2026-09-19
sgnoi-2020-visitingsingapore,Visiting Singapore,sgnoi,SGNOI 2020,2020,,oj.uz,https://oj.uz/problem/view/NOI20_visitingsingapore,,subtask,5,estimated,,adhoc.unclassified,adhoc.unclassified,via-dmoj-category,,,,,2026-09-19,2026-09-19
sgnoi-2022-fruits,Fruits,sgnoi,SGNOI 2022,2022,,oj.uz,https://oj.uz/problem/view/NOI22_fruits,,subtask,5,estimated,,adhoc.unclassified,adhoc.unclassified,via-dmoj-category,,,,,2026-09-19,2026-09-19
sgnoi-2022-grapevine,Grapevine,sgnoi,SGNOI 2022,2022,,oj.uz,https://oj.uz/problem/view/NOI22_grapevine,,subtask,5,estimated,,adhoc.unclassified,adhoc.unclassified,via-dmoj-category,,,,,2026-09-19,2026-09-19
sgnoi-2022-gymbadges,Gym Badges,sgnoi,SGNOI 2022,2022,,oj.uz,https://oj.uz/problem/view/NOI22_gymbadges,,subtask,5,estimated,,adhoc.unclassified,adhoc.unclassified,via-dmoj-category,,,,,2026-09-19,2026-09-19
sgnoi-2022-towers,Towers,sgnoi,SGNOI 2022,2022,,oj.uz,https://oj.uz/problem/view/NOI22_towers,,subtask,5,estimated,,adhoc.unclassified,adhoc.unclassified,via-dmoj-category,,,,,2026-09-19,2026-09-19
sgnoi-2022-votingcity,Voting Cities,sgnoi,SGNOI 2022,2022,,oj.uz,https://oj.uz/problem/view/NOI22_votingcity,,subtask,5,estimated,,adhoc.unclassified,adhoc.unclassified,via-dmoj-category,,,,,2026-09-19,2026-09-19
sgnoi-2023-airplane,Airplane,sgnoi,SGNOI 2023,2023,,oj.uz,https://oj.uz/problem/view/NOI23_airplane,,subtask,5,estimated,,adhoc.unclassified,adhoc.unclassified,via-dmoj-category,,,,,2026-09-19,2026-09-19
sgnoi-2023-area,Area,sgnoi,SGNOI 2023,2023,,oj.uz,https://oj.uz/problem/view/NOI23_area,,subtask,5,estimated,,adhoc.unclassified,adhoc.unclassified,via-dmoj-category,,,,,2026-09-19,2026-09-19
sgnoi-2023-burgers,Burgers,sgnoi,SGNOI 2023,2023,,oj.uz,https://oj.uz/problem/view/NOI23_burgers,,subtask,5,estimated,,adhoc.unclassified,adhoc.unclassified,via-dmoj-category,,,,,2026-09-19,2026-09-19
sgnoi-2023-curtains,Curtains,sgnoi,SGNOI 2023,2023,,oj.uz,https://oj.uz/problem/view/NOI23_curtains,,subtask,5,estimated,,adhoc.unclassified,adhoc.unclassified,via-dmoj-category,,,,,2026-09-19,2026-09-19
sgnoi-2023-dolls,Dolls,sgnoi,SGNOI 2023,2023,,oj.uz,https://oj.uz/problem/view/NOI23_dolls,,subtask,5,estimated,,adhoc.unclassified,adhoc.unclassified,via-dmoj-category,,,,,2026-09-19,2026-09-19
sgnoi-2023-inspections,Inspections,sgnoi,SGNOI 2023,2023,,oj.uz,https://oj.uz/problem/view/NOI23_inspections,,subtask,5,estimated,,adhoc.unclassified,adhoc.unclassified,via-dmoj-category,,,,,2026-09-19,2026-09-19
sgnoi-2023-network,Network,sgnoi,SGNOI 2023,2023,,oj.uz,https://oj.uz/problem/view/NOI23_network,,subtask,5,estimated,,adhoc.unclassified,adhoc.unclassified,via-dmoj-category,,,,,2026-09-19,2026-09-19
sgnoi-2023-swords,Swords,sgnoi,SGNOI 2023,2023,,oj.uz,https://oj.uz/problem/view/NOI23_swords,,subtask,5,estimated,,adhoc.unclassified,adhoc.unclassified,via-dmoj-category,,,,,2026-09-19,2026-09-19
sgnoi-2023-topical,Topical,sgnoi,SGNOI 2023,2023,,oj.uz,https://oj.uz/problem/view/NOI23_topical,,subtask,5,estimated,,adhoc.unclassified,adhoc.unclassified,via-dmoj-category,,,,,2026-09-19,2026-09-19
sgnoi-2023-toxic,Toxic Gene,sgnoi,SGNOI 2023,2023,,oj.uz,https://oj.uz/problem/view/NOI23_toxic,,subtask,5,estimated,,adhoc.unclassified,adhoc.unclassified,via-dmoj-category,,,,,2026-09-19,2026-09-19
sgnoi-2024-coin,Coin,sgnoi,SGNOI 2024,2024,,oj.uz,https://oj.uz/problem/view/NOI24_coin,,subtask,5,estimated,,adhoc.unclassified,adhoc.unclassified,via-dmoj-category,,,,,2026-09-19,2026-09-19
sgnoi-2024-explosives,Explosives,sgnoi,SGNOI 2024,2024,,oj.uz,https://oj.uz/problem/view/NOI24_explosives,,subtask,5,estimated,,adhoc.unclassified,adhoc.unclassified,via-dmoj-category,,,,,2026-09-19,2026-09-19
sgnoi-2024-field,Field,sgnoi,SGNOI 2024,2024,,oj.uz,https://oj.uz/problem/view/NOI24_field,,subtask,5,estimated,,adhoc.unclassified,adhoc.unclassified,via-dmoj-category,,,,,2026-09-19,2026-09-19
sgnoi-2024-park,Amusement Park,sgnoi,SGNOI 2024,2024,,oj.uz,https://oj.uz/problem/view/NOI24_park,,subtask,5,estimated,,data_structures.disjoint_set.dsu,data_structures.disjoint_set.dsu,via-usaco-guide,,,,,2026-09-19,2026-09-19
sgnoi-2024-party,Party,sgnoi,SGNOI 2024,2024,,oj.uz,https://oj.uz/problem/view/NOI24_party,,subtask,5,estimated,,adhoc.unclassified,adhoc.unclassified,via-dmoj-category,,,,,2026-09-19,2026-09-19
sgnoi-2024-photo,School Photo,sgnoi,SGNOI 2024,2024,,oj.uz,https://oj.uz/problem/view/NOI24_photo,,subtask,5,estimated,,adhoc.unclassified,adhoc.unclassified,via-dmoj-category,,,,,2026-09-19,2026-09-19
sgnoi-2024-problemsetter,Problem Setter,sgnoi,SGNOI 2024,2024,,oj.uz,https://oj.uz/problem/view/NOI24_problemsetter,,subtask,5,estimated,,adhoc.unclassified,adhoc.unclassified,via-dmoj-category,,,,,2026-09-19,2026-09-19
sgnoi-2024-shops,Shops,sgnoi,SGNOI 2024,2024,,oj.uz,https://oj.uz/problem/view/NOI24_shops,,subtask,5,estimated,,adhoc.unclassified,adhoc.unclassified,via-dmoj-category,,,,,2026-09-19,2026-09-19
sgnoi-2024-tourist,Tourist,sgnoi,SGNOI 2024,2024,,oj.uz,https://oj.uz/problem/view/NOI24_tourist,,subtask,5,estimated,,adhoc.unclassified,adhoc.unclassified,via-dmoj-category,,,,,2026-09-19,2026-09-19
sgnoi-2024-toxic,Toxic Gene 2,sgnoi,SGNOI 2024,2024,,oj.uz,https://oj.uz/problem/view/NOI24_toxic,,subtask,5,estimated,,adhoc.unclassified,adhoc.unclassified,via-dmoj-category,,,,,2026-09-19,2026-09-19
sgnoi-2025-duckbuttons,Ducks And Buttons,sgnoi,SGNOI 2025,2025,,oj.uz,https://oj.uz/problem/view/NOI25_duckbuttons,,subtask,5,estimated,,adhoc.unclassified,adhoc.unclassified,via-dmoj-category,,,,,2026-09-19,2026-09-19
sgnoi-2025-flooding,Flooding,sgnoi,SGNOI 2025,2025,,oj.uz,https://oj.uz/problem/view/NOI25_flooding,,subtask,5,estimated,,adhoc.unclassified,adhoc.unclassified,via-dmoj-category,,,,,2026-09-19,2026-09-19
sgnoi-2025-itinerary,Itinerary,sgnoi,SGNOI 2025,2025,,oj.uz,https://oj.uz/problem/view/NOI25_itinerary,,subtask,5,estimated,,adhoc.unclassified,adhoc.unclassified,via-dmoj-category,,,,,2026-09-19,2026-09-19
sgnoi-2025-lasers2,Lasers 2,sgnoi,SGNOI 2025,2025,,oj.uz,https://oj.uz/problem/view/NOI25_lasers2,,subtask,5,estimated,,adhoc.unclassified,adhoc.unclassified,via-dmoj-category,,,,,2026-09-19,2026-09-19
sgnoi-2025-monsters,Monsters,sgnoi,SGNOI 2025,2025,,oj.uz,https://oj.uz/problem/view/NOI25_monsters,,subtask,5,estimated,,adhoc.unclassified,adhoc.unclassified,via-dmoj-category,,,,,2026-09-19,2026-09-19
sgnoi-2025-reachability,Reachability,sgnoi,SGNOI 2025,2025,,oj.uz,https://oj.uz/problem/view/NOI25_reachability,,subtask,5,estimated,,adhoc.unclassified,adhoc.unclassified,via-dmoj-category,,,,,2026-09-19,2026-09-19
sgnoi-2025-robots,Robots,sgnoi,SGNOI 2025,2025,,oj.uz,https://oj.uz/problem/view/NOI25_robots,,subtask,5,estimated,,adhoc.unclassified,adhoc.unclassified,via-dmoj-category,,,,,2026-09-19,2026-09-19
sgnoi-2025-snacks,Snacks,sgnoi,SGNOI 2025,2025,,oj.uz,https://oj.uz/problem/view/NOI25_snacks,,subtask,5,estimated,,adhoc.unclassified,adhoc.unclassified,via-dmoj-category,,,,,2026-09-19,2026-09-19
sgnoi-2025-thumper,Thumper,sgnoi,SGNOI 2025,2025,,oj.uz,https://oj.uz/problem/view/NOI25_thumper,,subtask,5,estimated,,adhoc.unclassified,adhoc.unclassified,via-dmoj-category,,,,,2026-09-19,2026-09-19
sgnoi-2025-trainorbus,Train Or Bus,sgnoi,SGNOI 2025,2025,,oj.uz,https://oj.uz/problem/view/NOI25_trainorbus,,subtask,5,estimated,,adhoc.unclassified,adhoc.unclassified,via-dmoj-category,,,,,2026-09-19,2026-09-19
usaco-2014-dec-bronze-cowjog,Cow Jog,usaco,USACO 2014 December Bronze,2014,Bronze,usaco-official,https://www.usaco.org/index.php?page=viewproblem2&cpid=489,,standard,2,estimated,Bronze,adhoc.unclassified,adhoc.unclassified,via-dmoj-category,,,,,2026-09-19,2026-09-19
usaco-2014-dec-bronze-crosswords,Crosswords,usaco,USACO 2014 December Bronze,2014,Bronze,usaco-official,https://www.usaco.org/index.php?page=viewproblem2&cpid=488,,standard,2,estimated,Bronze,adhoc.unclassified,adhoc.unclassified,via-dmoj-category,,,,,2026-09-19,2026-09-19
usaco-2014-dec-bronze-learningbyexample,Learning by Example,usaco,USACO 2014 December Bronze,2014,Bronze,usaco-official,https://www.usaco.org/index.php?page=viewproblem2&cpid=490,,standard,2,estimated,Bronze,adhoc.simulation.sorting,adhoc.simulation.sorting,via-usaco-analysis,,,,,2026-09-19,2026-09-19
usaco-2014-dec-bronze-marathon,Marathon,usaco,USACO 2014 December Bronze,2014,Bronze,usaco-official,https://www.usaco.org/index.php?page=viewproblem2&cpid=487,,standard,2,estimated,Bronze,search.exhaustive.backtracking,search.exhaustive.backtracking,via-usaco-analysis,,,,,2026-09-19,2026-09-19
usaco-2014-dec-gold-cowjog,Cow Jog,usaco,USACO 2014 December Gold,2014,Gold,usaco-official,https://www.usaco.org/index.php?page=viewproblem2&cpid=496,,standard,6,estimated,Gold,dp.basics.lis,dp.basics.lis,via-usaco-guide,,,,,2026-09-19,2026-09-19
usaco-2014-dec-gold-guardmark,Guard Mark,usaco,USACO 2014 December Gold,2014,Gold,usaco-official,https://www.usaco.org/index.php?page=viewproblem2&cpid=494,,standard,6,estimated,Gold,dp.subset.subset_dp,dp.subset.subset_dp,via-usaco-guide,,,,,2026-09-19,2026-09-19
usaco-2014-dec-gold-marathon,Marathon,usaco,USACO 2014 December Gold,2014,Gold,usaco-official,https://www.usaco.org/index.php?page=viewproblem2&cpid=495,,standard,6,estimated,Gold,data_structures.range_query.segment_tree,data_structures.range_query.segment_tree,via-usaco-guide,,,,,2026-09-19,2026-09-19
usaco-2014-dec-silver-cowjog,Cow Jog,usaco,USACO 2014 December Silver,2014,Silver,usaco-official,https://www.usaco.org/index.php?page=viewproblem2&cpid=493,,standard,4,estimated,Silver,adhoc.unclassified,adhoc.unclassified,via-dmoj-category,,,,,2026-09-19,2026-09-19
usaco-2014-dec-silver-marathon,Marathon,usaco,USACO 2014 December Silver,2014,Silver,usaco-official,https://www.usaco.org/index.php?page=viewproblem2&cpid=492,,standard,4,estimated,Silver,search.exhaustive.backtracking,search.exhaustive.backtracking,via-usaco-analysis,,,,,2026-09-19,2026-09-19
usaco-2014-dec-silver-piggyback,Piggyback,usaco,USACO 2014 December Silver,2014,Silver,usaco-official,https://www.usaco.org/index.php?page=viewproblem2&cpid=491,,standard,4,estimated,Silver,graphs.traversal.bfs,graphs.traversal.bfs,via-usaco-guide,,,,,2026-09-19,2026-09-19
usaco-2015-dec-bronze-contaminatedmilk,Contaminated Milk,usaco,USACO 2015 December Bronze,2015,Bronze,usaco-official,https://www.usaco.org/index.php?page=viewproblem2&cpid=569,,standard,2,estimated,Bronze,search.exhaustive.backtracking,search.exhaustive.backtracking,via-usaco-guide,,,,,2026-09-19,2026-09-19
usaco-2015-dec-bronze-fencepainting,Fence Painting,usaco,USACO 2015 December Bronze,2015,Bronze,usaco-official,https://www.usaco.org/index.php?page=viewproblem2&cpid=567,,standard,2,estimated,Bronze,geometry.primitives.points,geometry.primitives.points,via-usaco-guide,,,,,2026-09-19,2026-09-19
usaco-2015-dec-bronze-speedingticket,Speeding Ticket,usaco,USACO 2015 December Bronze,2015,Bronze,usaco-official,https://www.usaco.org/index.php?page=viewproblem2&cpid=568,,standard,2,estimated,Bronze,adhoc.simulation.direct,adhoc.simulation.direct,via-usaco-guide,,,,,2026-09-19,2026-09-19
usaco-2015-dec-gold-bessiesdream,Bessie's Dream,usaco,USACO 2015 December Gold,2015,Gold,usaco-official,https://www.usaco.org/index.php?page=viewproblem2&cpid=575,,standard,6,estimated,Gold,graphs.traversal.bfs,graphs.traversal.bfs,via-usaco-guide,,,,,2026-09-19,2026-09-19
usaco-2015-dec-gold-fruitfeast,Fruit Feast,usaco,USACO 2015 December Gold,2015,Gold,usaco-official,https://www.usaco.org/index.php?page=viewproblem2&cpid=574,,standard,6,estimated,Gold,dp.basics.knapsack,dp.basics.knapsack,via-usaco-guide,,,,,2026-09-19,2026-09-19
usaco-2015-dec-gold-highcardlowcardgold,High Card Low Card (Gold),usaco,USACO 2015 December Gold,2015,Gold,usaco-official,https://www.usaco.org/index.php?page=viewproblem2&cpid=573,,standard,6,estimated,Gold,greedy.exchange.sorting_order,greedy.exchange.sorting_order,via-usaco-guide,,,,,2026-09-19,2026-09-19
usaco-2015-dec-platinum-countinghaybales,Counting Haybales,usaco,USACO 2015 December Platinum,2015,Platinum,usaco-official,https://www.usaco.org/index.php?page=viewproblem2&cpid=578,,standard,8,estimated,Platinum,data_structures.range_query.lazy_propagation,data_structures.range_query.lazy_propagation,via-usaco-guide,,,,,2026-09-19,2026-09-19
usaco-2015-dec-platinum-highcardlowcardplatinum,High Card Low Card (Platinum),usaco,USACO 2015 December Platinum,2015,Platinum,usaco-official,https://www.usaco.org/index.php?page=viewproblem2&cpid=577,,standard,8,estimated,Platinum,data_structures.range_query.segment_tree,data_structures.range_query.segment_tree,via-usaco-guide,,,,,2026-09-19,2026-09-19
usaco-2015-dec-platinum-maxflow,Max Flow,usaco,USACO 2015 December Platinum,2015,Platinum,usaco-official,https://www.usaco.org/index.php?page=viewproblem2&cpid=576,,standard,8,estimated,Platinum,trees.ancestors.binary_lifting,trees.ancestors.binary_lifting,via-usaco-guide,,,,,2026-09-19,2026-09-19
usaco-2015-dec-silver-breedcounting,Breed Counting,usaco,USACO 2015 December Silver,2015,Silver,usaco-official,https://www.usaco.org/index.php?page=viewproblem2&cpid=572,,standard,4,estimated,Silver,data_structures.static_range.prefix_sums,data_structures.static_range.prefix_sums,via-usaco-guide,,,,,2026-09-19,2026-09-19
usaco-2015-dec-silver-highcardwins,High Card Wins,usaco,USACO 2015 December Silver,2015,Silver,usaco-official,https://www.usaco.org/index.php?page=viewproblem2&cpid=571,,standard,4,estimated,Silver,greedy.exchange.sorting_order,greedy.exchange.sorting_order,via-usaco-guide,,,,,2026-09-19,2026-09-19
usaco-2015-dec-silver-switchingonthelights,Switching on the Lights,usaco,USACO 2015 December Silver,2015,Silver,usaco-official,https://www.usaco.org/index.php?page=viewproblem2&cpid=570,,standard,4,estimated,Silver,graphs.traversal.connectivity,graphs.traversal.connectivity,via-usaco-guide,,,,,2026-09-19,2026-09-19
usaco-2015-feb-bronze-censoringbronze,Censoring (Bronze),usaco,USACO 2015 February Bronze,2015,Bronze,usaco-official,https://www.usaco.org/index.php?page=viewproblem2&cpid=526,,standard,2,estimated,Bronze,adhoc.simulation.direct,adhoc.simulation.direct,via-usaco-guide,,,,,2026-09-19,2026-09-19
usaco-2015-feb-bronze-cow,COW,usaco,USACO 2015 February Bronze,2015,Bronze,usaco-official,https://www.usaco.org/index.php?page=viewproblem2&cpid=527,,standard,2,estimated,Bronze,adhoc.unclassified,adhoc.unclassified,via-dmoj-category,,,,,2026-09-19,2026-09-19
usaco-2015-feb-bronze-cowhopscotchbronze,Cow Hopscotch (Bronze),usaco,USACO 2015 February Bronze,2015,Bronze,usaco-official,https://www.usaco.org/index.php?page=viewproblem2&cpid=528,,standard,2,estimated,Bronze,search.exhaustive.backtracking,search.exhaustive.backtracking,via-usaco-analysis,,,,,2026-09-19,2026-09-19
usaco-2015-feb-gold-censoringgold,Censoring (Gold),usaco,USACO 2015 February Gold,2015,Gold,usaco-official,https://www.usaco.org/index.php?page=viewproblem2&cpid=533,,standard,6,estimated,Gold,strings.matching.kmp,strings.matching.kmp,via-usaco-guide,,,,,2026-09-19,2026-09-19
usaco-2015-feb-gold-cowhopscotchgold,Cow Hopscotch (Gold),usaco,USACO 2015 February Gold,2015,Gold,usaco-official,https://www.usaco.org/index.php?page=viewproblem2&cpid=532,,standard,6,estimated,Gold,data_structures.range_query.segment_tree,data_structures.range_query.segment_tree,via-usaco-guide,,,,,2026-09-19,2026-09-19
usaco-2015-feb-gold-fencingtheherd,Fencing the Herd,usaco,USACO 2015 February Gold,2015,Gold,usaco-official,https://www.usaco.org/index.php?page=viewproblem2&cpid=534,,standard,6,estimated,Gold,data_structures.sqrt.sqrt_decomposition,data_structures.sqrt.sqrt_decomposition,via-usaco-guide,,,,,2026-09-19,2026-09-19
usaco-2015-feb-silver-censoringsilver,Censoring (Silver),usaco,USACO 2015 February Silver,2015,Silver,usaco-official,https://www.usaco.org/index.php?page=viewproblem2&cpid=529,,standard,4,estimated,Silver,strings.hashing.polynomial_hash,strings.hashing.polynomial_hash,via-usaco-guide,,,,,2026-09-19,2026-09-19
usaco-2015-feb-silver-cowhopscotchsilver,Cow Hopscotch (Silver),usaco,USACO 2015 February Silver,2015,Silver,usaco-official,https://www.usaco.org/index.php?page=viewproblem2&cpid=530,,standard,4,estimated,Silver,search.exhaustive.backtracking,search.exhaustive.backtracking,via-usaco-analysis,,,,,2026-09-19,2026-09-19
usaco-2015-feb-silver-superbull,Superbull,usaco,USACO 2015 February Silver,2015,Silver,usaco-official,https://www.usaco.org/index.php?page=viewproblem2&cpid=531,,standard,4,estimated,Silver,graphs.spanning.mst,graphs.spanning.mst,via-usaco-guide,,,,,2026-09-19,2026-09-19
usaco-2015-jan-bronze-cowrouting,Cow Routing,usaco,USACO 2015 January Bronze,2015,Bronze,usaco-official,https://www.usaco.org/index.php?page=viewproblem2&cpid=507,,standard,2,estimated,Bronze,adhoc.unclassified,adhoc.unclassified,via-dmoj-category,,,,,2026-09-19,2026-09-19
usaco-2015-jan-bronze-cowroutingii,Cow Routing II,usaco,USACO 2015 January Bronze,2015,Bronze,usaco-official,https://www.usaco.org/index.php?page=viewproblem2&cpid=508,,standard,2,estimated,Bronze,data_structures.range_query.fenwick,data_structures.range_query.fenwick,via-usaco-analysis,,,,,2026-09-19,2026-09-19
usaco-2015-jan-bronze-itsallaboutthebase,It's All About the Base,usaco,USACO 2015 January Bronze,2015,Bronze,usaco-official,https://www.usaco.org/index.php?page=viewproblem2&cpid=509,,standard,2,estimated,Bronze,data_structures.linear.hash_map,data_structures.linear.hash_map,via-usaco-guide,,,,,2026-09-19,2026-09-19
usaco-2015-jan-bronze-meetingtime,Meeting Time,usaco,USACO 2015 January Bronze,2015,Bronze,usaco-official,https://www.usaco.org/index.php?page=viewproblem2&cpid=510,,standard,2,estimated,Bronze,graphs.traversal.dfs,graphs.traversal.dfs,via-usaco-analysis,,,,,2026-09-19,2026-09-19
usaco-2015-jan-gold-cowrectangles,Cow Rectangles,usaco,USACO 2015 January Gold,2015,Gold,usaco-official,https://www.usaco.org/index.php?page=viewproblem2&cpid=514,,standard,6,estimated,Gold,geometry.sweep.line_sweep,geometry.sweep.line_sweep,via-usaco-analysis,,,,,2026-09-19,2026-09-19
usaco-2015-jan-gold-grasscownoisseur,Grass Cownoisseur,usaco,USACO 2015 January Gold,2015,Gold,usaco-official,https://www.usaco.org/index.php?page=viewproblem2&cpid=516,,standard,6,estimated,Gold,graphs.components.scc_tarjan,graphs.components.scc_tarjan,via-usaco-guide,,,,,2026-09-19,2026-09-19
usaco-2015-jan-gold-mooviemooving,Moovie Mooving,usaco,USACO 2015 January Gold,2015,Gold,usaco-official,https://www.usaco.org/index.php?page=viewproblem2&cpid=515,,standard,6,estimated,Gold,dp.subset.subset_dp,dp.subset.subset_dp,via-usaco-guide,,,,,2026-09-19,2026-09-19
usaco-2015-jan-silver-cowrouting,Cow Routing,usaco,USACO 2015 January Silver,2015,Silver,usaco-official,https://www.usaco.org/index.php?page=viewproblem2&cpid=512,,standard,4,estimated,Silver,data_structures.linear.heap,data_structures.linear.heap,via-usaco-analysis,,,,,2026-09-19,2026-09-19
usaco-2015-jan-silver-meetingtime,Meeting Time,usaco,USACO 2015 January Silver,2015,Silver,usaco-official,https://www.usaco.org/index.php?page=viewproblem2&cpid=513,,standard,4,estimated,Silver,search.exhaustive.backtracking,search.exhaustive.backtracking,via-usaco-analysis,,,,,2026-09-19,2026-09-19
usaco-2015-jan-silver-stampede,Stampede,usaco,USACO 2015 January Silver,2015,Silver,usaco-official,https://www.usaco.org/index.php?page=viewproblem2&cpid=511,,standard,4,estimated,Silver,geometry.sweep.line_sweep,geometry.sweep.line_sweep,via-usaco-analysis,,,,,2026-09-19,2026-09-19
usaco-2015-open-bronze-bessiegetseven,Bessie Gets Even,usaco,USACO 2015 US Open Bronze,2015,Bronze,usaco-official,https://www.usaco.org/index.php?page=viewproblem2&cpid=546,,standard,2,estimated,Bronze,search.exhaustive.backtracking,search.exhaustive.backtracking,via-usaco-analysis,,,,,2026-09-19,2026-09-19
usaco-2015-open-bronze-moocryption,Moocryption,usaco,USACO 2015 US Open Bronze,2015,Bronze,usaco-official,https://www.usaco.org/index.php?page=viewproblem2&cpid=545,,standard,2,estimated,Bronze,search.exhaustive.backtracking,search.exhaustive.backtracking,via-usaco-analysis,,,,,2026-09-19,2026-09-19
usaco-2015-open-bronze-palindromicpathsbronze,Palindromic Paths (Bronze),usaco,USACO 2015 US Open Bronze,2015,Bronze,usaco-official,https://www.usaco.org/index.php?page=viewproblem2&cpid=548,,standard,2,estimated,Bronze,graphs.traversal.dfs,graphs.traversal.dfs,via-usaco-analysis,,,,,2026-09-19,2026-09-19
usaco-2015-open-bronze-trappedinthehaybalesbronze,Trapped in the Haybales (Bronze),usaco,USACO 2015 US Open Bronze,2015,Bronze,usaco-official,https://www.usaco.org/index.php?page=viewproblem2&cpid=547,,standard,2,estimated,Bronze,adhoc.simulation.direct,adhoc.simulation.direct,via-usaco-analysis,,,,,2026-09-19,2026-09-19
usaco-2015-open-gold-googol,Googol,usaco,USACO 2015 US Open Gold,2015,Gold,usaco-official,https://www.usaco.org/index.php?page=viewproblem2&cpid=552,,standard,6,estimated,Gold,adhoc.simulation.sorting,adhoc.simulation.sorting,via-usaco-analysis,,,,,2026-09-19,2026-09-19
usaco-2015-open-gold-palindromicpaths,Palindromic Paths,usaco,USACO 2015 US Open Gold,2015,Gold,usaco-official,https://www.usaco.org/index.php?page=viewproblem2&cpid=553,,standard,6,estimated,Gold,dp.basics.grid,dp.basics.grid,via-usaco-guide,,,,,2026-09-19,2026-09-19
usaco-2015-open-gold-trappedinthehaybalesgold,Trapped in the Haybales (Gold),usaco,USACO 2015 US Open Gold,2015,Gold,usaco-official,https://www.usaco.org/index.php?page=viewproblem2&cpid=554,,standard,6,estimated,Gold,adhoc.simulation.sorting,adhoc.simulation.sorting,via-usaco-analysis,,,,,2026-09-19,2026-09-19
usaco-2015-open-silver-bessiegoesmoo,Bessie Goes Moo,usaco,USACO 2015 US Open Silver,2015,Silver,usaco-official,https://www.usaco.org/index.php?page=viewproblem2&cpid=549,,standard,4,estimated,Silver,search.exhaustive.backtracking,search.exhaustive.backtracking,via-usaco-analysis,,,,,2026-09-19,2026-09-19
usaco-2015-open-silver-bessiesbirthdaybuffet,Bessie's Birthday Buffet,usaco,USACO 2015 US Open Silver,2015,Silver,usaco-official,https://www.usaco.org/index.php?page=viewproblem2&cpid=551,,standard,4,estimated,Silver,adhoc.simulation.sorting,adhoc.simulation.sorting,via-usaco-analysis,,,,,2026-09-19,2026-09-19
usaco-2015-open-silver-trappedinthehaybalessilver,Trapped in the Haybales (Silver),usaco,USACO 2015 US Open Silver,2015,Silver,usaco-official,https://www.usaco.org/index.php?page=viewproblem2&cpid=550,,standard,4,estimated,Silver,adhoc.simulation.direct,adhoc.simulation.direct,via-usaco-analysis,,,,,2026-09-19,2026-09-19
usaco-2016-dec-bronze-blockgame,Block Game,usaco,USACO 2016 December Bronze,2016,Bronze,usaco-official,https://www.usaco.org/index.php?page=viewproblem2&cpid=664,,standard,2,estimated,Bronze,adhoc.simulation.direct,adhoc.simulation.direct,via-usaco-guide,,,,,2026-09-19,2026-09-19
usaco-2016-dec-bronze-squarepasture,Square Pasture,usaco,USACO 2016 December Bronze,2016,Bronze,usaco-official,https://www.usaco.org/index.php?page=viewproblem2&cpid=663,,standard,2,estimated,Bronze,geometry.primitives.points,geometry.primitives.points,via-usaco-guide,,,,,2026-09-19,2026-09-19
usaco-2016-dec-bronze-thecowsignal,The Cow-Signal,usaco,USACO 2016 December Bronze,2016,Bronze,usaco-official,https://www.usaco.org/index.php?page=viewproblem2&cpid=665,,standard,2,estimated,Bronze,adhoc.simulation.direct,adhoc.simulation.direct,via-usaco-guide,,,,,2026-09-19,2026-09-19
usaco-2016-dec-gold-cowchecklist,Cow Checklist,usaco,USACO 2016 December Gold,2016,Gold,usaco-official,https://www.usaco.org/index.php?page=viewproblem2&cpid=670,,standard,6,estimated,Gold,dp.basics.grid,dp.basics.grid,via-usaco-guide,,,,,2026-09-19,2026-09-19
usaco-2016-dec-gold-lasersandmirrors,Lasers and Mirrors,usaco,USACO 2016 December Gold,2016,Gold,usaco-official,https://www.usaco.org/index.php?page=viewproblem2&cpid=671,,standard,6,estimated,Gold,graphs.traversal.bfs,graphs.traversal.bfs,via-usaco-guide,,,,,2026-09-19,2026-09-19
usaco-2016-dec-gold-moocast,Moocast,usaco,USACO 2016 December Gold,2016,Gold,usaco-official,https://www.usaco.org/index.php?page=viewproblem2&cpid=669,,standard,6,estimated,Gold,graphs.traversal.dfs,graphs.traversal.dfs,via-usaco-guide,,,,,2026-09-19,2026-09-19
usaco-2016-dec-platinum-lotsoftriangles,Lots of Triangles,usaco,USACO 2016 December Platinum,2016,Platinum,usaco-official,https://www.usaco.org/index.php?page=viewproblem2&cpid=672,,standard,8,estimated,Platinum,bitwise.techniques.bitset_optimization,bitwise.techniques.bitset_optimization,via-usaco-guide,,,,,2026-09-19,2026-09-19
usaco-2016-dec-platinum-roboticcowherd,Robotic Cow Herd,usaco,USACO 2016 December Platinum,2016,Platinum,usaco-official,https://www.usaco.org/index.php?page=viewproblem2&cpid=674,,standard,8,estimated,Platinum,data_structures.range_query.persistent,data_structures.range_query.persistent,via-usaco-analysis,,,,,2026-09-19,2026-09-19
usaco-2016-dec-platinum-teambuilding,Team Building,usaco,USACO 2016 December Platinum,2016,Platinum,usaco-official,https://www.usaco.org/index.php?page=viewproblem2&cpid=673,,standard,8,estimated,Platinum,dp.basics.linear,dp.basics.linear,via-usaco-guide,,,,,2026-09-19,2026-09-19
usaco-2016-dec-silver-citiesandstates,Cities and States,usaco,USACO 2016 December Silver,2016,Silver,usaco-official,https://www.usaco.org/index.php?page=viewproblem2&cpid=667,,standard,4,estimated,Silver,data_structures.linear.hash_map,data_structures.linear.hash_map,via-usaco-guide,,,,,2026-09-19,2026-09-19
usaco-2016-dec-silver-countinghaybales,Counting Haybales,usaco,USACO 2016 December Silver,2016,Silver,usaco-official,https://www.usaco.org/index.php?page=viewproblem2&cpid=666,,standard,4,estimated,Silver,search.binary_search.on_answer,search.binary_search.on_answer,via-usaco-guide,,,,,2026-09-19,2026-09-19
usaco-2016-dec-silver-moocast,Moocast,usaco,USACO 2016 December Silver,2016,Silver,usaco-official,https://www.usaco.org/index.php?page=viewproblem2&cpid=668,,standard,4,estimated,Silver,graphs.traversal.dfs,graphs.traversal.dfs,via-usaco-guide,,,,,2026-09-19,2026-09-19
usaco-2016-feb-bronze-circularbarn,Circular Barn,usaco,USACO 2016 February Bronze,2016,Bronze,usaco-official,https://www.usaco.org/index.php?page=viewproblem2&cpid=616,,standard,2,estimated,Bronze,adhoc.simulation.direct,adhoc.simulation.direct,via-usaco-guide,,,,,2026-09-19,2026-09-19
usaco-2016-feb-bronze-loadbalancing,Load Balancing,usaco,USACO 2016 February Bronze,2016,Bronze,usaco-official,https://www.usaco.org/index.php?page=viewproblem2&cpid=617,,standard,2,estimated,Bronze,search.exhaustive.backtracking,search.exhaustive.backtracking,via-usaco-guide,,,,,2026-09-19,2026-09-19
usaco-2016-feb-bronze-milkpails,Milk Pails,usaco,USACO 2016 February Bronze,2016,Bronze,usaco-official,https://www.usaco.org/index.php?page=viewproblem2&cpid=615,,standard,2,estimated,Bronze,search.exhaustive.backtracking,search.exhaustive.backtracking,via-usaco-guide,,,,,2026-09-19,2026-09-19
usaco-2016-feb-gold-circularbarn,Circular Barn,usaco,USACO 2016 February Gold,2016,Gold,usaco-official,https://www.usaco.org/index.php?page=viewproblem2&cpid=621,,standard,6,estimated,Gold,adhoc.unclassified,adhoc.unclassified,via-dmoj-category,,,,,2026-09-19,2026-09-19
usaco-2016-feb-gold-circularbarnrevisited,Circular Barn Revisited,usaco,USACO 2016 February Gold,2016,Gold,usaco-official,https://www.usaco.org/index.php?page=viewproblem2&cpid=622,,standard,6,estimated,Gold,dp.basics.linear,dp.basics.linear,via-usaco-guide,,,,,2026-09-19,2026-09-19
usaco-2016-feb-gold-fencedin,Fenced In,usaco,USACO 2016 February Gold,2016,Gold,usaco-official,https://www.usaco.org/index.php?page=viewproblem2&cpid=623,,standard,6,estimated,Gold,graphs.spanning.mst,graphs.spanning.mst,via-usaco-guide,,,,,2026-09-19,2026-09-19
usaco-2016-feb-platinum-circularbarn,Circular Barn,usaco,USACO 2016 February Platinum,2016,Platinum,usaco-official,https://www.usaco.org/index.php?page=viewproblem2&cpid=626,,standard,8,estimated,Platinum,dp.optimization.convex_hull_trick,dp.optimization.convex_hull_trick,via-usaco-guide,,,,,2026-09-19,2026-09-19
usaco-2016-feb-platinum-fencedin,Fenced In,usaco,USACO 2016 February Platinum,2016,Platinum,usaco-official,https://www.usaco.org/index.php?page=viewproblem2&cpid=625,,standard,8,estimated,Platinum,graphs.spanning.mst,graphs.spanning.mst,via-usaco-guide,,,,,2026-09-19,2026-09-19
usaco-2016-feb-platinum-loadbalancing,Load Balancing,usaco,USACO 2016 February Platinum,2016,Platinum,usaco-official,https://www.usaco.org/index.php?page=viewproblem2&cpid=624,,standard,8,estimated,Platinum,data_structures.range_query.segment_tree,data_structures.range_query.segment_tree,via-usaco-guide,,,,,2026-09-19,2026-09-19
usaco-2016-feb-silver-circularbarn,Circular Barn,usaco,USACO 2016 February Silver,2016,Silver,usaco-official,https://www.usaco.org/index.php?page=viewproblem2&cpid=618,,standard,4,estimated,Silver,adhoc.unclassified,adhoc.unclassified,via-dmoj-category,,,,,2026-09-19,2026-09-19
usaco-2016-feb-silver-loadbalancing,Load Balancing,usaco,USACO 2016 February Silver,2016,Silver,usaco-official,https://www.usaco.org/index.php?page=viewproblem2&cpid=619,,standard,4,estimated,Silver,search.exhaustive.backtracking,search.exhaustive.backtracking,via-usaco-guide,,,,,2026-09-19,2026-09-19
usaco-2016-feb-silver-milkpails,Milk Pails,usaco,USACO 2016 February Silver,2016,Silver,usaco-official,https://www.usaco.org/index.php?page=viewproblem2&cpid=620,,standard,4,estimated,Silver,graphs.traversal.connectivity,graphs.traversal.connectivity,via-usaco-guide,,,,,2026-09-19,2026-09-19
usaco-2016-jan-bronze-angrycows,Angry Cows,usaco,USACO 2016 January Bronze,2016,Bronze,usaco-official,https://www.usaco.org/index.php?page=viewproblem2&cpid=592,,standard,2,estimated,Bronze,adhoc.simulation.sorting,adhoc.simulation.sorting,via-usaco-guide,,,,,2026-09-19,2026-09-19
usaco-2016-jan-bronze-mowingthefield,Mowing the Field,usaco,USACO 2016 January Bronze,2016,Bronze,usaco-official,https://www.usaco.org/index.php?page=viewproblem2&cpid=593,,standard,2,estimated,Bronze,adhoc.simulation.direct,adhoc.simulation.direct,via-usaco-guide,,,,,2026-09-19,2026-09-19
usaco-2016-jan-bronze-promotioncounting,Promotion Counting,usaco,USACO 2016 January Bronze,2016,Bronze,usaco-official,https://www.usaco.org/index.php?page=viewproblem2&cpid=591,,standard,2,estimated,Bronze,adhoc.unclassified,adhoc.unclassified,via-dmoj-category,,,,,2026-09-19,2026-09-19
usaco-2016-jan-gold-angrycows,Angry Cows,usaco,USACO 2016 January Gold,2016,Gold,usaco-official,https://www.usaco.org/index.php?page=viewproblem2&cpid=597,,standard,6,estimated,Gold,search.binary_search.on_answer,search.binary_search.on_answer,via-usaco-guide,,,,,2026-09-19,2026-09-19
usaco-2016-jan-gold-lightsout,Lights Out,usaco,USACO 2016 January Gold,2016,Gold,usaco-official,https://www.usaco.org/index.php?page=viewproblem2&cpid=599,,standard,6,estimated,Gold,strings.hashing.polynomial_hash,strings.hashing.polynomial_hash,via-usaco-guide,,,,,2026-09-19,2026-09-19
usaco-2016-jan-gold-radiocontact,Radio Contact,usaco,USACO 2016 January Gold,2016,Gold,usaco-official,https://www.usaco.org/index.php?page=viewproblem2&cpid=598,,standard,6,estimated,Gold,dp.basics.grid,dp.basics.grid,via-usaco-guide,,,,,2026-09-19,2026-09-19
usaco-2016-jan-platinum-fortmoo,Fort Moo,usaco,USACO 2016 January Platinum,2016,Platinum,usaco-official,https://www.usaco.org/index.php?page=viewproblem2&cpid=600,,standard,8,estimated,Platinum,data_structures.linear.sliding_window,data_structures.linear.sliding_window,via-usaco-guide,,,,,2026-09-19,2026-09-19
usaco-2016-jan-platinum-lightsout,Lights Out,usaco,USACO 2016 January Platinum,2016,Platinum,usaco-official,https://www.usaco.org/index.php?page=viewproblem2&cpid=602,,standard,8,estimated,Platinum,adhoc.unclassified,adhoc.unclassified,via-dmoj-category,,,,,2026-09-19,2026-09-19
usaco-2016-jan-platinum-mowingthefield,Mowing the Field,usaco,USACO 2016 January Platinum,2016,Platinum,usaco-official,https://www.usaco.org/index.php?page=viewproblem2&cpid=601,,standard,8,estimated,Platinum,data_structures.range_query.fenwick,data_structures.range_query.fenwick,via-usaco-guide,,,,,2026-09-19,2026-09-19
usaco-2016-jan-silver-angrycows,Angry Cows,usaco,USACO 2016 January Silver,2016,Silver,usaco-official,https://www.usaco.org/index.php?page=viewproblem2&cpid=594,,standard,4,estimated,Silver,search.binary_search.on_answer,search.binary_search.on_answer,via-usaco-guide,,,,,2026-09-19,2026-09-19
usaco-2016-jan-silver-buildgates,Build Gates,usaco,USACO 2016 January Silver,2016,Silver,usaco-official,https://www.usaco.org/index.php?page=viewproblem2&cpid=596,,standard,4,estimated,Silver,graphs.traversal.connectivity,graphs.traversal.connectivity,via-usaco-guide,,,,,2026-09-19,2026-09-19
usaco-2016-jan-silver-subsequencessummingtosevens,Subsequences Summing to Sevens,usaco,USACO 2016 January Silver,2016,Silver,usaco-official,https://www.usaco.org/index.php?page=viewproblem2&cpid=595,,standard,4,estimated,Silver,data_structures.static_range.prefix_sums,data_structures.static_range.prefix_sums,via-usaco-guide,,,,,2026-09-19,2026-09-19
usaco-2016-open-bronze-bullinachinashop,Bull in a China Shop,usaco,USACO 2016 US Open Bronze,2016,Bronze,usaco-official,https://www.usaco.org/index.php?page=viewproblem2&cpid=640,,standard,2,estimated,Bronze,search.exhaustive.backtracking,search.exhaustive.backtracking,via-usaco-guide,,,,,2026-09-19,2026-09-19
usaco-2016-open-bronze-diamondcollector,Diamond Collector,usaco,USACO 2016 US Open Bronze,2016,Bronze,usaco-official,https://www.usaco.org/index.php?page=viewproblem2&cpid=639,,standard,2,estimated,Bronze,search.exhaustive.backtracking,search.exhaustive.backtracking,via-usaco-guide,,,,,2026-09-19,2026-09-19
usaco-2016-open-bronze-fieldreduction,Field Reduction,usaco,USACO 2016 US Open Bronze,2016,Bronze,usaco-official,https://www.usaco.org/index.php?page=viewproblem2&cpid=641,,standard,2,estimated,Bronze,adhoc.unclassified,adhoc.unclassified,via-dmoj-category,,,,,2026-09-19,2026-09-19
usaco-2016-open-gold-248,248,usaco,USACO 2016 US Open Gold,2016,Gold,usaco-official,https://www.usaco.org/index.php?page=viewproblem2&cpid=647,,standard,6,estimated,Gold,dp.basics.interval,dp.basics.interval,via-usaco-guide,,,,,2026-09-19,2026-09-19
usaco-2016-open-gold-closingthefarm,Closing the Farm,usaco,USACO 2016 US Open Gold,2016,Gold,usaco-official,https://www.usaco.org/index.php?page=viewproblem2&cpid=646,,standard,6,estimated,Gold,data_structures.disjoint_set.dsu,data_structures.disjoint_set.dsu,via-usaco-guide,,,,,2026-09-19,2026-09-19
usaco-2016-open-gold-splittingthefield,Splitting the Field,usaco,USACO 2016 US Open Gold,2016,Gold,usaco-official,https://www.usaco.org/index.php?page=viewproblem2&cpid=645,,standard,6,estimated,Gold,greedy.exchange.sorting_order,greedy.exchange.sorting_order,via-usaco-guide,,,,,2026-09-19,2026-09-19
usaco-2016-open-platinum-262144,262144,usaco,USACO 2016 US Open Platinum,2016,Platinum,usaco-official,https://www.usaco.org/index.php?page=viewproblem2&cpid=648,,standard,8,estimated,Platinum,trees.ancestors.binary_lifting,trees.ancestors.binary_lifting,via-usaco-guide,,,,,2026-09-19,2026-09-19
usaco-2016-open-platinum-bullinachinashop,Bull in a China Shop,usaco,USACO 2016 US Open Platinum,2016,Platinum,usaco-official,https://www.usaco.org/index.php?page=viewproblem2&cpid=649,,standard,8,estimated,Platinum,data_structures.range_query.fenwick,data_structures.range_query.fenwick,via-usaco-analysis,,,,,2026-09-19,2026-09-19
usaco-2016-open-platinum-landscaping,Landscaping,usaco,USACO 2016 US Open Platinum,2016,Platinum,usaco-official,https://www.usaco.org/index.php?page=viewproblem2&cpid=650,,standard,8,estimated,Platinum,dp.optimization.slope_trick,dp.optimization.slope_trick,via-usaco-guide,,,,,2026-09-19,2026-09-19
usaco-2016-open-silver-closingthefarm,Closing the Farm,usaco,USACO 2016 US Open Silver,2016,Silver,usaco-official,https://www.usaco.org/index.php?page=viewproblem2&cpid=644,,standard,4,estimated,Silver,graphs.traversal.dfs,graphs.traversal.dfs,via-usaco-guide,,,,,2026-09-19,2026-09-19
usaco-2016-open-silver-diamondcollector,Diamond Collector,usaco,USACO 2016 US Open Silver,2016,Silver,usaco-official,https://www.usaco.org/index.php?page=viewproblem2&cpid=643,,standard,4,estimated,Silver,data_structures.linear.sliding_window,data_structures.linear.sliding_window,via-usaco-guide,,,,,2026-09-19,2026-09-19
usaco-2016-open-silver-fieldreduction,Field Reduction,usaco,USACO 2016 US Open Silver,2016,Silver,usaco-official,https://www.usaco.org/index.php?page=viewproblem2&cpid=642,,standard,4,estimated,Silver,geometry.primitives.points,geometry.primitives.points,via-usaco-guide,,,,,2026-09-19,2026-09-19
usaco-2017-dec-bronze-blockedbillboard,Blocked Billboard,usaco,USACO 2017 December Bronze,2017,Bronze,usaco-official,https://www.usaco.org/index.php?page=viewproblem2&cpid=759,,standard,2,estimated,Bronze,geometry.primitives.points,geometry.primitives.points,via-usaco-guide,,,,,2026-09-19,2026-09-19
usaco-2017-dec-bronze-milkmeasurement,Milk Measurement,usaco,USACO 2017 December Bronze,2017,Bronze,usaco-official,https://www.usaco.org/index.php?page=viewproblem2&cpid=761,,standard,2,estimated,Bronze,adhoc.simulation.direct,adhoc.simulation.direct,via-usaco-guide,,,,,2026-09-19,2026-09-19
usaco-2017-dec-bronze-thebovineshuffle,The Bovine Shuffle,usaco,USACO 2017 December Bronze,2017,Bronze,usaco-official,https://www.usaco.org/index.php?page=viewproblem2&cpid=760,,standard,2,estimated,Bronze,adhoc.simulation.direct,adhoc.simulation.direct,via-usaco-guide,,,,,2026-09-19,2026-09-19
usaco-2017-dec-gold-apieforapie,A Pie for a Pie,usaco,USACO 2017 December Gold,2017,Gold,usaco-official,https://www.usaco.org/index.php?page=viewproblem2&cpid=765,,standard,6,estimated,Gold,graphs.traversal.bfs,graphs.traversal.bfs,via-usaco-guide,,,,,2026-09-19,2026-09-19
usaco-2017-dec-gold-barnpainting,Barn Painting,usaco,USACO 2017 December Gold,2017,Gold,usaco-official,https://www.usaco.org/index.php?page=viewproblem2&cpid=766,,standard,6,estimated,Gold,dp.tree.subtree_dp,dp.tree.subtree_dp,via-usaco-guide,,,,,2026-09-19,2026-09-19
usaco-2017-dec-gold-haybalefeast,Haybale Feast,usaco,USACO 2017 December Gold,2017,Gold,usaco-official,https://www.usaco.org/index.php?page=viewproblem2&cpid=767,,standard,6,estimated,Gold,data_structures.linear.sliding_window,data_structures.linear.sliding_window,via-usaco-guide,,,,,2026-09-19,2026-09-19
usaco-2017-dec-platinum-greedygifttakers,Greedy Gift Takers,usaco,USACO 2017 December Platinum,2017,Platinum,usaco-official,https://www.usaco.org/index.php?page=viewproblem2&cpid=770,,standard,8,estimated,Platinum,search.binary_search.on_answer,search.binary_search.on_answer,via-usaco-analysis,,,,,2026-09-19,2026-09-19
usaco-2017-dec-platinum-pushabox,Push a Box,usaco,USACO 2017 December Platinum,2017,Platinum,usaco-official,https://www.usaco.org/index.php?page=viewproblem2&cpid=769,,standard,8,estimated,Platinum,graphs.components.biconnected,graphs.components.biconnected,via-usaco-guide,,,,,2026-09-19,2026-09-19
usaco-2017-dec-platinum-standingoutfromtheherd,Standing Out from the Herd,usaco,USACO 2017 December Platinum,2017,Platinum,usaco-official,https://www.usaco.org/index.php?page=viewproblem2&cpid=768,,standard,8,estimated,Platinum,strings.suffix_structures.suffix_array,strings.suffix_structures.suffix_array,via-usaco-guide,,,,,2026-09-19,2026-09-19
usaco-2017-dec-silver-milkmeasurement,Milk Measurement,usaco,USACO 2017 December Silver,2017,Silver,usaco-official,https://www.usaco.org/index.php?page=viewproblem2&cpid=763,,standard,4,estimated,Silver,data_structures.linear.heap,data_structures.linear.heap,via-usaco-guide,,,,,2026-09-19,2026-09-19
usaco-2017-dec-silver-mycowatemyhomework,My Cow Ate My Homework,usaco,USACO 2017 December Silver,2017,Silver,usaco-official,https://www.usaco.org/index.php?page=viewproblem2&cpid=762,,standard,4,estimated,Silver,adhoc.simulation.direct,adhoc.simulation.direct,via-usaco-analysis,,,,,2026-09-19,2026-09-19
usaco-2017-dec-silver-thebovineshuffle,The Bovine Shuffle,usaco,USACO 2017 December Silver,2017,Silver,usaco-official,https://www.usaco.org/index.php?page=viewproblem2&cpid=764,,standard,4,estimated,Silver,graphs.special_graphs.functional_graph,graphs.special_graphs.functional_graph,via-usaco-guide,,,,,2026-09-19,2026-09-19
usaco-2017-feb-bronze-whydidthecowcrosstheroad,Why Did the Cow Cross the Road,usaco,USACO 2017 February Bronze,2017,Bronze,usaco-official,https://www.usaco.org/index.php?page=viewproblem2&cpid=711,,standard,2,estimated,Bronze,adhoc.unclassified,adhoc.unclassified,via-dmoj-category,,,,,2026-09-19,2026-09-19
usaco-2017-feb-bronze-whydidthecowcrosstheroadii,Why Did the Cow Cross the Road II,usaco,USACO 2017 February Bronze,2017,Bronze,usaco-official,https://www.usaco.org/index.php?page=viewproblem2&cpid=712,,standard,2,estimated,Bronze,search.exhaustive.backtracking,search.exhaustive.backtracking,via-usaco-guide,,,,,2026-09-19,2026-09-19
usaco-2017-feb-bronze-whydidthecowcrosstheroadiii,Why Did the Cow Cross the Road III,usaco,USACO 2017 February Bronze,2017,Bronze,usaco-official,https://www.usaco.org/index.php?page=viewproblem2&cpid=713,,standard,2,estimated,Bronze,adhoc.simulation.sorting,adhoc.simulation.sorting,via-usaco-guide,,,,,2026-09-19,2026-09-19
usaco-2017-feb-gold-whydidthecowcrosstheroad,Why Did the Cow Cross the Road,usaco,USACO 2017 February Gold,2017,Gold,usaco-official,https://www.usaco.org/index.php?page=viewproblem2&cpid=717,,standard,6,estimated,Gold,graphs.shortest_path.dijkstra,graphs.shortest_path.dijkstra,via-usaco-guide,,,,,2026-09-19,2026-09-19
usaco-2017-feb-gold-whydidthecowcrosstheroadii,Why Did the Cow Cross the Road II,usaco,USACO 2017 February Gold,2017,Gold,usaco-official,https://www.usaco.org/index.php?page=viewproblem2&cpid=718,,standard,6,estimated,Gold,dp.basics.grid,dp.basics.grid,via-usaco-guide,,,,,2026-09-19,2026-09-19
usaco-2017-feb-gold-whydidthecowcrosstheroadiii,Why Did the Cow Cross the Road III,usaco,USACO 2017 February Gold,2017,Gold,usaco-official,https://www.usaco.org/index.php?page=viewproblem2&cpid=719,,standard,6,estimated,Gold,data_structures.range_query.segment_tree,data_structures.range_query.segment_tree,via-usaco-guide,,,,,2026-09-19,2026-09-19
usaco-2017-feb-platinum-whydidthecowcrosstheroad,Why Did the Cow Cross the Road,usaco,USACO 2017 February Platinum,2017,Platinum,usaco-official,https://www.usaco.org/index.php?page=viewproblem2&cpid=720,,standard,8,estimated,Platinum,data_structures.range_query.segment_tree,data_structures.range_query.segment_tree,via-usaco-guide,,,,,2026-09-19,2026-09-19
usaco-2017-feb-platinum-whydidthecowcrosstheroadii,Why Did the Cow Cross the Road II,usaco,USACO 2017 February Platinum,2017,Platinum,usaco-official,https://www.usaco.org/index.php?page=viewproblem2&cpid=721,,standard,8,estimated,Platinum,data_structures.range_query.segment_tree,data_structures.range_query.segment_tree,via-usaco-guide,,,,,2026-09-19,2026-09-19
usaco-2017-feb-platinum-whydidthecowcrosstheroadiii,Why Did the Cow Cross the Road III,usaco,USACO 2017 February Platinum,2017,Platinum,usaco-official,https://www.usaco.org/index.php?page=viewproblem2&cpid=722,,standard,8,estimated,Platinum,data_structures.range_query.fenwick,data_structures.range_query.fenwick,via-usaco-guide,,,,,2026-09-19,2026-09-19
usaco-2017-feb-silver-whydidthecowcrosstheroad,Why Did the Cow Cross the Road,usaco,USACO 2017 February Silver,2017,Silver,usaco-official,https://www.usaco.org/index.php?page=viewproblem2&cpid=714,,standard,4,estimated,Silver,data_structures.linear.heap,data_structures.linear.heap,via-usaco-guide,,,,,2026-09-19,2026-09-19
usaco-2017-feb-silver-whydidthecowcrosstheroadii,Why Did the Cow Cross the Road II,usaco,USACO 2017 February Silver,2017,Silver,usaco-official,https://www.usaco.org/index.php?page=viewproblem2&cpid=715,,standard,4,estimated,Silver,search.binary_search.on_answer,search.binary_search.on_answer,via-usaco-analysis,,,,,2026-09-19,2026-09-19
usaco-2017-feb-silver-whydidthecowcrosstheroadiii,Why Did the Cow Cross the Road III,usaco,USACO 2017 February Silver,2017,Silver,usaco-official,https://www.usaco.org/index.php?page=viewproblem2&cpid=716,,standard,4,estimated,Silver,graphs.traversal.connectivity,graphs.traversal.connectivity,via-usaco-guide,,,,,2026-09-19,2026-09-19
usaco-2017-jan-bronze-cowtipping,Cow Tipping,usaco,USACO 2017 January Bronze,2017,Bronze,usaco-official,https://www.usaco.org/index.php?page=viewproblem2&cpid=689,,standard,2,estimated,Bronze,greedy.exchange.sorting_order,greedy.exchange.sorting_order,via-usaco-guide,,,,,2026-09-19,2026-09-19
usaco-2017-jan-bronze-dontbelast,Don't Be Last!,usaco,USACO 2017 January Bronze,2017,Bronze,usaco-official,https://www.usaco.org/index.php?page=viewproblem2&cpid=687,,standard,2,estimated,Bronze,data_structures.linear.hash_map,data_structures.linear.hash_map,via-usaco-guide,,,,,2026-09-19,2026-09-19
usaco-2017-jan-bronze-hoofpaperscissors,"Hoof, Paper, Scissors",usaco,USACO 2017 January Bronze,2017,Bronze,usaco-official,https://www.usaco.org/index.php?page=viewproblem2&cpid=688,,standard,2,estimated,Bronze,adhoc.unclassified,adhoc.unclassified,via-dmoj-category,,,,,2026-09-19,2026-09-19
usaco-2017-jan-gold-balancedphoto,Balanced Photo,usaco,USACO 2017 January Gold,2017,Gold,usaco-official,https://www.usaco.org/index.php?page=viewproblem2&cpid=693,,standard,6,estimated,Gold,data_structures.range_query.segment_tree,data_structures.range_query.segment_tree,via-usaco-guide,,,,,2026-09-19,2026-09-19
usaco-2017-jan-gold-cownavigation,Cow Navigation,usaco,USACO 2017 January Gold,2017,Gold,usaco-official,https://www.usaco.org/index.php?page=viewproblem2&cpid=695,,standard,6,estimated,Gold,graphs.traversal.bfs,graphs.traversal.bfs,via-usaco-guide,,,,,2026-09-19,2026-09-19
usaco-2017-jan-gold-hoofpaperscissors,"Hoof, Paper, Scissors",usaco,USACO 2017 January Gold,2017,Gold,usaco-official,https://www.usaco.org/index.php?page=viewproblem2&cpid=694,,standard,6,estimated,Gold,dp.basics.linear,dp.basics.linear,via-usaco-guide,,,,,2026-09-19,2026-09-19
usaco-2017-jan-platinum-buildingatallbarn,Building a Tall Barn,usaco,USACO 2017 January Platinum,2017,Platinum,usaco-official,https://www.usaco.org/index.php?page=viewproblem2&cpid=697,,standard,8,estimated,Platinum,dp.optimization.aliens_trick,dp.optimization.aliens_trick,via-usaco-guide,,,,,2026-09-19,2026-09-19
usaco-2017-jan-platinum-promotioncounting,Promotion Counting,usaco,USACO 2017 January Platinum,2017,Platinum,usaco-official,https://www.usaco.org/index.php?page=viewproblem2&cpid=696,,standard,8,estimated,Platinum,trees.basics.euler_tour,trees.basics.euler_tour,via-usaco-guide,,,,,2026-09-19,2026-09-19
usaco-2017-jan-platinum-subsequencereversal,Subsequence Reversal,usaco,USACO 2017 January Platinum,2017,Platinum,usaco-official,https://www.usaco.org/index.php?page=viewproblem2&cpid=698,,standard,8,estimated,Platinum,adhoc.unclassified,adhoc.unclassified,via-dmoj-category,,,,,2026-09-19,2026-09-19
usaco-2017-jan-silver-cowdanceshow,Cow Dance Show,usaco,USACO 2017 January Silver,2017,Silver,usaco-official,https://www.usaco.org/index.php?page=viewproblem2&cpid=690,,standard,4,estimated,Silver,search.binary_search.on_answer,search.binary_search.on_answer,via-usaco-guide,,,,,2026-09-19,2026-09-19
usaco-2017-jan-silver-hoofpaperscissors,"Hoof, Paper, Scissors",usaco,USACO 2017 January Silver,2017,Silver,usaco-official,https://www.usaco.org/index.php?page=viewproblem2&cpid=691,,standard,4,estimated,Silver,data_structures.static_range.prefix_sums,data_structures.static_range.prefix_sums,via-usaco-guide,,,,,2026-09-19,2026-09-19
usaco-2017-jan-silver-secretcowcode,Secret Cow Code,usaco,USACO 2017 January Silver,2017,Silver,usaco-official,https://www.usaco.org/index.php?page=viewproblem2&cpid=692,,standard,4,estimated,Silver,adhoc.unclassified,adhoc.unclassified,via-dmoj-category,,,,,2026-09-19,2026-09-19
usaco-2017-open-bronze-bovinegenomics,Bovine Genomics,usaco,USACO 2017 US Open Bronze,2017,Bronze,usaco-official,https://www.usaco.org/index.php?page=viewproblem2&cpid=736,,standard,2,estimated,Bronze,search.exhaustive.backtracking,search.exhaustive.backtracking,via-usaco-guide,,,,,2026-09-19,2026-09-19
usaco-2017-open-bronze-modernart,Modern Art,usaco,USACO 2017 US Open Bronze,2017,Bronze,usaco-official,https://www.usaco.org/index.php?page=viewproblem2&cpid=737,,standard,2,estimated,Bronze,geometry.primitives.points,geometry.primitives.points,via-usaco-guide,,,,,2026-09-19,2026-09-19
usaco-2017-open-bronze-thelostcow,The Lost Cow,usaco,USACO 2017 US Open Bronze,2017,Bronze,usaco-official,https://www.usaco.org/index.php?page=viewproblem2&cpid=735,,standard,2,estimated,Bronze,adhoc.simulation.direct,adhoc.simulation.direct,via-usaco-guide,,,,,2026-09-19,2026-09-19
usaco-2017-open-gold-bovinegenomics,Bovine Genomics,usaco,USACO 2017 US Open Gold,2017,Gold,usaco-official,https://www.usaco.org/index.php?page=viewproblem2&cpid=741,,standard,6,estimated,Gold,strings.hashing.polynomial_hash,strings.hashing.polynomial_hash,via-usaco-guide,,,,,2026-09-19,2026-09-19
usaco-2017-open-gold-modernart2,Modern Art 2,usaco,USACO 2017 US Open Gold,2017,Gold,usaco-official,https://www.usaco.org/index.php?page=viewproblem2&cpid=743,,standard,6,estimated,Gold,data_structures.linear.stack,data_structures.linear.stack,via-usaco-guide,,,,,2026-09-19,2026-09-19
usaco-2017-open-platinum-cowbasic,COWBASIC,usaco,USACO 2017 US Open Platinum,2017,Platinum,usaco-official,https://www.usaco.org/index.php?page=viewproblem2&cpid=746,,standard,8,estimated,Platinum,dp.optimization.matrix_exponentiation,dp.optimization.matrix_exponentiation,via-usaco-guide,,,,,2026-09-19,2026-09-19
usaco-2017-open-platinum-modernart,Modern Art,usaco,USACO 2017 US Open Platinum,2017,Platinum,usaco-official,https://www.usaco.org/index.php?page=viewproblem2&cpid=744,,standard,8,estimated,Platinum,data_structures.static_range.prefix_sums,data_structures.static_range.prefix_sums,via-usaco-guide,,,,,2026-09-19,2026-09-19
usaco-2017-open-platinum-switchgrass,Switch Grass,usaco,USACO 2017 US Open Platinum,2017,Platinum,usaco-official,https://www.usaco.org/index.php?page=viewproblem2&cpid=745,,standard,8,estimated,Platinum,data_structures.range_query.segment_tree,data_structures.range_query.segment_tree,via-usaco-analysis,,,,,2026-09-19,2026-09-19
usaco-2017-open-silver-bovinegenomics,Bovine Genomics,usaco,USACO 2017 US Open Silver,2017,Silver,usaco-official,https://www.usaco.org/index.php?page=viewproblem2&cpid=739,,standard,4,estimated,Silver,search.exhaustive.backtracking,search.exhaustive.backtracking,via-usaco-guide,,,,,2026-09-19,2026-09-19
usaco-2017-open-silver-pairedup,Paired Up,usaco,USACO 2017 US Open Silver,2017,Silver,usaco-official,https://www.usaco.org/index.php?page=viewproblem2&cpid=738,,standard,4,estimated,Silver,data_structures.linear.sliding_window,data_structures.linear.sliding_window,via-usaco-guide,,,,,2026-09-19,2026-09-19
usaco-2017-open-silver-wheresbessie,Where's Bessie?,usaco,USACO 2017 US Open Silver,2017,Silver,usaco-official,https://www.usaco.org/index.php?page=viewproblem2&cpid=740,,standard,4,estimated,Silver,graphs.traversal.connectivity,graphs.traversal.connectivity,via-usaco-guide,,,,,2026-09-19,2026-09-19
usaco-2018-dec-bronze-backandforth,Back and Forth,usaco,USACO 2018 December Bronze,2018,Bronze,usaco-official,https://www.usaco.org/index.php?page=viewproblem2&cpid=857,,standard,2,estimated,Bronze,search.exhaustive.backtracking,search.exhaustive.backtracking,via-usaco-guide,,,,,2026-09-19,2026-09-19
usaco-2018-dec-bronze-mixingmilk,Mixing Milk,usaco,USACO 2018 December Bronze,2018,Bronze,usaco-official,https://www.usaco.org/index.php?page=viewproblem2&cpid=855,,standard,2,estimated,Bronze,adhoc.simulation.direct,adhoc.simulation.direct,via-usaco-guide,,,,,2026-09-19,2026-09-19
usaco-2018-dec-bronze-thebucketlist,The Bucket List,usaco,USACO 2018 December Bronze,2018,Bronze,usaco-official,https://www.usaco.org/index.php?page=viewproblem2&cpid=856,,standard,2,estimated,Bronze,adhoc.simulation.direct,adhoc.simulation.direct,via-usaco-guide,,,,,2026-09-19,2026-09-19
usaco-2018-dec-gold-cowpatibility,Cowpatibility,usaco,USACO 2018 December Gold,2018,Gold,usaco-official,https://www.usaco.org/index.php?page=viewproblem2&cpid=862,,standard,6,estimated,Gold,combinatorics.basics.binomials,combinatorics.basics.binomials,via-usaco-guide,,,,,2026-09-19,2026-09-19
usaco-2018-dec-gold-finedining,Fine Dining,usaco,USACO 2018 December Gold,2018,Gold,usaco-official,https://www.usaco.org/index.php?page=viewproblem2&cpid=861,,standard,6,estimated,Gold,graphs.shortest_path.dijkstra,graphs.shortest_path.dijkstra,via-usaco-guide,,,,,2026-09-19,2026-09-19
usaco-2018-dec-gold-teamwork,Teamwork,usaco,USACO 2018 December Gold,2018,Gold,usaco-official,https://www.usaco.org/index.php?page=viewproblem2&cpid=863,,standard,6,estimated,Gold,dp.basics.linear,dp.basics.linear,via-usaco-guide,,,,,2026-09-19,2026-09-19
usaco-2018-dec-platinum-balancebeam,Balance Beam,usaco,USACO 2018 December Platinum,2018,Platinum,usaco-official,https://www.usaco.org/index.php?page=viewproblem2&cpid=864,,standard,8,estimated,Platinum,geometry.convexity.convex_hull,geometry.convexity.convex_hull,via-usaco-guide,,,,,2026-09-19,2026-09-19
usaco-2018-dec-platinum-sortitout,Sort It Out,usaco,USACO 2018 December Platinum,2018,Platinum,usaco-official,https://www.usaco.org/index.php?page=viewproblem2&cpid=865,,standard,8,estimated,Platinum,geometry.sweep.line_sweep,geometry.sweep.line_sweep,via-usaco-guide,,,,,2026-09-19,2026-09-19
usaco-2018-dec-platinum-thecowgathering,The Cow Gathering,usaco,USACO 2018 December Platinum,2018,Platinum,usaco-official,https://www.usaco.org/index.php?page=viewproblem2&cpid=866,,standard,8,estimated,Platinum,trees.ancestors.binary_lifting,trees.ancestors.binary_lifting,via-usaco-guide,,,,,2026-09-19,2026-09-19
usaco-2018-dec-silver-convention,Convention,usaco,USACO 2018 December Silver,2018,Silver,usaco-official,https://www.usaco.org/index.php?page=viewproblem2&cpid=858,,standard,4,estimated,Silver,search.binary_search.on_answer,search.binary_search.on_answer,via-usaco-guide,,,,,2026-09-19,2026-09-19
usaco-2018-dec-silver-conventionii,Convention II,usaco,USACO 2018 December Silver,2018,Silver,usaco-official,https://www.usaco.org/index.php?page=viewproblem2&cpid=859,,standard,4,estimated,Silver,data_structures.linear.heap,data_structures.linear.heap,via-usaco-guide,,,,,2026-09-19,2026-09-19
usaco-2018-dec-silver-mooyomooyo,Mooyo Mooyo,usaco,USACO 2018 December Silver,2018,Silver,usaco-official,https://www.usaco.org/index.php?page=viewproblem2&cpid=860,,standard,4,estimated,Silver,graphs.traversal.connectivity,graphs.traversal.connectivity,via-usaco-guide,,,,,2026-09-19,2026-09-19
usaco-2018-feb-bronze-hoofball,Hoofball,usaco,USACO 2018 February Bronze,2018,Bronze,usaco-official,https://www.usaco.org/index.php?page=viewproblem2&cpid=808,,standard,2,estimated,Bronze,graphs.traversal.dfs,graphs.traversal.dfs,via-usaco-guide,,,,,2026-09-19,2026-09-19
usaco-2018-feb-bronze-tamingtheherd,Taming the Herd,usaco,USACO 2018 February Bronze,2018,Bronze,usaco-official,https://www.usaco.org/index.php?page=viewproblem2&cpid=809,,standard,2,estimated,Bronze,adhoc.unclassified,adhoc.unclassified,via-dmoj-category,,,,,2026-09-19,2026-09-19
usaco-2018-feb-bronze-teleportation,Teleportation,usaco,USACO 2018 February Bronze,2018,Bronze,usaco-official,https://www.usaco.org/index.php?page=viewproblem2&cpid=807,,standard,2,estimated,Bronze,adhoc.unclassified,adhoc.unclassified,via-dmoj-category,,,,,2026-09-19,2026-09-19
usaco-2018-feb-gold-directorytraversal,Directory Traversal,usaco,USACO 2018 February Gold,2018,Gold,usaco-official,https://www.usaco.org/index.php?page=viewproblem2&cpid=814,,standard,6,estimated,Gold,dp.tree.rerooting,dp.tree.rerooting,via-usaco-guide,,,,,2026-09-19,2026-09-19
usaco-2018-feb-gold-snowboots,Snow Boots,usaco,USACO 2018 February Gold,2018,Gold,usaco-official,https://www.usaco.org/index.php?page=viewproblem2&cpid=813,,standard,6,estimated,Gold,data_structures.trees.treap,data_structures.trees.treap,via-usaco-guide,,,,,2026-09-19,2026-09-19
usaco-2018-feb-gold-tamingtheherd,Taming the Herd,usaco,USACO 2018 February Gold,2018,Gold,usaco-official,https://www.usaco.org/index.php?page=viewproblem2&cpid=815,,standard,6,estimated,Gold,dp.basics.linear,dp.basics.linear,via-usaco-guide,,,,,2026-09-19,2026-09-19
usaco-2018-feb-platinum-cowgymnasts,Cow Gymnasts,usaco,USACO 2018 February Platinum,2018,Platinum,usaco-official,https://www.usaco.org/index.php?page=viewproblem2&cpid=818,,standard,8,estimated,Platinum,graphs.traversal.dfs,graphs.traversal.dfs,via-usaco-analysis,,,,,2026-09-19,2026-09-19
usaco-2018-feb-platinum-newbarns,New Barns,usaco,USACO 2018 February Platinum,2018,Platinum,usaco-official,https://www.usaco.org/index.php?page=viewproblem2&cpid=817,,standard,8,estimated,Platinum,trees.ancestors.binary_lifting,trees.ancestors.binary_lifting,via-usaco-guide,,,,,2026-09-19,2026-09-19
usaco-2018-feb-platinum-slingshot,Slingshot,usaco,USACO 2018 February Platinum,2018,Platinum,usaco-official,https://www.usaco.org/index.php?page=viewproblem2&cpid=816,,standard,8,estimated,Platinum,geometry.sweep.line_sweep,geometry.sweep.line_sweep,via-usaco-guide,,,,,2026-09-19,2026-09-19
usaco-2018-feb-silver-reststops,Rest Stops,usaco,USACO 2018 February Silver,2018,Silver,usaco-official,https://www.usaco.org/index.php?page=viewproblem2&cpid=810,,standard,4,estimated,Silver,greedy.exchange.sorting_order,greedy.exchange.sorting_order,via-usaco-guide,,,,,2026-09-19,2026-09-19
usaco-2018-feb-silver-snowboots,Snow Boots,usaco,USACO 2018 February Silver,2018,Silver,usaco-official,https://www.usaco.org/index.php?page=viewproblem2&cpid=811,,standard,4,estimated,Silver,graphs.traversal.connectivity,graphs.traversal.connectivity,via-usaco-guide,,,,,2026-09-19,2026-09-19
usaco-2018-feb-silver-teleportation,Teleportation,usaco,USACO 2018 February Silver,2018,Silver,usaco-official,https://www.usaco.org/index.php?page=viewproblem2&cpid=812,,standard,4,estimated,Silver,data_structures.range_query.fenwick,data_structures.range_query.fenwick,via-usaco-analysis,,,,,2026-09-19,2026-09-19
usaco-2018-jan-bronze-blockedbillboardii,Blocked Billboard II,usaco,USACO 2018 January Bronze,2018,Bronze,usaco-official,https://www.usaco.org/index.php?page=viewproblem2&cpid=783,,standard,2,estimated,Bronze,geometry.primitives.points,geometry.primitives.points,via-usaco-guide,,,,,2026-09-19,2026-09-19
usaco-2018-jan-bronze-lifeguards,Lifeguards,usaco,USACO 2018 January Bronze,2018,Bronze,usaco-official,https://www.usaco.org/index.php?page=viewproblem2&cpid=784,,standard,2,estimated,Bronze,search.exhaustive.backtracking,search.exhaustive.backtracking,via-usaco-guide,,,,,2026-09-19,2026-09-19
usaco-2018-jan-bronze-outofplace,Out of Place,usaco,USACO 2018 January Bronze,2018,Bronze,usaco-official,https://www.usaco.org/index.php?page=viewproblem2&cpid=785,,standard,2,estimated,Bronze,greedy.exchange.sorting_order,greedy.exchange.sorting_order,via-usaco-guide,,,,,2026-09-19,2026-09-19
usaco-2018-jan-gold-cowatlarge,Cow at Large,usaco,USACO 2018 January Gold,2018,Gold,usaco-official,https://www.usaco.org/index.php?page=viewproblem2&cpid=790,,standard,6,estimated,Gold,graphs.traversal.bfs,graphs.traversal.bfs,via-usaco-guide,,,,,2026-09-19,2026-09-19
usaco-2018-jan-gold-mootube,MooTube,usaco,USACO 2018 January Gold,2018,Gold,usaco-official,https://www.usaco.org/index.php?page=viewproblem2&cpid=789,,standard,6,estimated,Gold,data_structures.disjoint_set.dsu,data_structures.disjoint_set.dsu,via-usaco-guide,,,,,2026-09-19,2026-09-19
usaco-2018-jan-gold-stamppainting,Stamp Painting,usaco,USACO 2018 January Gold,2018,Gold,usaco-official,https://www.usaco.org/index.php?page=viewproblem2&cpid=791,,standard,6,estimated,Gold,dp.basics.linear,dp.basics.linear,via-usaco-guide,,,,,2026-09-19,2026-09-19
usaco-2018-jan-platinum-cowatlarge,Cow at Large,usaco,USACO 2018 January Platinum,2018,Platinum,usaco-official,https://www.usaco.org/index.php?page=viewproblem2&cpid=793,,standard,8,estimated,Platinum,dp.tree.rerooting,dp.tree.rerooting,via-usaco-guide,,,,,2026-09-19,2026-09-19
usaco-2018-jan-platinum-lifeguards,Lifeguards,usaco,USACO 2018 January Platinum,2018,Platinum,usaco-official,https://www.usaco.org/index.php?page=viewproblem2&cpid=792,,standard,8,estimated,Platinum,data_structures.linear.sliding_window,data_structures.linear.sliding_window,via-usaco-analysis,,,,,2026-09-19,2026-09-19
usaco-2018-jan-platinum-sprinklers,Sprinklers,usaco,USACO 2018 January Platinum,2018,Platinum,usaco-official,https://www.usaco.org/index.php?page=viewproblem2&cpid=794,,standard,8,estimated,Platinum,data_structures.static_range.prefix_sums,data_structures.static_range.prefix_sums,via-usaco-analysis,,,,,2026-09-19,2026-09-19
usaco-2018-jan-silver-lifeguards,Lifeguards,usaco,USACO 2018 January Silver,2018,Silver,usaco-official,https://www.usaco.org/index.php?page=viewproblem2&cpid=786,,standard,4,estimated,Silver,greedy.exchange.sorting_order,greedy.exchange.sorting_order,via-usaco-guide,,,,,2026-09-19,2026-09-19
usaco-2018-jan-silver-mootube,MooTube,usaco,USACO 2018 January Silver,2018,Silver,usaco-official,https://www.usaco.org/index.php?page=viewproblem2&cpid=788,,standard,4,estimated,Silver,graphs.traversal.connectivity,graphs.traversal.connectivity,via-usaco-guide,,,,,2026-09-19,2026-09-19
usaco-2018-jan-silver-rentalservice,Rental Service,usaco,USACO 2018 January Silver,2018,Silver,usaco-official,https://www.usaco.org/index.php?page=viewproblem2&cpid=787,,standard,4,estimated,Silver,greedy.exchange.sorting_order,greedy.exchange.sorting_order,via-usaco-guide,,,,,2026-09-19,2026-09-19
usaco-2018-open-bronze-familytree,Family Tree,usaco,USACO 2018 US Open Bronze,2018,Bronze,usaco-official,https://www.usaco.org/index.php?page=viewproblem2&cpid=833,,standard,2,estimated,Bronze,graphs.traversal.dfs,graphs.traversal.dfs,via-usaco-guide,,,,,2026-09-19,2026-09-19
usaco-2018-open-bronze-milkingorder,Milking Order,usaco,USACO 2018 US Open Bronze,2018,Bronze,usaco-official,https://www.usaco.org/index.php?page=viewproblem2&cpid=832,,standard,2,estimated,Bronze,greedy.exchange.sorting_order,greedy.exchange.sorting_order,via-usaco-guide,,,,,2026-09-19,2026-09-19
usaco-2018-open-bronze-teamtictactoe,Team Tic Tac Toe,usaco,USACO 2018 US Open Bronze,2018,Bronze,usaco-official,https://www.usaco.org/index.php?page=viewproblem2&cpid=831,,standard,2,estimated,Bronze,data_structures.linear.hash_map,data_structures.linear.hash_map,via-usaco-guide,,,,,2026-09-19,2026-09-19
usaco-2018-open-gold-milkingorder,Milking Order,usaco,USACO 2018 US Open Gold,2018,Gold,usaco-official,https://www.usaco.org/index.php?page=viewproblem2&cpid=838,,standard,6,estimated,Gold,graphs.traversal.topological_sort,graphs.traversal.topological_sort,via-usaco-guide,,,,,2026-09-19,2026-09-19
usaco-2018-open-gold-outofsorts,Out of Sorts,usaco,USACO 2018 US Open Gold,2018,Gold,usaco-official,https://www.usaco.org/index.php?page=viewproblem2&cpid=837,,standard,6,estimated,Gold,data_structures.range_query.fenwick,data_structures.range_query.fenwick,via-usaco-analysis,,,,,2026-09-19,2026-09-19
usaco-2018-open-gold-talentshow,Talent Show,usaco,USACO 2018 US Open Gold,2018,Gold,usaco-official,https://www.usaco.org/index.php?page=viewproblem2&cpid=839,,standard,6,estimated,Gold,dp.basics.knapsack,dp.basics.knapsack,via-usaco-guide,,,,,2026-09-19,2026-09-19
usaco-2018-open-platinum-disruption,Disruption,usaco,USACO 2018 US Open Platinum,2018,Platinum,usaco-official,https://www.usaco.org/index.php?page=viewproblem2&cpid=842,,standard,8,estimated,Platinum,trees.ancestors.binary_lifting,trees.ancestors.binary_lifting,via-usaco-guide,,,,,2026-09-19,2026-09-19
usaco-2018-open-platinum-outofsorts,Out of Sorts,usaco,USACO 2018 US Open Platinum,2018,Platinum,usaco-official,https://www.usaco.org/index.php?page=viewproblem2&cpid=840,,standard,8,estimated,Platinum,adhoc.simulation.sorting,adhoc.simulation.sorting,via-usaco-analysis,,,,,2026-09-19,2026-09-19
usaco-2018-open-platinum-traintracking,Train Tracking,usaco,USACO 2018 US Open Platinum,2018,Platinum,usaco-official,https://www.usaco.org/index.php?page=viewproblem2&cpid=841,,standard,8,estimated,Platinum,data_structures.sqrt.sqrt_decomposition,data_structures.sqrt.sqrt_decomposition,via-usaco-guide,,,,,2026-09-19,2026-09-19
usaco-2018-open-silver-lemonadeline,Lemonade Line,usaco,USACO 2018 US Open Silver,2018,Silver,usaco-official,https://www.usaco.org/index.php?page=viewproblem2&cpid=835,,standard,4,estimated,Silver,greedy.exchange.sorting_order,greedy.exchange.sorting_order,via-usaco-guide,,,,,2026-09-19,2026-09-19
usaco-2018-open-silver-multiplayermoo,Multiplayer Moo,usaco,USACO 2018 US Open Silver,2018,Silver,usaco-official,https://www.usaco.org/index.php?page=viewproblem2&cpid=836,,standard,4,estimated,Silver,graphs.traversal.connectivity,graphs.traversal.connectivity,via-usaco-guide,,,,,2026-09-19,2026-09-19
usaco-2018-open-silver-outofsorts,Out of Sorts,usaco,USACO 2018 US Open Silver,2018,Silver,usaco-official,https://www.usaco.org/index.php?page=viewproblem2&cpid=834,,standard,4,estimated,Silver,greedy.exchange.sorting_order,greedy.exchange.sorting_order,via-usaco-guide,,,,,2026-09-19,2026-09-19
usaco-2019-dec-bronze-cowgymnastics,Cow Gymnastics,usaco,USACO 2019 December Bronze,2019,Bronze,usaco-official,https://www.usaco.org/index.php?page=viewproblem2&cpid=963,,standard,2,estimated,Bronze,search.exhaustive.backtracking,search.exhaustive.backtracking,via-usaco-guide,,,,,2026-09-19,2026-09-19
usaco-2019-dec-bronze-livestocklineup,Livestock Lineup,usaco,USACO 2019 December Bronze,2019,Bronze,usaco-official,https://www.usaco.org/index.php?page=viewproblem2&cpid=965,,standard,2,estimated,Bronze,search.exhaustive.backtracking,search.exhaustive.backtracking,via-usaco-guide,,,,,2026-09-19,2026-09-19
usaco-2019-dec-bronze-whereami,Where Am I?,usaco,USACO 2019 December Bronze,2019,Bronze,usaco-official,https://www.usaco.org/index.php?page=viewproblem2&cpid=964,,standard,2,estimated,Bronze,data_structures.linear.hash_map,data_structures.linear.hash_map,via-usaco-guide,,,,,2026-09-19,2026-09-19
usaco-2019-dec-gold-milkpumping,Milk Pumping,usaco,USACO 2019 December Gold,2019,Gold,usaco-official,https://www.usaco.org/index.php?page=viewproblem2&cpid=969,,standard,6,estimated,Gold,graphs.shortest_path.dijkstra,graphs.shortest_path.dijkstra,via-usaco-guide,,,,,2026-09-19,2026-09-19
usaco-2019-dec-gold-milkvisits,Milk Visits,usaco,USACO 2019 December Gold,2019,Gold,usaco-official,https://www.usaco.org/index.php?page=viewproblem2&cpid=970,,standard,6,estimated,Gold,trees.ancestors.lca,trees.ancestors.lca,via-usaco-guide,,,,,2026-09-19,2026-09-19
usaco-2019-dec-gold-moortalcowmbat,Moortal Cowmbat,usaco,USACO 2019 December Gold,2019,Gold,usaco-official,https://www.usaco.org/index.php?page=viewproblem2&cpid=971,,standard,6,estimated,Gold,dp.basics.linear,dp.basics.linear,via-usaco-guide,,,,,2026-09-19,2026-09-19
usaco-2019-dec-platinum-bessiessnowcow,Bessie's Snow Cow,usaco,USACO 2019 December Platinum,2019,Platinum,usaco-official,https://www.usaco.org/index.php?page=viewproblem2&cpid=973,,standard,8,estimated,Platinum,trees.basics.euler_tour,trees.basics.euler_tour,via-usaco-guide,,,,,2026-09-19,2026-09-19
usaco-2019-dec-platinum-greedypieeaters,Greedy Pie Eaters,usaco,USACO 2019 December Platinum,2019,Platinum,usaco-official,https://www.usaco.org/index.php?page=viewproblem2&cpid=972,,standard,8,estimated,Platinum,dp.basics.interval,dp.basics.interval,via-usaco-guide,,,,,2026-09-19,2026-09-19
usaco-2019-dec-platinum-treedepth,Tree Depth,usaco,USACO 2019 December Platinum,2019,Platinum,usaco-official,https://www.usaco.org/index.php?page=viewproblem2&cpid=974,,standard,8,estimated,Platinum,math.algebra.polynomials,math.algebra.polynomials,via-usaco-guide,,,,,2026-09-19,2026-09-19
usaco-2019-dec-silver-meetings,Meetings,usaco,USACO 2019 December Silver,2019,Silver,usaco-official,https://www.usaco.org/index.php?page=viewproblem2&cpid=967,,standard,4,estimated,Silver,greedy.exchange.sorting_order,greedy.exchange.sorting_order,via-usaco-guide,,,,,2026-09-19,2026-09-19
usaco-2019-dec-silver-milkvisits,Milk Visits,usaco,USACO 2019 December Silver,2019,Silver,usaco-official,https://www.usaco.org/index.php?page=viewproblem2&cpid=968,,standard,4,estimated,Silver,graphs.traversal.connectivity,graphs.traversal.connectivity,via-usaco-guide,,,,,2026-09-19,2026-09-19
usaco-2019-dec-silver-moobuzz,MooBuzz,usaco,USACO 2019 December Silver,2019,Silver,usaco-official,https://www.usaco.org/index.php?page=viewproblem2&cpid=966,,standard,4,estimated,Silver,search.exhaustive.backtracking,search.exhaustive.backtracking,via-usaco-analysis,,,,,2026-09-19,2026-09-19
usaco-2019-feb-bronze-measuringtraffic,Measuring Traffic,usaco,USACO 2019 February Bronze,2019,Bronze,usaco-official,https://www.usaco.org/index.php?page=viewproblem2&cpid=917,,standard,2,estimated,Bronze,adhoc.simulation.direct,adhoc.simulation.direct,via-usaco-guide,,,,,2026-09-19,2026-09-19
usaco-2019-feb-bronze-sleepycowherding,Sleepy Cow Herding,usaco,USACO 2019 February Bronze,2019,Bronze,usaco-official,https://www.usaco.org/index.php?page=viewproblem2&cpid=915,,standard,2,estimated,Bronze,adhoc.simulation.sorting,adhoc.simulation.sorting,via-usaco-analysis,,,,,2026-09-19,2026-09-19
usaco-2019-feb-bronze-thegreatrevegetation,The Great Revegetation,usaco,USACO 2019 February Bronze,2019,Bronze,usaco-official,https://www.usaco.org/index.php?page=viewproblem2&cpid=916,,standard,2,estimated,Bronze,graphs.traversal.dfs,graphs.traversal.dfs,via-usaco-guide,,,,,2026-09-19,2026-09-19
usaco-2019-feb-gold-cowland,Cow Land,usaco,USACO 2019 February Gold,2019,Gold,usaco-official,https://www.usaco.org/index.php?page=viewproblem2&cpid=921,,standard,6,estimated,Gold,trees.ancestors.lca,trees.ancestors.lca,via-usaco-guide,,,,,2026-09-19,2026-09-19
usaco-2019-feb-gold-dishwashing,Dishwashing,usaco,USACO 2019 February Gold,2019,Gold,usaco-official,https://www.usaco.org/index.php?page=viewproblem2&cpid=922,,standard,6,estimated,Gold,data_structures.linear.stack,data_structures.linear.stack,via-usaco-guide,,,,,2026-09-19,2026-09-19
usaco-2019-feb-gold-paintingthebarn,Painting the Barn,usaco,USACO 2019 February Gold,2019,Gold,usaco-official,https://www.usaco.org/index.php?page=viewproblem2&cpid=923,,standard,6,estimated,Gold,data_structures.static_range.prefix_sums,data_structures.static_range.prefix_sums,via-usaco-guide,,,,,2026-09-19,2026-09-19
usaco-2019-feb-platinum-cowdating,Cow Dating,usaco,USACO 2019 February Platinum,2019,Platinum,usaco-official,https://www.usaco.org/index.php?page=viewproblem2&cpid=924,,standard,8,estimated,Platinum,data_structures.linear.sliding_window,data_structures.linear.sliding_window,via-usaco-analysis,,,,,2026-09-19,2026-09-19
usaco-2019-feb-platinum-mooriokart,Moorio Kart,usaco,USACO 2019 February Platinum,2019,Platinum,usaco-official,https://www.usaco.org/index.php?page=viewproblem2&cpid=925,,standard,8,estimated,Platinum,dp.basics.knapsack,dp.basics.knapsack,via-usaco-guide,,,,,2026-09-19,2026-09-19
usaco-2019-feb-platinum-mowingmischief,Mowing Mischief,usaco,USACO 2019 February Platinum,2019,Platinum,usaco-official,https://www.usaco.org/index.php?page=viewproblem2&cpid=926,,standard,8,estimated,Platinum,dp.optimization.divide_conquer_opt,dp.optimization.divide_conquer_opt,via-usaco-guide,,,,,2026-09-19,2026-09-19
usaco-2019-feb-silver-paintingthebarn,Painting the Barn,usaco,USACO 2019 February Silver,2019,Silver,usaco-official,https://www.usaco.org/index.php?page=viewproblem2&cpid=919,,standard,4,estimated,Silver,data_structures.static_range.prefix_sums,data_structures.static_range.prefix_sums,via-usaco-guide,,,,,2026-09-19,2026-09-19
usaco-2019-feb-silver-sleepycowherding,Sleepy Cow Herding,usaco,USACO 2019 February Silver,2019,Silver,usaco-official,https://www.usaco.org/index.php?page=viewproblem2&cpid=918,,standard,4,estimated,Silver,data_structures.linear.sliding_window,data_structures.linear.sliding_window,via-usaco-guide,,,,,2026-09-19,2026-09-19
usaco-2019-feb-silver-thegreatrevegetation,The Great Revegetation,usaco,USACO 2019 February Silver,2019,Silver,usaco-official,https://www.usaco.org/index.php?page=viewproblem2&cpid=920,,standard,4,estimated,Silver,graphs.traversal.dfs,graphs.traversal.dfs,via-usaco-guide,,,,,2026-09-19,2026-09-19
usaco-2019-jan-bronze-guesstheanimal,Guess the Animal,usaco,USACO 2019 January Bronze,2019,Bronze,usaco-official,https://www.usaco.org/index.php?page=viewproblem2&cpid=893,,standard,2,estimated,Bronze,search.exhaustive.backtracking,search.exhaustive.backtracking,via-usaco-guide,,,,,2026-09-19,2026-09-19
usaco-2019-jan-bronze-shellgame,Shell Game,usaco,USACO 2019 January Bronze,2019,Bronze,usaco-official,https://www.usaco.org/index.php?page=viewproblem2&cpid=891,,standard,2,estimated,Bronze,adhoc.simulation.direct,adhoc.simulation.direct,via-usaco-guide,,,,,2026-09-19,2026-09-19
usaco-2019-jan-bronze-sleepycowsorting,Sleepy Cow Sorting,usaco,USACO 2019 January Bronze,2019,Bronze,usaco-official,https://www.usaco.org/index.php?page=viewproblem2&cpid=892,,standard,2,estimated,Bronze,geometry.sweep.line_sweep,geometry.sweep.line_sweep,via-usaco-analysis,,,,,2026-09-19,2026-09-19
usaco-2019-jan-gold-cowpoetry,Cow Poetry,usaco,USACO 2019 January Gold,2019,Gold,usaco-official,https://www.usaco.org/index.php?page=viewproblem2&cpid=897,,standard,6,estimated,Gold,dp.basics.knapsack,dp.basics.knapsack,via-usaco-guide,,,,,2026-09-19,2026-09-19
usaco-2019-jan-gold-shortcut,Shortcut,usaco,USACO 2019 January Gold,2019,Gold,usaco-official,https://www.usaco.org/index.php?page=viewproblem2&cpid=899,,standard,6,estimated,Gold,graphs.shortest_path.dijkstra,graphs.shortest_path.dijkstra,via-usaco-guide,,,,,2026-09-19,2026-09-19
usaco-2019-jan-gold-sleepycowsorting,Sleepy Cow Sorting,usaco,USACO 2019 January Gold,2019,Gold,usaco-official,https://www.usaco.org/index.php?page=viewproblem2&cpid=898,,standard,6,estimated,Gold,data_structures.range_query.segment_tree,data_structures.range_query.segment_tree,via-usaco-guide,,,,,2026-09-19,2026-09-19
usaco-2019-jan-platinum-exerciseroute,Exercise Route,usaco,USACO 2019 January Platinum,2019,Platinum,usaco-official,https://www.usaco.org/index.php?page=viewproblem2&cpid=901,,standard,8,estimated,Platinum,trees.ancestors.binary_lifting,trees.ancestors.binary_lifting,via-usaco-guide,,,,,2026-09-19,2026-09-19
usaco-2019-jan-platinum-redistricting,Redistricting,usaco,USACO 2019 January Platinum,2019,Platinum,usaco-official,https://www.usaco.org/index.php?page=viewproblem2&cpid=900,,standard,8,estimated,Platinum,adhoc.unclassified,adhoc.unclassified,via-dmoj-category,,,,,2026-09-19,2026-09-19
usaco-2019-jan-platinum-traintracking2,Train Tracking 2,usaco,USACO 2019 January Platinum,2019,Platinum,usaco-official,https://www.usaco.org/index.php?page=viewproblem2&cpid=902,,standard,8,estimated,Platinum,data_structures.range_query.fenwick,data_structures.range_query.fenwick,via-usaco-analysis,,,,,2026-09-19,2026-09-19
usaco-2019-jan-silver-grassplanting,Grass Planting,usaco,USACO 2019 January Silver,2019,Silver,usaco-official,https://www.usaco.org/index.php?page=viewproblem2&cpid=894,,standard,4,estimated,Silver,adhoc.unclassified,adhoc.unclassified,via-dmoj-category,,,,,2026-09-19,2026-09-19
usaco-2019-jan-silver-icyperimeter,Icy Perimeter,usaco,USACO 2019 January Silver,2019,Silver,usaco-official,https://www.usaco.org/index.php?page=viewproblem2&cpid=895,,standard,4,estimated,Silver,graphs.traversal.connectivity,graphs.traversal.connectivity,via-usaco-guide,,,,,2026-09-19,2026-09-19
usaco-2019-jan-silver-mountainview,Mountain View,usaco,USACO 2019 January Silver,2019,Silver,usaco-official,https://www.usaco.org/index.php?page=viewproblem2&cpid=896,,standard,4,estimated,Silver,greedy.exchange.sorting_order,greedy.exchange.sorting_order,via-usaco-guide,,,,,2026-09-19,2026-09-19
usaco-2019-open-bronze-bucketbrigade,Bucket Brigade,usaco,USACO 2019 US Open Bronze,2019,Bronze,usaco-official,https://www.usaco.org/index.php?page=viewproblem2&cpid=939,,standard,2,estimated,Bronze,adhoc.unclassified,adhoc.unclassified,via-dmoj-category,,,,,2026-09-19,2026-09-19
usaco-2019-open-bronze-cowevolution,Cow Evolution,usaco,USACO 2019 US Open Bronze,2019,Bronze,usaco-official,https://www.usaco.org/index.php?page=viewproblem2&cpid=941,,standard,2,estimated,Bronze,graphs.traversal.dfs,graphs.traversal.dfs,via-usaco-guide,,,,,2026-09-19,2026-09-19
usaco-2019-open-bronze-milkfactory,Milk Factory,usaco,USACO 2019 US Open Bronze,2019,Bronze,usaco-official,https://www.usaco.org/index.php?page=viewproblem2&cpid=940,,standard,2,estimated,Bronze,graphs.traversal.dfs,graphs.traversal.dfs,via-usaco-guide,,,,,2026-09-19,2026-09-19
usaco-2019-open-gold-balancinginversions,Balancing Inversions,usaco,USACO 2019 US Open Gold,2019,Gold,usaco-official,https://www.usaco.org/index.php?page=viewproblem2&cpid=947,,standard,6,estimated,Gold,data_structures.linear.sliding_window,data_structures.linear.sliding_window,via-usaco-analysis,,,,,2026-09-19,2026-09-19
usaco-2019-open-gold-iwouldwalk500miles,I Would Walk 500 Miles,usaco,USACO 2019 US Open Gold,2019,Gold,usaco-official,https://www.usaco.org/index.php?page=viewproblem2&cpid=946,,standard,6,estimated,Gold,graphs.spanning.mst,graphs.spanning.mst,via-usaco-guide,,,,,2026-09-19,2026-09-19
usaco-2019-open-gold-snakes,Snakes,usaco,USACO 2019 US Open Gold,2019,Gold,usaco-official,https://www.usaco.org/index.php?page=viewproblem2&cpid=945,,standard,6,estimated,Gold,dp.basics.linear,dp.basics.linear,via-usaco-guide,,,,,2026-09-19,2026-09-19
usaco-2019-open-platinum-compoundescape,Compound Escape,usaco,USACO 2019 US Open Platinum,2019,Platinum,usaco-official,https://www.usaco.org/index.php?page=viewproblem2&cpid=949,,standard,8,estimated,Platinum,dp.subset.broken_profile,dp.subset.broken_profile,via-usaco-guide,,,,,2026-09-19,2026-09-19
usaco-2019-open-platinum-treeboxes,Tree Boxes,usaco,USACO 2019 US Open Platinum,2019,Platinum,usaco-official,https://www.usaco.org/index.php?page=viewproblem2&cpid=948,,standard,8,estimated,Platinum,trees.ancestors.binary_lifting,trees.ancestors.binary_lifting,via-usaco-guide,,,,,2026-09-19,2026-09-19
usaco-2019-open-platinum-valleys,Valleys,usaco,USACO 2019 US Open Platinum,2019,Platinum,usaco-official,https://www.usaco.org/index.php?page=viewproblem2&cpid=950,,standard,8,estimated,Platinum,data_structures.disjoint_set.dsu,data_structures.disjoint_set.dsu,via-usaco-guide,,,,,2026-09-19,2026-09-19
usaco-2019-open-silver-cowsteeplechaseii,Cow Steeplechase II,usaco,USACO 2019 US Open Silver,2019,Silver,usaco-official,https://www.usaco.org/index.php?page=viewproblem2&cpid=943,,standard,4,estimated,Silver,geometry.sweep.line_sweep,geometry.sweep.line_sweep,via-usaco-guide,,,,,2026-09-19,2026-09-19
usaco-2019-open-silver-fenceplanning,Fence Planning,usaco,USACO 2019 US Open Silver,2019,Silver,usaco-official,https://www.usaco.org/index.php?page=viewproblem2&cpid=944,,standard,4,estimated,Silver,graphs.traversal.dfs,graphs.traversal.dfs,via-usaco-guide,,,,,2026-09-19,2026-09-19
usaco-2019-open-silver-leftout,Left Out,usaco,USACO 2019 US Open Silver,2019,Silver,usaco-official,https://www.usaco.org/index.php?page=viewproblem2&cpid=942,,standard,4,estimated,Silver,data_structures.range_query.fenwick,data_structures.range_query.fenwick,via-usaco-analysis,,,,,2026-09-19,2026-09-19
usaco-2020-dec-bronze-daisychains,Daisy Chains,usaco,USACO 2020 December Bronze,2020,Bronze,usaco-official,https://www.usaco.org/index.php?page=viewproblem2&cpid=1060,,standard,2,estimated,Bronze,search.exhaustive.backtracking,search.exhaustive.backtracking,via-usaco-guide,,,,,2026-09-19,2026-09-19
usaco-2020-dec-bronze-doyouknowyourabcs,Do You Know Your ABCs?,usaco,USACO 2020 December Bronze,2020,Bronze,usaco-official,https://www.usaco.org/index.php?page=viewproblem2&cpid=1059,,standard,2,estimated,Bronze,adhoc.simulation.sorting,adhoc.simulation.sorting,via-usaco-guide,,,,,2026-09-19,2026-09-19
usaco-2020-dec-bronze-stuckinarut,Stuck in a Rut,usaco,USACO 2020 December Bronze,2020,Bronze,usaco-official,https://www.usaco.org/index.php?page=viewproblem2&cpid=1061,,standard,2,estimated,Bronze,adhoc.simulation.direct,adhoc.simulation.direct,via-usaco-guide,,,,,2026-09-19,2026-09-19
usaco-2020-dec-gold-bovinegenetics,Bovine Genetics,usaco,USACO 2020 December Gold,2020,Gold,usaco-official,https://www.usaco.org/index.php?page=viewproblem2&cpid=1066,,standard,6,estimated,Gold,dp.basics.linear,dp.basics.linear,via-usaco-guide,,,,,2026-09-19,2026-09-19
usaco-2020-dec-gold-replication,Replication,usaco,USACO 2020 Dec Gold,2020,Gold,usaco-official,https://www.usaco.org/index.php?page=viewproblem2&cpid=1065,,standard,6,estimated,Gold,graphs.traversal.bfs,graphs.traversal.bfs,,4,,,,2026-09-19,2026-09-19
usaco-2020-dec-gold-squarepasture,Square Pasture,usaco,USACO 2020 Dec Gold,2020,Gold,usaco-official,https://www.usaco.org/index.php?page=viewproblem2&cpid=1067,,standard,6,estimated,Gold,adhoc.simulation.sorting,adhoc.simulation.sorting,,4,,,,2026-09-19,2026-09-19
usaco-2020-dec-platinum-cowmistry,Cowmistry,usaco,USACO 2020 Dec Platinum,2020,Platinum,usaco-official,https://www.usaco.org/index.php?page=viewproblem2&cpid=1070,,standard,8,estimated,Platinum,bitwise.structures.trie_xor,bitwise.structures.trie_xor,,5,true,,,2026-09-19,2026-09-19
usaco-2020-dec-platinum-sleepingcows,Sleeping Cows,usaco,USACO 2020 Dec Platinum,2020,Platinum,usaco-official,https://www.usaco.org/index.php?page=viewproblem2&cpid=1068,,standard,7,estimated,Platinum,dp.basics.linear,dp.basics.linear,,4,,,,2026-09-19,2026-09-19
usaco-2020-dec-platinum-spaceship,Spaceship,usaco,USACO 2020 Dec Platinum,2020,Platinum,usaco-official,https://www.usaco.org/index.php?page=viewproblem2&cpid=1069,,standard,8,estimated,Platinum,dp.basics.linear,dp.basics.linear,,4,,,,2026-09-19,2026-09-19
usaco-2020-dec-silver-cowntagion,Cowntagion,usaco,USACO 2020 Dec Silver,2020,Silver,usaco-official,https://www.usaco.org/index.php?page=viewproblem2&cpid=1062,,standard,3,estimated,Silver,graphs.traversal.dfs,graphs.traversal.dfs,,4,,,,2026-09-19,2026-09-19
usaco-2020-dec-silver-rectangularpasture,Rectangular Pasture,usaco,USACO 2020 Dec Silver,2020,Silver,usaco-official,https://www.usaco.org/index.php?page=viewproblem2&cpid=1063,,standard,4,estimated,Silver,data_structures.range_query.fenwick,data_structures.range_query.fenwick,,4,,,,2026-09-19,2026-09-19
usaco-2020-dec-silver-stuckinarut,Stuck in a Rut,usaco,USACO 2020 December Silver,2020,Silver,usaco-official,https://www.usaco.org/index.php?page=viewproblem2&cpid=1064,,standard,4,estimated,Silver,greedy.exchange.sorting_order,greedy.exchange.sorting_order,via-usaco-guide,,,,,2026-09-19,2026-09-19
usaco-2020-feb-bronze-madscientist,Mad Scientist,usaco,USACO 2020 February Bronze,2020,Bronze,usaco-official,https://www.usaco.org/index.php?page=viewproblem2&cpid=1012,,standard,2,estimated,Bronze,greedy.exchange.sorting_order,greedy.exchange.sorting_order,via-usaco-guide,,,,,2026-09-19,2026-09-19
usaco-2020-feb-bronze-swapityswap,Swapity Swap,usaco,USACO 2020 February Bronze,2020,Bronze,usaco-official,https://www.usaco.org/index.php?page=viewproblem2&cpid=1013,,standard,2,estimated,Bronze,graphs.traversal.dfs,graphs.traversal.dfs,via-usaco-guide,,,,,2026-09-19,2026-09-19
usaco-2020-feb-bronze-triangles,Triangles,usaco,USACO 2020 February Bronze,2020,Bronze,usaco-official,https://www.usaco.org/index.php?page=viewproblem2&cpid=1011,,standard,2,estimated,Bronze,search.exhaustive.backtracking,search.exhaustive.backtracking,via-usaco-guide,,,,,2026-09-19,2026-09-19
usaco-2020-feb-gold-delegation,Delegation,usaco,USACO 2020 February Gold,2020,Gold,usaco-official,https://www.usaco.org/index.php?page=viewproblem2&cpid=1019,,standard,6,estimated,Gold,dp.tree.subtree_dp,dp.tree.subtree_dp,via-usaco-guide,,,,,2026-09-19,2026-09-19
usaco-2020-feb-gold-helpyourself,Help Yourself,usaco,USACO 2020 February Gold,2020,Gold,usaco-official,https://www.usaco.org/index.php?page=viewproblem2&cpid=1018,,standard,6,estimated,Gold,combinatorics.basics.binomials,combinatorics.basics.binomials,via-usaco-guide,,,,,2026-09-19,2026-09-19
usaco-2020-feb-gold-timeline,Timeline,usaco,USACO 2020 February Gold,2020,Gold,usaco-official,https://www.usaco.org/index.php?page=viewproblem2&cpid=1017,,standard,6,estimated,Gold,graphs.traversal.topological_sort,graphs.traversal.topological_sort,via-usaco-guide,,,,,2026-09-19,2026-09-19
usaco-2020-feb-platinum-delegation,Delegation,usaco,USACO 2020 February Platinum,2020,Platinum,usaco-official,https://www.usaco.org/index.php?page=viewproblem2&cpid=1020,,standard,8,estimated,Platinum,dp.tree.subtree_dp,dp.tree.subtree_dp,via-usaco-guide,,,,,2026-09-19,2026-09-19
usaco-2020-feb-platinum-equilateraltriangles,Equilateral Triangles,usaco,USACO 2020 February Platinum,2020,Platinum,usaco-official,https://www.usaco.org/index.php?page=viewproblem2&cpid=1021,,standard,8,estimated,Platinum,bitwise.techniques.bitset_optimization,bitwise.techniques.bitset_optimization,via-usaco-guide,,,,,2026-09-19,2026-09-19
usaco-2020-feb-platinum-helpyourself,Help Yourself,usaco,USACO 2020 February Platinum,2020,Platinum,usaco-official,https://www.usaco.org/index.php?page=viewproblem2&cpid=1022,,standard,8,estimated,Platinum,data_structures.range_query.lazy_propagation,data_structures.range_query.lazy_propagation,via-usaco-analysis,,,,,2026-09-19,2026-09-19
usaco-2020-feb-silver-clocktree,Clock Tree,usaco,USACO 2020 February Silver,2020,Silver,usaco-official,https://www.usaco.org/index.php?page=viewproblem2&cpid=1016,,standard,4,estimated,Silver,graphs.traversal.dfs,graphs.traversal.dfs,via-usaco-analysis,,,,,2026-09-19,2026-09-19
usaco-2020-feb-silver-swapityswapityswap,Swapity Swapity Swap,usaco,USACO 2020 February Silver,2020,Silver,usaco-official,https://www.usaco.org/index.php?page=viewproblem2&cpid=1014,,standard,4,estimated,Silver,data_structures.trees.treap,data_structures.trees.treap,via-usaco-analysis,,,,,2026-09-19,2026-09-19
usaco-2020-feb-silver-triangles,Triangles,usaco,USACO 2020 February Silver,2020,Silver,usaco-official,https://www.usaco.org/index.php?page=viewproblem2&cpid=1015,,standard,4,estimated,Silver,greedy.exchange.sorting_order,greedy.exchange.sorting_order,via-usaco-guide,,,,,2026-09-19,2026-09-19
usaco-2020-jan-bronze-photoshoot,Photoshoot,usaco,USACO 2020 January Bronze,2020,Bronze,usaco-official,https://www.usaco.org/index.php?page=viewproblem2&cpid=988,,standard,2,estimated,Bronze,adhoc.unclassified,adhoc.unclassified,via-dmoj-category,,,,,2026-09-19,2026-09-19
usaco-2020-jan-bronze-race,Race,usaco,USACO 2020 January Bronze,2020,Bronze,usaco-official,https://www.usaco.org/index.php?page=viewproblem2&cpid=989,,standard,2,estimated,Bronze,greedy.exchange.sorting_order,greedy.exchange.sorting_order,via-usaco-guide,,,,,2026-09-19,2026-09-19
usaco-2020-jan-bronze-wordprocessor,Word Processor,usaco,USACO 2020 January Bronze,2020,Bronze,usaco-official,https://www.usaco.org/index.php?page=viewproblem2&cpid=987,,standard,2,estimated,Bronze,adhoc.simulation.direct,adhoc.simulation.direct,via-usaco-guide,,,,,2026-09-19,2026-09-19
usaco-2020-jan-gold-farmerjohnsolves3sum,Farmer John Solves 3SUM,usaco,USACO 2020 January Gold,2020,Gold,usaco-official,https://www.usaco.org/index.php?page=viewproblem2&cpid=994,,standard,6,estimated,Gold,data_structures.linear.hash_map,data_structures.linear.hash_map,via-usaco-guide,,,,,2026-09-19,2026-09-19
usaco-2020-jan-gold-springboards,Springboards,usaco,USACO 2020 January Gold,2020,Gold,usaco-official,https://www.usaco.org/index.php?page=viewproblem2&cpid=995,,standard,6,estimated,Gold,geometry.sweep.line_sweep,geometry.sweep.line_sweep,via-usaco-guide,,,,,2026-09-19,2026-09-19
usaco-2020-jan-gold-timeismooney,Time is Mooney,usaco,USACO 2020 January Gold,2020,Gold,usaco-official,https://www.usaco.org/index.php?page=viewproblem2&cpid=993,,standard,6,estimated,Gold,dp.basics.linear,dp.basics.linear,via-usaco-guide,,,,,2026-09-19,2026-09-19
usaco-2020-jan-platinum-cavepaintings,Cave Paintings,usaco,USACO 2020 January Platinum,2020,Platinum,usaco-official,https://www.usaco.org/index.php?page=viewproblem2&cpid=996,,standard,8,estimated,Platinum,data_structures.disjoint_set.dsu,data_structures.disjoint_set.dsu,via-usaco-analysis,,,,,2026-09-19,2026-09-19
usaco-2020-jan-platinum-fallingportals,Falling Portals,usaco,USACO 2020 January Platinum,2020,Platinum,usaco-official,https://www.usaco.org/index.php?page=viewproblem2&cpid=998,,standard,8,estimated,Platinum,dp.optimization.convex_hull_trick,dp.optimization.convex_hull_trick,via-usaco-guide,,,,,2026-09-19,2026-09-19
usaco-2020-jan-platinum-nondecreasingsubsequences,Non-Decreasing Subsequences,usaco,USACO 2020 January Platinum,2020,Platinum,usaco-official,https://www.usaco.org/index.php?page=viewproblem2&cpid=997,,standard,8,estimated,Platinum,data_structures.static_range.sparse_table,data_structures.static_range.sparse_table,via-usaco-guide,,,,,2026-09-19,2026-09-19
usaco-2020-jan-silver-berrypicking,Berry Picking,usaco,USACO 2020 January Silver,2020,Silver,usaco-official,https://www.usaco.org/index.php?page=viewproblem2&cpid=990,,standard,4,estimated,Silver,greedy.exchange.sorting_order,greedy.exchange.sorting_order,via-usaco-guide,,,,,2026-09-19,2026-09-19
usaco-2020-jan-silver-loanrepayment,Loan Repayment,usaco,USACO 2020 January Silver,2020,Silver,usaco-official,https://www.usaco.org/index.php?page=viewproblem2&cpid=991,,standard,4,estimated,Silver,search.binary_search.on_answer,search.binary_search.on_answer,via-usaco-guide,,,,,2026-09-19,2026-09-19
usaco-2020-jan-silver-wormholesort,Wormhole Sort,usaco,USACO 2020 January Silver,2020,Silver,usaco-official,https://www.usaco.org/index.php?page=viewproblem2&cpid=992,,standard,4,estimated,Silver,graphs.traversal.dfs,graphs.traversal.dfs,via-usaco-guide,,,,,2026-09-19,2026-09-19
usaco-2020-open-bronze-cowntacttracing,Cowntact Tracing,usaco,USACO 2020 US Open Bronze,2020,Bronze,usaco-official,https://www.usaco.org/index.php?page=viewproblem2&cpid=1037,,standard,2,estimated,Bronze,search.exhaustive.backtracking,search.exhaustive.backtracking,via-usaco-guide,,,,,2026-09-19,2026-09-19
usaco-2020-open-bronze-socialdistancingi,Social Distancing I,usaco,USACO 2020 US Open Bronze,2020,Bronze,usaco-official,https://www.usaco.org/index.php?page=viewproblem2&cpid=1035,,standard,2,estimated,Bronze,adhoc.unclassified,adhoc.unclassified,via-dmoj-category,,,,,2026-09-19,2026-09-19
usaco-2020-open-bronze-socialdistancingii,Social Distancing II,usaco,USACO 2020 US Open Bronze,2020,Bronze,usaco-official,https://www.usaco.org/index.php?page=viewproblem2&cpid=1036,,standard,2,estimated,Bronze,adhoc.simulation.sorting,adhoc.simulation.sorting,via-usaco-analysis,,,,,2026-09-19,2026-09-19
usaco-2020-open-gold-exercise,Exercise,usaco,USACO 2020 US Open Gold,2020,Gold,usaco-official,https://www.usaco.org/index.php?page=viewproblem2&cpid=1043,,standard,6,estimated,Gold,dp.basics.knapsack,dp.basics.knapsack,via-usaco-guide,,,,,2026-09-19,2026-09-19
usaco-2020-open-gold-favoritecolors,Favorite Colors,usaco,USACO 2020 US Open Gold,2020,Gold,usaco-official,https://www.usaco.org/index.php?page=viewproblem2&cpid=1042,,standard,6,estimated,Gold,data_structures.disjoint_set.dsu,data_structures.disjoint_set.dsu,via-usaco-guide,,,,,2026-09-19,2026-09-19
usaco-2020-open-gold-haircut,Haircut,usaco,USACO 2020 US Open Gold,2020,Gold,usaco-official,https://www.usaco.org/index.php?page=viewproblem2&cpid=1041,,standard,6,estimated,Gold,data_structures.range_query.segment_tree,data_structures.range_query.segment_tree,via-usaco-guide,,,,,2026-09-19,2026-09-19
usaco-2020-open-platinum-circus,Circus,usaco,USACO 2020 US Open Platinum,2020,Platinum,usaco-official,https://www.usaco.org/index.php?page=viewproblem2&cpid=1046,,standard,8,estimated,Platinum,data_structures.disjoint_set.dsu,data_structures.disjoint_set.dsu,via-usaco-analysis,,,,,2026-09-19,2026-09-19
usaco-2020-open-platinum-exercise,Exercise,usaco,USACO 2020 US Open Platinum,2020,Platinum,usaco-official,https://www.usaco.org/index.php?page=viewproblem2&cpid=1045,,standard,8,estimated,Platinum,dp.basics.knapsack,dp.basics.knapsack,via-usaco-guide,,,,,2026-09-19,2026-09-19
usaco-2020-open-platinum-sprinklers2returnofthealfalfa,Sprinklers 2: Return of the Alfalfa,usaco,USACO 2020 US Open Platinum,2020,Platinum,usaco-official,https://www.usaco.org/index.php?page=viewproblem2&cpid=1044,,standard,8,estimated,Platinum,data_structures.static_range.prefix_sums,data_structures.static_range.prefix_sums,via-usaco-analysis,,,,,2026-09-19,2026-09-19
usaco-2020-open-silver-cereal,Cereal,usaco,USACO 2020 US Open Silver,2020,Silver,usaco-official,https://www.usaco.org/index.php?page=viewproblem2&cpid=1039,,standard,4,estimated,Silver,adhoc.simulation.direct,adhoc.simulation.direct,via-usaco-analysis,,,,,2026-09-19,2026-09-19
usaco-2020-open-silver-socialdistancing,Social Distancing,usaco,USACO 2020 US Open Silver,2020,Silver,usaco-official,https://www.usaco.org/index.php?page=viewproblem2&cpid=1038,,standard,4,estimated,Silver,search.binary_search.on_answer,search.binary_search.on_answer,via-usaco-guide,,,,,2026-09-19,2026-09-19
usaco-2020-open-silver-themooparticle,The Moo Particle,usaco,USACO 2020 US Open Silver,2020,Silver,usaco-official,https://www.usaco.org/index.php?page=viewproblem2&cpid=1040,,standard,4,estimated,Silver,graphs.traversal.connectivity,graphs.traversal.connectivity,via-usaco-analysis,,,,,2026-09-19,2026-09-19
usaco-2021-dec-bronze-aircownditioning,Air Cownditioning,usaco,USACO 2021 December Bronze,2021,Bronze,usaco-official,https://www.usaco.org/index.php?page=viewproblem2&cpid=1156,,standard,2,estimated,Bronze,greedy.exchange.sorting_order,greedy.exchange.sorting_order,via-usaco-analysis,,,,,2026-09-19,2026-09-19
usaco-2021-dec-bronze-lonelyphoto,Lonely Photo,usaco,USACO 2021 December Bronze,2021,Bronze,usaco-official,https://www.usaco.org/index.php?page=viewproblem2&cpid=1155,,standard,2,estimated,Bronze,adhoc.unclassified,adhoc.unclassified,via-dmoj-category,,,,,2026-09-19,2026-09-19
usaco-2021-dec-bronze-walkinghome,Walking Home,usaco,USACO 2021 December Bronze,2021,Bronze,usaco-official,https://www.usaco.org/index.php?page=viewproblem2&cpid=1157,,standard,2,estimated,Bronze,search.exhaustive.backtracking,search.exhaustive.backtracking,via-usaco-analysis,,,,,2026-09-19,2026-09-19
usaco-2021-dec-gold-braceletcrossings,Bracelet Crossings,usaco,USACO 2021 December Gold,2021,Gold,usaco-official,https://www.usaco.org/index.php?page=viewproblem2&cpid=1163,,standard,6,estimated,Gold,adhoc.unclassified,adhoc.unclassified,via-dmoj-category,,,,,2026-09-19,2026-09-19
usaco-2021-dec-gold-hilo,HILO,usaco,USACO 2021 December Gold,2021,Gold,usaco-official,https://www.usaco.org/index.php?page=viewproblem2&cpid=1162,,standard,6,estimated,Gold,data_structures.linear.stack,data_structures.linear.stack,via-usaco-guide,,,,,2026-09-19,2026-09-19
usaco-2021-dec-gold-pairedup,Paired Up,usaco,USACO 2021 December Gold,2021,Gold,usaco-official,https://www.usaco.org/index.php?page=viewproblem2&cpid=1161,,standard,6,estimated,Gold,search.binary_search.on_answer,search.binary_search.on_answer,via-usaco-analysis,,,,,2026-09-19,2026-09-19
usaco-2021-dec-platinum-hilo,HILO,usaco,USACO 2021 December Platinum,2021,Platinum,usaco-official,https://www.usaco.org/index.php?page=viewproblem2&cpid=1166,,standard,8,estimated,Platinum,math.algebra.polynomials,math.algebra.polynomials,via-usaco-analysis,,,,,2026-09-19,2026-09-19
usaco-2021-dec-platinum-pairedup,Paired Up,usaco,USACO 2021 December Platinum,2021,Platinum,usaco-official,https://www.usaco.org/index.php?page=viewproblem2&cpid=1165,,standard,8,estimated,Platinum,adhoc.simulation.sorting,adhoc.simulation.sorting,via-usaco-analysis,,,,,2026-09-19,2026-09-19
usaco-2021-dec-platinum-tickets,Tickets,usaco,USACO 2021 December Platinum,2021,Platinum,usaco-official,https://www.usaco.org/index.php?page=viewproblem2&cpid=1164,,standard,8,estimated,Platinum,data_structures.range_query.segment_tree,data_structures.range_query.segment_tree,via-usaco-analysis,,,,,2026-09-19,2026-09-19
usaco-2021-dec-silver-closestcowwins,Closest Cow Wins,usaco,USACO 2021 December Silver,2021,Silver,usaco-official,https://www.usaco.org/index.php?page=viewproblem2&cpid=1158,,standard,4,estimated,Silver,greedy.exchange.sorting_order,greedy.exchange.sorting_order,via-usaco-guide,,,,,2026-09-19,2026-09-19
usaco-2021-dec-silver-connectingtwobarns,Connecting Two Barns,usaco,USACO 2021 December Silver,2021,Silver,usaco-official,https://www.usaco.org/index.php?page=viewproblem2&cpid=1159,,standard,4,estimated,Silver,graphs.traversal.dfs,graphs.traversal.dfs,via-usaco-guide,,,,,2026-09-19,2026-09-19
usaco-2021-dec-silver-convolutedintervals,Convoluted Intervals,usaco,USACO 2021 December Silver,2021,Silver,usaco-official,https://www.usaco.org/index.php?page=viewproblem2&cpid=1160,,standard,4,estimated,Silver,data_structures.static_range.prefix_sums,data_structures.static_range.prefix_sums,via-usaco-analysis,,,,,2026-09-19,2026-09-19
usaco-2021-feb-bronze-clockwisefence,Clockwise Fence,usaco,USACO 2021 February Bronze,2021,Bronze,usaco-official,https://www.usaco.org/index.php?page=viewproblem2&cpid=1109,,standard,2,estimated,Bronze,search.exhaustive.backtracking,search.exhaustive.backtracking,via-usaco-analysis,,,,,2026-09-19,2026-09-19
usaco-2021-feb-bronze-comfortablecows,Comfortable Cows,usaco,USACO 2021 February Bronze,2021,Bronze,usaco-official,https://www.usaco.org/index.php?page=viewproblem2&cpid=1108,,standard,2,estimated,Bronze,adhoc.unclassified,adhoc.unclassified,via-dmoj-category,,,,,2026-09-19,2026-09-19
usaco-2021-feb-bronze-yearofthecow,Year of the Cow,usaco,USACO 2021 February Bronze,2021,Bronze,usaco-official,https://www.usaco.org/index.php?page=viewproblem2&cpid=1107,,standard,2,estimated,Bronze,data_structures.linear.hash_map,data_structures.linear.hash_map,via-usaco-guide,,,,,2026-09-19,2026-09-19
usaco-2021-feb-gold-countthecows,Count the Cows,usaco,USACO 2021 February Gold,2021,Gold,usaco-official,https://www.usaco.org/index.php?page=viewproblem2&cpid=1115,,standard,6,estimated,Gold,dp.digit.digit_dp,dp.digit.digit_dp,via-usaco-guide,,,,,2026-09-19,2026-09-19
usaco-2021-feb-gold-modernart3,Modern Art 3,usaco,USACO 2021 February Gold,2021,Gold,usaco-official,https://www.usaco.org/index.php?page=viewproblem2&cpid=1114,,standard,6,estimated,Gold,dp.basics.interval,dp.basics.interval,via-usaco-guide,,,,,2026-09-19,2026-09-19
usaco-2021-feb-gold-stonegame,Stone Game,usaco,USACO 2021 February Gold,2021,Gold,usaco-official,https://www.usaco.org/index.php?page=viewproblem2&cpid=1113,,standard,6,estimated,Gold,data_structures.static_range.prefix_sums,data_structures.static_range.prefix_sums,via-usaco-analysis,,,,,2026-09-19,2026-09-19
usaco-2021-feb-platinum-countinggraphs,Counting Graphs,usaco,USACO 2021 February Platinum,2021,Platinum,usaco-official,https://www.usaco.org/index.php?page=viewproblem2&cpid=1118,,standard,8,estimated,Platinum,graphs.traversal.bfs,graphs.traversal.bfs,via-usaco-analysis,,,,,2026-09-19,2026-09-19
usaco-2021-feb-platinum-minimizingedges,Minimizing Edges,usaco,USACO 2021 February Platinum,2021,Platinum,usaco-official,https://www.usaco.org/index.php?page=viewproblem2&cpid=1117,,standard,8,estimated,Platinum,trees.basics.euler_tour,trees.basics.euler_tour,via-usaco-analysis,,,,,2026-09-19,2026-09-19
usaco-2021-feb-platinum-notimetodry,No Time to Dry,usaco,USACO 2021 February Platinum,2021,Platinum,usaco-official,https://www.usaco.org/index.php?page=viewproblem2&cpid=1116,,standard,8,estimated,Platinum,data_structures.range_query.fenwick,data_structures.range_query.fenwick,via-usaco-analysis,,,,,2026-09-19,2026-09-19
usaco-2021-feb-silver-comfortablecows,Comfortable Cows,usaco,USACO 2021 February Silver,2021,Silver,usaco-official,https://www.usaco.org/index.php?page=viewproblem2&cpid=1110,,standard,4,estimated,Silver,graphs.traversal.connectivity,graphs.traversal.connectivity,via-usaco-guide,,,,,2026-09-19,2026-09-19
usaco-2021-feb-silver-justgreenenough,Just Green Enough,usaco,USACO 2021 February Silver,2021,Silver,usaco-official,https://www.usaco.org/index.php?page=viewproblem2&cpid=1112,,standard,4,estimated,Silver,data_structures.static_range.prefix_sums,data_structures.static_range.prefix_sums,via-usaco-guide,,,,,2026-09-19,2026-09-19
usaco-2021-feb-silver-yearofthecow,Year of the Cow,usaco,USACO 2021 February Silver,2021,Silver,usaco-official,https://www.usaco.org/index.php?page=viewproblem2&cpid=1111,,standard,4,estimated,Silver,adhoc.simulation.sorting,adhoc.simulation.sorting,via-usaco-analysis,,,,,2026-09-19,2026-09-19
usaco-2021-jan-bronze-evenmoreoddphotos,Even More Odd Photos,usaco,USACO 2021 January Bronze,2021,Bronze,usaco-official,https://www.usaco.org/index.php?page=viewproblem2&cpid=1084,,standard,2,estimated,Bronze,greedy.exchange.sorting_order,greedy.exchange.sorting_order,via-usaco-guide,,,,,2026-09-19,2026-09-19
usaco-2021-jan-bronze-juststalling,Just Stalling,usaco,USACO 2021 January Bronze,2021,Bronze,usaco-official,https://www.usaco.org/index.php?page=viewproblem2&cpid=1085,,standard,2,estimated,Bronze,data_structures.linear.sliding_window,data_structures.linear.sliding_window,via-usaco-analysis,,,,,2026-09-19,2026-09-19
usaco-2021-jan-bronze-udderedbutnotherd,Uddered but not Herd,usaco,USACO 2021 January Bronze,2021,Bronze,usaco-official,https://www.usaco.org/index.php?page=viewproblem2&cpid=1083,,standard,2,estimated,Bronze,search.exhaustive.backtracking,search.exhaustive.backtracking,via-usaco-analysis,,,,,2026-09-19,2026-09-19
usaco-2021-jan-gold-dancemooves,Dance Mooves,usaco,USACO 2021 January Gold,2021,Gold,usaco-official,https://www.usaco.org/index.php?page=viewproblem2&cpid=1091,,standard,6,estimated,Gold,data_structures.linear.sliding_window,data_structures.linear.sliding_window,via-usaco-analysis,,,,,2026-09-19,2026-09-19
usaco-2021-jan-gold-telephone,Telephone,usaco,USACO 2021 January Gold,2021,Gold,usaco-official,https://www.usaco.org/index.php?page=viewproblem2&cpid=1090,,standard,6,estimated,Gold,graphs.shortest_path.dijkstra,graphs.shortest_path.dijkstra,via-usaco-guide,,,,,2026-09-19,2026-09-19
usaco-2021-jan-gold-udderedbutnotherd,Uddered but not Herd,usaco,USACO 2021 January Gold,2021,Gold,usaco-official,https://www.usaco.org/index.php?page=viewproblem2&cpid=1089,,standard,6,estimated,Gold,dp.subset.subset_dp,dp.subset.subset_dp,via-usaco-guide,,,,,2026-09-19,2026-09-19
usaco-2021-jan-platinum-minimumcostpaths,Minimum Cost Paths,usaco,USACO 2021 January Platinum,2021,Platinum,usaco-official,https://www.usaco.org/index.php?page=viewproblem2&cpid=1093,,standard,8,estimated,Platinum,dp.optimization.convex_hull_trick,dp.optimization.convex_hull_trick,via-usaco-analysis,,,,,2026-09-19,2026-09-19
usaco-2021-jan-platinum-paintbyletters,Paint by Letters,usaco,USACO 2021 January Platinum,2021,Platinum,usaco-official,https://www.usaco.org/index.php?page=viewproblem2&cpid=1094,,standard,8,estimated,Platinum,graphs.special_graphs.planar,graphs.special_graphs.planar,via-usaco-guide,,,,,2026-09-19,2026-09-19
usaco-2021-jan-platinum-sumofdistances,Sum of Distances,usaco,USACO 2021 January Platinum,2021,Platinum,usaco-official,https://www.usaco.org/index.php?page=viewproblem2&cpid=1092,,standard,8,estimated,Platinum,data_structures.range_query.segment_tree,data_structures.range_query.segment_tree,via-usaco-analysis,,,,,2026-09-19,2026-09-19
usaco-2021-jan-silver-dancemooves,Dance Mooves,usaco,USACO 2021 January Silver,2021,Silver,usaco-official,https://www.usaco.org/index.php?page=viewproblem2&cpid=1086,,standard,4,estimated,Silver,graphs.traversal.dfs,graphs.traversal.dfs,via-usaco-analysis,,,,,2026-09-19,2026-09-19
usaco-2021-jan-silver-notimetopaint,No Time to Paint,usaco,USACO 2021 January Silver,2021,Silver,usaco-official,https://www.usaco.org/index.php?page=viewproblem2&cpid=1087,,standard,4,estimated,Silver,adhoc.unclassified,adhoc.unclassified,via-dmoj-category,,,,,2026-09-19,2026-09-19
usaco-2021-jan-silver-spacedout,Spaced Out,usaco,USACO 2021 January Silver,2021,Silver,usaco-official,https://www.usaco.org/index.php?page=viewproblem2&cpid=1088,,standard,4,estimated,Silver,adhoc.unclassified,adhoc.unclassified,via-dmoj-category,,,,,2026-09-19,2026-09-19
usaco-2021-open-bronze-acowdemiai,Acowdemia I,usaco,USACO 2021 US Open Bronze,2021,Bronze,usaco-official,https://www.usaco.org/index.php?page=viewproblem2&cpid=1131,,standard,2,estimated,Bronze,adhoc.simulation.sorting,adhoc.simulation.sorting,via-usaco-analysis,,,,,2026-09-19,2026-09-19
usaco-2021-open-bronze-acowdemiaii,Acowdemia II,usaco,USACO 2021 US Open Bronze,2021,Bronze,usaco-official,https://www.usaco.org/index.php?page=viewproblem2&cpid=1132,,standard,2,estimated,Bronze,adhoc.unclassified,adhoc.unclassified,via-dmoj-category,,,,,2026-09-19,2026-09-19
usaco-2021-open-bronze-acowdemiaiii,Acowdemia III,usaco,USACO 2021 US Open Bronze,2021,Bronze,usaco-official,https://www.usaco.org/index.php?page=viewproblem2&cpid=1133,,standard,2,estimated,Bronze,greedy.exchange.sorting_order,greedy.exchange.sorting_order,via-usaco-analysis,,,,,2026-09-19,2026-09-19
usaco-2021-open-gold-permutation,Permutation,usaco,USACO 2021 US Open Gold,2021,Gold,usaco-official,https://www.usaco.org/index.php?page=viewproblem2&cpid=1139,,standard,6,estimated,Gold,adhoc.simulation.sorting,adhoc.simulation.sorting,via-usaco-analysis,,,,,2026-09-19,2026-09-19
usaco-2021-open-gold-portals,Portals,usaco,USACO 2021 US Open Gold,2021,Gold,usaco-official,https://www.usaco.org/index.php?page=viewproblem2&cpid=1138,,standard,6,estimated,Gold,graphs.spanning.mst,graphs.spanning.mst,via-usaco-guide,,,,,2026-09-19,2026-09-19
usaco-2021-open-gold-unitedcowsoffarmerjohn,United Cows of Farmer John,usaco,USACO 2021 US Open Gold,2021,Gold,usaco-official,https://www.usaco.org/index.php?page=viewproblem2&cpid=1137,,standard,6,estimated,Gold,data_structures.range_query.fenwick,data_structures.range_query.fenwick,via-usaco-analysis,,,,,2026-09-19,2026-09-19
usaco-2021-open-platinum-balancedsubsets,Balanced Subsets,usaco,USACO 2021 US Open Platinum,2021,Platinum,usaco-official,https://www.usaco.org/index.php?page=viewproblem2&cpid=1142,,standard,8,estimated,Platinum,data_structures.static_range.prefix_sums,data_structures.static_range.prefix_sums,via-usaco-analysis,,,,,2026-09-19,2026-09-19
usaco-2021-open-platinum-routingschemes,Routing Schemes,usaco,USACO 2021 US Open Platinum,2021,Platinum,usaco-official,https://www.usaco.org/index.php?page=viewproblem2&cpid=1141,,standard,8,estimated,Platinum,data_structures.range_query.fenwick,data_structures.range_query.fenwick,via-usaco-analysis,,,,,2026-09-19,2026-09-19
usaco-2021-open-platinum-unitedcowsoffarmerjohn,United Cows of Farmer John,usaco,USACO 2021 US Open Platinum,2021,Platinum,usaco-official,https://www.usaco.org/index.php?page=viewproblem2&cpid=1140,,standard,8,estimated,Platinum,data_structures.range_query.lazy_propagation,data_structures.range_query.lazy_propagation,via-usaco-analysis,,,,,2026-09-19,2026-09-19
usaco-2021-open-silver-acowdemia,Acowdemia,usaco,USACO 2021 US Open Silver,2021,Silver,usaco-official,https://www.usaco.org/index.php?page=viewproblem2&cpid=1136,,standard,4,estimated,Silver,search.binary_search.on_answer,search.binary_search.on_answer,via-usaco-analysis,,,,,2026-09-19,2026-09-19
usaco-2021-open-silver-doyouknowyourabcs,Do You Know Your ABCs?,usaco,USACO 2021 US Open Silver,2021,Silver,usaco-official,https://www.usaco.org/index.php?page=viewproblem2&cpid=1135,,standard,4,estimated,Silver,math.algebra.linear_algebra,math.algebra.linear_algebra,via-usaco-analysis,,,,,2026-09-19,2026-09-19
usaco-2021-open-silver-mazetactoe,Maze Tac Toe,usaco,USACO 2021 US Open Silver,2021,Silver,usaco-official,https://www.usaco.org/index.php?page=viewproblem2&cpid=1134,,standard,4,estimated,Silver,graphs.traversal.connectivity,graphs.traversal.connectivity,via-usaco-guide,,,,,2026-09-19,2026-09-19
usaco-2022-dec-bronze-cowcollege,Cow College,usaco,USACO 2022 December Bronze,2022,Bronze,usaco-official,https://www.usaco.org/index.php?page=viewproblem2&cpid=1251,,standard,2,estimated,Bronze,adhoc.simulation.sorting,adhoc.simulation.sorting,via-usaco-guide,,,,,2026-09-19,2026-09-19
usaco-2022-dec-bronze-feedingthecows,Feeding the Cows,usaco,USACO 2022 December Bronze,2022,Bronze,usaco-official,https://www.usaco.org/index.php?page=viewproblem2&cpid=1252,,standard,2,estimated,Bronze,adhoc.unclassified,adhoc.unclassified,via-dmoj-category,,,,,2026-09-19,2026-09-19
usaco-2022-dec-bronze-reverseengineering,Reverse Engineering,usaco,USACO 2022 December Bronze,2022,Bronze,usaco-official,https://www.usaco.org/index.php?page=viewproblem2&cpid=1253,,standard,2,estimated,Bronze,data_structures.range_query.fenwick,data_structures.range_query.fenwick,via-usaco-analysis,,,,,2026-09-19,2026-09-19
usaco-2022-dec-gold-bribingfriends,Bribing Friends,usaco,USACO 2022 December Gold,2022,Gold,usaco-official,https://www.usaco.org/index.php?page=viewproblem2&cpid=1257,,standard,6,estimated,Gold,dp.basics.knapsack,dp.basics.knapsack,via-usaco-guide,,,,,2026-09-19,2026-09-19
usaco-2022-dec-gold-mountains,Mountains,usaco,USACO 2022 December Gold,2022,Gold,usaco-official,https://www.usaco.org/index.php?page=viewproblem2&cpid=1258,,standard,6,estimated,Gold,data_structures.range_query.segment_tree,data_structures.range_query.segment_tree,via-usaco-analysis,,,,,2026-09-19,2026-09-19
usaco-2022-dec-gold-strongestfriendshipgroup,Strongest Friendship Group,usaco,USACO 2022 December Gold,2022,Gold,usaco-official,https://www.usaco.org/index.php?page=viewproblem2&cpid=1259,,standard,6,estimated,Gold,data_structures.disjoint_set.dsu,data_structures.disjoint_set.dsu,via-usaco-guide,,,,,2026-09-19,2026-09-19
usaco-2022-dec-platinum-breakdown,Breakdown,usaco,USACO 2022 December Platinum,2022,Platinum,usaco-official,https://www.usaco.org/index.php?page=viewproblem2&cpid=1260,,standard,8,estimated,Platinum,adhoc.unclassified,adhoc.unclassified,via-dmoj-category,,,,,2026-09-19,2026-09-19
usaco-2022-dec-platinum-makingfriends,Making Friends,usaco,USACO 2022 December Platinum,2022,Platinum,usaco-official,https://www.usaco.org/index.php?page=viewproblem2&cpid=1261,,standard,8,estimated,Platinum,adhoc.unclassified,adhoc.unclassified,via-dmoj-category,,,,,2026-09-19,2026-09-19
usaco-2022-dec-platinum-palindromes,Palindromes,usaco,USACO 2022 December Platinum,2022,Platinum,usaco-official,https://www.usaco.org/index.php?page=viewproblem2&cpid=1262,,standard,8,estimated,Platinum,adhoc.unclassified,adhoc.unclassified,via-dmoj-category,,,,,2026-09-19,2026-09-19
usaco-2022-dec-silver-barntree,Barn Tree,usaco,USACO 2022 December Silver,2022,Silver,usaco-official,https://www.usaco.org/index.php?page=viewproblem2&cpid=1254,,standard,4,estimated,Silver,adhoc.unclassified,adhoc.unclassified,via-dmoj-category,,,,,2026-09-19,2026-09-19
usaco-2022-dec-silver-circularbarn,Circular Barn,usaco,USACO 2022 December Silver,2022,Silver,usaco-official,https://www.usaco.org/index.php?page=viewproblem2&cpid=1255,,standard,4,estimated,Silver,number_theory.primes.sieve,number_theory.primes.sieve,via-usaco-analysis,,,,,2026-09-19,2026-09-19
usaco-2022-dec-silver-rangereconstruction,Range Reconstruction,usaco,USACO 2022 December Silver,2022,Silver,usaco-official,https://www.usaco.org/index.php?page=viewproblem2&cpid=1256,,standard,4,estimated,Silver,data_structures.range_query.fenwick,data_structures.range_query.fenwick,via-usaco-analysis,,,,,2026-09-19,2026-09-19
usaco-2022-feb-bronze-blocks,Blocks,usaco,USACO 2022 February Bronze,2022,Bronze,usaco-official,https://www.usaco.org/index.php?page=viewproblem2&cpid=1205,,standard,2,estimated,Bronze,adhoc.simulation.sorting,adhoc.simulation.sorting,via-usaco-analysis,,,,,2026-09-19,2026-09-19
usaco-2022-feb-bronze-photoshoot2,Photoshoot 2,usaco,USACO 2022 February Bronze,2022,Bronze,usaco-official,https://www.usaco.org/index.php?page=viewproblem2&cpid=1204,,standard,2,estimated,Bronze,adhoc.simulation.sorting,adhoc.simulation.sorting,via-usaco-analysis,,,,,2026-09-19,2026-09-19
usaco-2022-feb-bronze-sleepinginclass,Sleeping in Class,usaco,USACO 2022 February Bronze,2022,Bronze,usaco-official,https://www.usaco.org/index.php?page=viewproblem2&cpid=1203,,standard,2,estimated,Bronze,search.exhaustive.backtracking,search.exhaustive.backtracking,via-usaco-guide,,,,,2026-09-19,2026-09-19
usaco-2022-feb-gold-cowcamp,Cow Camp,usaco,USACO 2022 February Gold,2022,Gold,usaco-official,https://www.usaco.org/index.php?page=viewproblem2&cpid=1210,,standard,6,estimated,Gold,combinatorics.basics.binomials,combinatorics.basics.binomials,via-usaco-guide,,,,,2026-09-19,2026-09-19
usaco-2022-feb-gold-moonetwork,Moo Network,usaco,USACO 2022 February Gold,2022,Gold,usaco-official,https://www.usaco.org/index.php?page=viewproblem2&cpid=1211,,standard,6,estimated,Gold,graphs.spanning.mst,graphs.spanning.mst,via-usaco-guide,,,,,2026-09-19,2026-09-19
usaco-2022-feb-gold-redistributinggifts,Redistributing Gifts,usaco,USACO 2022 February Gold,2022,Gold,usaco-official,https://www.usaco.org/index.php?page=viewproblem2&cpid=1209,,standard,6,estimated,Gold,dp.subset.subset_dp,dp.subset.subset_dp,via-usaco-guide,,,,,2026-09-19,2026-09-19
usaco-2022-feb-platinum-paintbyrectangles,Paint by Rectangles,usaco,USACO 2022 February Platinum,2022,Platinum,usaco-official,https://www.usaco.org/index.php?page=viewproblem2&cpid=1212,,standard,8,estimated,Platinum,data_structures.range_query.lazy_propagation,data_structures.range_query.lazy_propagation,via-usaco-analysis,,,,,2026-09-19,2026-09-19
usaco-2022-feb-platinum-phonenumbers,Phone Numbers,usaco,USACO 2022 February Platinum,2022,Platinum,usaco-official,https://www.usaco.org/index.php?page=viewproblem2&cpid=1214,,standard,8,estimated,Platinum,dp.subset.subset_dp,dp.subset.subset_dp,via-usaco-analysis,,,,,2026-09-19,2026-09-19
usaco-2022-feb-platinum-sleepinginclass,Sleeping in Class,usaco,USACO 2022 February Platinum,2022,Platinum,usaco-official,https://www.usaco.org/index.php?page=viewproblem2&cpid=1213,,standard,8,estimated,Platinum,dp.subset.sum_over_subsets,dp.subset.sum_over_subsets,via-usaco-guide,,,,,2026-09-19,2026-09-19
usaco-2022-feb-silver-emailfiling,Email Filing,usaco,USACO 2022 February Silver,2022,Silver,usaco-official,https://www.usaco.org/index.php?page=viewproblem2&cpid=1208,,standard,4,estimated,Silver,adhoc.simulation.direct,adhoc.simulation.direct,via-usaco-analysis,,,,,2026-09-19,2026-09-19
usaco-2022-feb-silver-redistributinggifts,Redistributing Gifts,usaco,USACO 2022 February Silver,2022,Silver,usaco-official,https://www.usaco.org/index.php?page=viewproblem2&cpid=1206,,standard,4,estimated,Silver,graphs.traversal.dfs,graphs.traversal.dfs,via-usaco-guide,,,,,2026-09-19,2026-09-19
usaco-2022-feb-silver-robotinstructions,Robot Instructions,usaco,USACO 2022 February Silver,2022,Silver,usaco-official,https://www.usaco.org/index.php?page=viewproblem2&cpid=1207,,standard,4,estimated,Silver,search.exhaustive.meet_in_middle,search.exhaustive.meet_in_middle,via-usaco-guide,,,,,2026-09-19,2026-09-19
usaco-2022-jan-bronze-drought,Drought,usaco,USACO 2022 January Bronze,2022,Bronze,usaco-official,https://www.usaco.org/index.php?page=viewproblem2&cpid=1181,,standard,2,estimated,Bronze,geometry.sweep.line_sweep,geometry.sweep.line_sweep,via-usaco-analysis,,,,,2026-09-19,2026-09-19
usaco-2022-jan-bronze-herdle,Herdle,usaco,USACO 2022 January Bronze,2022,Bronze,usaco-official,https://www.usaco.org/index.php?page=viewproblem2&cpid=1179,,standard,2,estimated,Bronze,adhoc.unclassified,adhoc.unclassified,via-dmoj-category,,,,,2026-09-19,2026-09-19
usaco-2022-jan-bronze-nontransitivedice,Non-Transitive Dice,usaco,USACO 2022 January Bronze,2022,Bronze,usaco-official,https://www.usaco.org/index.php?page=viewproblem2&cpid=1180,,standard,2,estimated,Bronze,search.exhaustive.backtracking,search.exhaustive.backtracking,via-usaco-analysis,,,,,2026-09-19,2026-09-19
usaco-2022-jan-gold-drought,Drought,usaco,USACO 2022 January Gold,2022,Gold,usaco-official,https://www.usaco.org/index.php?page=viewproblem2&cpid=1185,,standard,6,estimated,Gold,dp.basics.linear,dp.basics.linear,via-usaco-guide,,,,,2026-09-19,2026-09-19
usaco-2022-jan-gold-farmupdates,Farm Updates,usaco,USACO 2022 January Gold,2022,Gold,usaco-official,https://www.usaco.org/index.php?page=viewproblem2&cpid=1186,,standard,6,estimated,Gold,graphs.traversal.connectivity,graphs.traversal.connectivity,via-usaco-analysis,,,,,2026-09-19,2026-09-19
usaco-2022-jan-gold-testsforhaybales,Tests for Haybales,usaco,USACO 2022 January Gold,2022,Gold,usaco-official,https://www.usaco.org/index.php?page=viewproblem2&cpid=1187,,standard,6,estimated,Gold,graphs.traversal.dfs,graphs.traversal.dfs,via-usaco-analysis,,,,,2026-09-19,2026-09-19
usaco-2022-jan-platinum-countinghaybales,Counting Haybales,usaco,USACO 2022 January Platinum,2022,Platinum,usaco-official,https://www.usaco.org/index.php?page=viewproblem2&cpid=1189,,standard,8,estimated,Platinum,data_structures.static_range.prefix_sums,data_structures.static_range.prefix_sums,via-usaco-analysis,,,,,2026-09-19,2026-09-19
usaco-2022-jan-platinum-minimizinghaybales,Minimizing Haybales,usaco,USACO 2022 January Platinum,2022,Platinum,usaco-official,https://www.usaco.org/index.php?page=viewproblem2&cpid=1188,,standard,8,estimated,Platinum,data_structures.sqrt.sqrt_decomposition,data_structures.sqrt.sqrt_decomposition,via-usaco-guide,,,,,2026-09-19,2026-09-19
usaco-2022-jan-platinum-multiplechoicetest,Multiple Choice Test,usaco,USACO 2022 January Platinum,2022,Platinum,usaco-official,https://www.usaco.org/index.php?page=viewproblem2&cpid=1190,,standard,8,estimated,Platinum,geometry.convexity.convex_hull,geometry.convexity.convex_hull,via-usaco-analysis,,,,,2026-09-19,2026-09-19
usaco-2022-jan-silver-cereal2,Cereal 2,usaco,USACO 2022 January Silver,2022,Silver,usaco-official,https://www.usaco.org/index.php?page=viewproblem2&cpid=1184,,standard,4,estimated,Silver,graphs.traversal.dfs,graphs.traversal.dfs,via-usaco-guide,,,,,2026-09-19,2026-09-19
usaco-2022-jan-silver-cowfrisbee,Cow Frisbee,usaco,USACO 2022 January Silver,2022,Silver,usaco-official,https://www.usaco.org/index.php?page=viewproblem2&cpid=1183,,standard,4,estimated,Silver,data_structures.linear.monotonic_stack,data_structures.linear.monotonic_stack,via-usaco-analysis,,,,,2026-09-19,2026-09-19
usaco-2022-jan-silver-searchingforsoulmates,Searching for Soulmates,usaco,USACO 2022 January Silver,2022,Silver,usaco-official,https://www.usaco.org/index.php?page=viewproblem2&cpid=1182,,standard,4,estimated,Silver,bitwise.basics.operators,bitwise.basics.operators,via-usaco-guide,,,,,2026-09-19,2026-09-19
usaco-2022-open-bronze-alchemy,Alchemy,usaco,USACO 2022 US Open Bronze,2022,Bronze,usaco-official,https://www.usaco.org/index.php?page=viewproblem2&cpid=1229,,standard,2,estimated,Bronze,adhoc.unclassified,adhoc.unclassified,via-dmoj-category,,,,,2026-09-19,2026-09-19
usaco-2022-open-bronze-countingliars,Counting Liars,usaco,USACO 2022 US Open Bronze,2022,Bronze,usaco-official,https://www.usaco.org/index.php?page=viewproblem2&cpid=1228,,standard,2,estimated,Bronze,search.exhaustive.backtracking,search.exhaustive.backtracking,via-usaco-guide,,,,,2026-09-19,2026-09-19
usaco-2022-open-bronze-photoshoot,Photoshoot,usaco,USACO 2022 US Open Bronze,2022,Bronze,usaco-official,https://www.usaco.org/index.php?page=viewproblem2&cpid=1227,,standard,2,estimated,Bronze,greedy.exchange.sorting_order,greedy.exchange.sorting_order,via-usaco-guide,,,,,2026-09-19,2026-09-19
usaco-2022-open-gold-applecatching,Apple Catching,usaco,USACO 2022 US Open Gold,2022,Gold,usaco-official,https://www.usaco.org/index.php?page=viewproblem2&cpid=1233,,standard,6,estimated,Gold,data_structures.trees.treap,data_structures.trees.treap,via-usaco-guide,,,,,2026-09-19,2026-09-19
usaco-2022-open-gold-balancingatree,Balancing a Tree,usaco,USACO 2022 US Open Gold,2022,Gold,usaco-official,https://www.usaco.org/index.php?page=viewproblem2&cpid=1235,,standard,6,estimated,Gold,adhoc.unclassified,adhoc.unclassified,via-dmoj-category,,,,,2026-09-19,2026-09-19
usaco-2022-open-gold-pairprogramming,Pair Programming,usaco,USACO 2022 US Open Gold,2022,Gold,usaco-official,https://www.usaco.org/index.php?page=viewproblem2&cpid=1234,,standard,6,estimated,Gold,dp.basics.grid,dp.basics.grid,via-usaco-guide,,,,,2026-09-19,2026-09-19
usaco-2022-open-platinum-262144revisited,262144 Revisited,usaco,USACO 2022 US Open Platinum,2022,Platinum,usaco-official,https://www.usaco.org/index.php?page=viewproblem2&cpid=1236,,standard,8,estimated,Platinum,trees.ancestors.binary_lifting,trees.ancestors.binary_lifting,via-usaco-analysis,,,,,2026-09-19,2026-09-19
usaco-2022-open-platinum-hoofandbrain,Hoof and Brain,usaco,USACO 2022 US Open Platinum,2022,Platinum,usaco-official,https://www.usaco.org/index.php?page=viewproblem2&cpid=1237,,standard,8,estimated,Platinum,trees.decomposition.small_to_large,trees.decomposition.small_to_large,via-usaco-analysis,,,,,2026-09-19,2026-09-19
usaco-2022-open-platinum-updownsubsequence,Up Down Subsequence,usaco,USACO 2022 US Open Platinum,2022,Platinum,usaco-official,https://www.usaco.org/index.php?page=viewproblem2&cpid=1238,,standard,8,estimated,Platinum,dp.basics.lis,dp.basics.lis,via-usaco-analysis,,,,,2026-09-19,2026-09-19
usaco-2022-open-silver-cowoperations,COW Operations,usaco,USACO 2022 US Open Silver,2022,Silver,usaco-official,https://www.usaco.org/index.php?page=viewproblem2&cpid=1232,,standard,4,estimated,Silver,data_structures.static_range.prefix_sums,data_structures.static_range.prefix_sums,via-usaco-analysis,,,,,2026-09-19,2026-09-19
usaco-2022-open-silver-subsetequality,Subset Equality,usaco,USACO 2022 US Open Silver,2022,Silver,usaco-official,https://www.usaco.org/index.php?page=viewproblem2&cpid=1231,,standard,4,estimated,Silver,adhoc.unclassified,adhoc.unclassified,via-dmoj-category,,,,,2026-09-19,2026-09-19
usaco-2022-open-silver-visits,Visits,usaco,USACO 2022 US Open Silver,2022,Silver,usaco-official,https://www.usaco.org/index.php?page=viewproblem2&cpid=1230,,standard,4,estimated,Silver,graphs.special_graphs.functional_graph,graphs.special_graphs.functional_graph,via-usaco-guide,,,,,2026-09-19,2026-09-19
usaco-2023-dec-bronze-candycanefeast,Candy Cane Feast,usaco,USACO 2023 December Bronze,2023,Bronze,usaco-official,https://www.usaco.org/index.php?page=viewproblem2&cpid=1347,,standard,2,estimated,Bronze,adhoc.simulation.direct,adhoc.simulation.direct,via-usaco-analysis,,,,,2026-09-19,2026-09-19
usaco-2023-dec-bronze-cowntacttracing2,Cowntact Tracing 2,usaco,USACO 2023 December Bronze,2023,Bronze,usaco-official,https://www.usaco.org/index.php?page=viewproblem2&cpid=1348,,standard,2,estimated,Bronze,adhoc.simulation.direct,adhoc.simulation.direct,via-usaco-analysis,,,,,2026-09-19,2026-09-19
usaco-2023-dec-bronze-farmerjohnactuallyfarms,Farmer John Actually Farms,usaco,USACO 2023 December Bronze,2023,Bronze,usaco-official,https://www.usaco.org/index.php?page=viewproblem2&cpid=1349,,standard,2,estimated,Bronze,adhoc.simulation.sorting,adhoc.simulation.sorting,via-usaco-analysis,,,,,2026-09-19,2026-09-19
usaco-2023-dec-gold-flightroutes,Flight Routes,usaco,USACO 2023 December Gold,2023,Gold,usaco-official,https://www.usaco.org/index.php?page=viewproblem2&cpid=1353,,standard,6,estimated,Gold,bitwise.techniques.bitset_optimization,bitwise.techniques.bitset_optimization,via-usaco-analysis,,,,,2026-09-19,2026-09-19
usaco-2023-dec-gold-haybaledistribution,Haybale Distribution,usaco,USACO 2023 December Gold,2023,Gold,usaco-official,https://www.usaco.org/index.php?page=viewproblem2&cpid=1355,,standard,6,estimated,Gold,math.numerical.ternary_search,math.numerical.ternary_search,via-usaco-guide,,,,,2026-09-19,2026-09-19
usaco-2023-dec-gold-minimumlongesttrip,Minimum Longest Trip,usaco,USACO 2023 December Gold,2023,Gold,usaco-official,https://www.usaco.org/index.php?page=viewproblem2&cpid=1354,,standard,6,estimated,Gold,graphs.traversal.topological_sort,graphs.traversal.topological_sort,via-usaco-analysis,,,,,2026-09-19,2026-09-19
usaco-2023-dec-platinum-agraphproblem,A Graph Problem,usaco,USACO 2023 December Platinum,2023,Platinum,usaco-official,https://www.usaco.org/index.php?page=viewproblem2&cpid=1357,,standard,8,estimated,Platinum,trees.decomposition.small_to_large,trees.decomposition.small_to_large,via-usaco-analysis,,,,,2026-09-19,2026-09-19
usaco-2023-dec-platinum-cowntacttracing,Cowntact Tracing,usaco,USACO 2023 December Platinum,2023,Platinum,usaco-official,https://www.usaco.org/index.php?page=viewproblem2&cpid=1356,,standard,8,estimated,Platinum,trees.decomposition.centroid,trees.decomposition.centroid,via-usaco-analysis,,,,,2026-09-19,2026-09-19
usaco-2023-dec-platinum-trainscheduling,Train Scheduling,usaco,USACO 2023 December Platinum,2023,Platinum,usaco-official,https://www.usaco.org/index.php?page=viewproblem2&cpid=1358,,standard,8,estimated,Platinum,search.exhaustive.backtracking,search.exhaustive.backtracking,via-usaco-analysis,,,,,2026-09-19,2026-09-19
usaco-2023-dec-silver-bovineacrobatics,Bovine Acrobatics,usaco,USACO 2023 December Silver,2023,Silver,usaco-official,https://www.usaco.org/index.php?page=viewproblem2&cpid=1350,,standard,4,estimated,Silver,greedy.exchange.sorting_order,greedy.exchange.sorting_order,via-usaco-guide,,,,,2026-09-19,2026-09-19
usaco-2023-dec-silver-cyclecorrespondence,Cycle Correspondence,usaco,USACO 2023 December Silver,2023,Silver,usaco-official,https://www.usaco.org/index.php?page=viewproblem2&cpid=1351,,standard,4,estimated,Silver,adhoc.unclassified,adhoc.unclassified,via-dmoj-category,,,,,2026-09-19,2026-09-19
usaco-2023-dec-silver-targetpractice,Target Practice,usaco,USACO 2023 December Silver,2023,Silver,usaco-official,https://www.usaco.org/index.php?page=viewproblem2&cpid=1352,,standard,4,estimated,Silver,strings.suffix_structures.suffix_array,strings.suffix_structures.suffix_array,via-usaco-analysis,,,,,2026-09-19,2026-09-19
usaco-2023-feb-bronze-hungrycow,Hungry Cow,usaco,USACO 2023 February Bronze,2023,Bronze,usaco-official,https://www.usaco.org/index.php?page=viewproblem2&cpid=1299,,standard,2,estimated,Bronze,adhoc.simulation.sorting,adhoc.simulation.sorting,via-usaco-analysis,,,,,2026-09-19,2026-09-19
usaco-2023-feb-bronze-stampgrid,Stamp Grid,usaco,USACO 2023 February Bronze,2023,Bronze,usaco-official,https://www.usaco.org/index.php?page=viewproblem2&cpid=1300,,standard,2,estimated,Bronze,adhoc.unclassified,adhoc.unclassified,via-dmoj-category,,,,,2026-09-19,2026-09-19
usaco-2023-feb-bronze-watchingmooloo,Watching Mooloo,usaco,USACO 2023 February Bronze,2023,Bronze,usaco-official,https://www.usaco.org/index.php?page=viewproblem2&cpid=1301,,standard,2,estimated,Bronze,greedy.exchange.sorting_order,greedy.exchange.sorting_order,via-usaco-guide,,,,,2026-09-19,2026-09-19
usaco-2023-feb-gold-equalsumsubarrays,Equal Sum Subarrays,usaco,USACO 2023 February Gold,2023,Gold,usaco-official,https://www.usaco.org/index.php?page=viewproblem2&cpid=1305,,standard,6,estimated,Gold,data_structures.linear.sliding_window,data_structures.linear.sliding_window,via-usaco-analysis,,,,,2026-09-19,2026-09-19
usaco-2023-feb-gold-fertilizingpastures,Fertilizing Pastures,usaco,USACO 2023 February Gold,2023,Gold,usaco-official,https://www.usaco.org/index.php?page=viewproblem2&cpid=1306,,standard,6,estimated,Gold,graphs.traversal.dfs,graphs.traversal.dfs,via-usaco-analysis,,,,,2026-09-19,2026-09-19
usaco-2023-feb-gold-pilingpapers,Piling Papers,usaco,USACO 2023 February Gold,2023,Gold,usaco-official,https://www.usaco.org/index.php?page=viewproblem2&cpid=1307,,standard,6,estimated,Gold,dp.digit.digit_dp,dp.digit.digit_dp,via-usaco-guide,,,,,2026-09-19,2026-09-19
usaco-2023-feb-platinum-hungrycow,Hungry Cow,usaco,USACO 2023 February Platinum,2023,Platinum,usaco-official,https://www.usaco.org/index.php?page=viewproblem2&cpid=1308,,standard,8,estimated,Platinum,data_structures.range_query.persistent,data_structures.range_query.persistent,via-usaco-analysis,,,,,2026-09-19,2026-09-19
usaco-2023-feb-platinum-problemsetting,Problem Setting,usaco,USACO 2023 February Platinum,2023,Platinum,usaco-official,https://www.usaco.org/index.php?page=viewproblem2&cpid=1309,,standard,8,estimated,Platinum,dp.subset.sum_over_subsets,dp.subset.sum_over_subsets,via-usaco-guide,,,,,2026-09-19,2026-09-19
usaco-2023-feb-platinum-watchingcowflix,Watching Cowflix,usaco,USACO 2023 February Platinum,2023,Platinum,usaco-official,https://www.usaco.org/index.php?page=viewproblem2&cpid=1310,,standard,8,estimated,Platinum,graphs.traversal.connectivity,graphs.traversal.connectivity,via-usaco-analysis,,,,,2026-09-19,2026-09-19
usaco-2023-feb-silver-bakery,Bakery,usaco,USACO 2023 February Silver,2023,Silver,usaco-official,https://www.usaco.org/index.php?page=viewproblem2&cpid=1302,,standard,4,estimated,Silver,search.binary_search.on_answer,search.binary_search.on_answer,via-usaco-guide,,,,,2026-09-19,2026-09-19
usaco-2023-feb-silver-cowlibi,Cow-libi,usaco,USACO 2023 February Silver,2023,Silver,usaco-official,https://www.usaco.org/index.php?page=viewproblem2&cpid=1303,,standard,4,estimated,Silver,search.binary_search.on_answer,search.binary_search.on_answer,via-usaco-guide,,,,,2026-09-19,2026-09-19
usaco-2023-feb-silver-moorouteii,Moo Route II,usaco,USACO 2023 February Silver,2023,Silver,usaco-official,https://www.usaco.org/index.php?page=viewproblem2&cpid=1304,,standard,4,estimated,Silver,graphs.traversal.dfs,graphs.traversal.dfs,via-usaco-guide,,,,,2026-09-19,2026-09-19
usaco-2023-jan-bronze-aircownditioningii,Air Cownditioning II,usaco,USACO 2023 January Bronze,2023,Bronze,usaco-official,https://www.usaco.org/index.php?page=viewproblem2&cpid=1276,,standard,2,estimated,Bronze,search.exhaustive.backtracking,search.exhaustive.backtracking,via-usaco-guide,,,,,2026-09-19,2026-09-19
usaco-2023-jan-bronze-leaders,Leaders,usaco,USACO 2023 January Bronze,2023,Bronze,usaco-official,https://www.usaco.org/index.php?page=viewproblem2&cpid=1275,,standard,2,estimated,Bronze,search.exhaustive.backtracking,search.exhaustive.backtracking,via-usaco-analysis,,,,,2026-09-19,2026-09-19
usaco-2023-jan-bronze-moooperations,Moo Operations,usaco,USACO 2023 January Bronze,2023,Bronze,usaco-official,https://www.usaco.org/index.php?page=viewproblem2&cpid=1277,,standard,2,estimated,Bronze,adhoc.unclassified,adhoc.unclassified,via-dmoj-category,,,,,2026-09-19,2026-09-19
usaco-2023-jan-gold-findandreplace,Find and Replace,usaco,USACO 2023 January Gold,2023,Gold,usaco-official,https://www.usaco.org/index.php?page=viewproblem2&cpid=1281,,standard,6,estimated,Gold,strings.matching.kmp,strings.matching.kmp,via-usaco-guide,,,,,2026-09-19,2026-09-19
usaco-2023-jan-gold-lightsoff,Lights Off,usaco,USACO 2023 January Gold,2023,Gold,usaco-official,https://www.usaco.org/index.php?page=viewproblem2&cpid=1282,,standard,6,estimated,Gold,dp.subset.subset_dp,dp.subset.subset_dp,via-usaco-guide,,,,,2026-09-19,2026-09-19
usaco-2023-jan-gold-mooroute,Moo Route,usaco,USACO 2023 January Gold,2023,Gold,usaco-official,https://www.usaco.org/index.php?page=viewproblem2&cpid=1283,,standard,6,estimated,Gold,combinatorics.basics.binomials,combinatorics.basics.binomials,via-usaco-guide,,,,,2026-09-19,2026-09-19
usaco-2023-jan-platinum-manacollection,Mana Collection,usaco,USACO 2023 January Platinum,2023,Platinum,usaco-official,https://www.usaco.org/index.php?page=viewproblem2&cpid=1285,,standard,8,estimated,Platinum,dp.optimization.convex_hull_trick,dp.optimization.convex_hull_trick,via-usaco-guide,,,,,2026-09-19,2026-09-19
usaco-2023-jan-platinum-subtreeactivation,Subtree Activation,usaco,USACO 2023 January Platinum,2023,Platinum,usaco-official,https://www.usaco.org/index.php?page=viewproblem2&cpid=1286,,standard,8,estimated,Platinum,graphs.traversal.connectivity,graphs.traversal.connectivity,via-usaco-analysis,,,,,2026-09-19,2026-09-19
usaco-2023-jan-platinum-tractorpaths,Tractor Paths,usaco,USACO 2023 January Platinum,2023,Platinum,usaco-official,https://www.usaco.org/index.php?page=viewproblem2&cpid=1284,,standard,8,estimated,Platinum,trees.ancestors.binary_lifting,trees.ancestors.binary_lifting,via-usaco-analysis,,,,,2026-09-19,2026-09-19
usaco-2023-jan-silver-findandreplace,Find and Replace,usaco,USACO 2023 January Silver,2023,Silver,usaco-official,https://www.usaco.org/index.php?page=viewproblem2&cpid=1278,,standard,4,estimated,Silver,graphs.traversal.connectivity,graphs.traversal.connectivity,via-usaco-analysis,,,,,2026-09-19,2026-09-19
usaco-2023-jan-silver-followingdirections,Following Directions,usaco,USACO 2023 January Silver,2023,Silver,usaco-official,https://www.usaco.org/index.php?page=viewproblem2&cpid=1279,,standard,4,estimated,Silver,adhoc.unclassified,adhoc.unclassified,via-dmoj-category,,,,,2026-09-19,2026-09-19
usaco-2023-jan-silver-mooroute,Moo Route,usaco,USACO 2023 January Silver,2023,Silver,usaco-official,https://www.usaco.org/index.php?page=viewproblem2&cpid=1280,,standard,4,estimated,Silver,greedy.exchange.sorting_order,greedy.exchange.sorting_order,via-usaco-analysis,,,,,2026-09-19,2026-09-19
usaco-2023-open-bronze-feb,FEB,usaco,USACO 2023 US Open Bronze,2023,Bronze,usaco-official,https://www.usaco.org/index.php?page=viewproblem2&cpid=1323,,standard,2,estimated,Bronze,greedy.exchange.sorting_order,greedy.exchange.sorting_order,via-usaco-guide,,,,,2026-09-19,2026-09-19
usaco-2023-open-bronze-moolanguage,Moo Language,usaco,USACO 2023 US Open Bronze,2023,Bronze,usaco-official,https://www.usaco.org/index.php?page=viewproblem2&cpid=1324,,standard,2,estimated,Bronze,search.exhaustive.backtracking,search.exhaustive.backtracking,via-usaco-guide,,,,,2026-09-19,2026-09-19
usaco-2023-open-bronze-rotateandshift,Rotate and Shift,usaco,USACO 2023 US Open Bronze,2023,Bronze,usaco-official,https://www.usaco.org/index.php?page=viewproblem2&cpid=1325,,standard,2,estimated,Bronze,search.exhaustive.backtracking,search.exhaustive.backtracking,via-usaco-analysis,,,,,2026-09-19,2026-09-19
usaco-2023-open-gold-custodialcleanup,Custodial Cleanup,usaco,USACO 2023 US Open Gold,2023,Gold,usaco-official,https://www.usaco.org/index.php?page=viewproblem2&cpid=1329,,standard,6,estimated,Gold,graphs.traversal.bfs,graphs.traversal.bfs,via-usaco-analysis,,,,,2026-09-19,2026-09-19
usaco-2023-open-gold-pareidolia,Pareidolia,usaco,USACO 2023 US Open Gold,2023,Gold,usaco-official,https://www.usaco.org/index.php?page=viewproblem2&cpid=1330,,standard,6,estimated,Gold,adhoc.unclassified,adhoc.unclassified,via-dmoj-category,,,,,2026-09-19,2026-09-19
usaco-2023-open-gold-treemerging,Tree Merging,usaco,USACO 2023 US Open Gold,2023,Gold,usaco-official,https://www.usaco.org/index.php?page=viewproblem2&cpid=1331,,standard,6,estimated,Gold,data_structures.disjoint_set.dsu,data_structures.disjoint_set.dsu,via-usaco-analysis,,,,,2026-09-19,2026-09-19
usaco-2023-open-platinum-goodbitstrings,Good Bitstrings,usaco,USACO 2023 US Open Platinum,2023,Platinum,usaco-official,https://www.usaco.org/index.php?page=viewproblem2&cpid=1333,,standard,8,estimated,Platinum,data_structures.range_query.fenwick,data_structures.range_query.fenwick,via-usaco-analysis,,,,,2026-09-19,2026-09-19
usaco-2023-open-platinum-pareidolia,Pareidolia,usaco,USACO 2023 US Open Platinum,2023,Platinum,usaco-official,https://www.usaco.org/index.php?page=viewproblem2&cpid=1332,,standard,8,estimated,Platinum,data_structures.range_query.segment_tree,data_structures.range_query.segment_tree,via-usaco-guide,,,,,2026-09-19,2026-09-19
usaco-2023-open-platinum-triplesofcows,Triples of Cows,usaco,USACO 2023 US Open Platinum,2023,Platinum,usaco-official,https://www.usaco.org/index.php?page=viewproblem2&cpid=1334,,standard,8,estimated,Platinum,data_structures.disjoint_set.dsu,data_structures.disjoint_set.dsu,via-usaco-analysis,,,,,2026-09-19,2026-09-19
usaco-2023-open-silver-fieldday,Field Day,usaco,USACO 2023 US Open Silver,2023,Silver,usaco-official,https://www.usaco.org/index.php?page=viewproblem2&cpid=1327,,standard,4,estimated,Silver,bitwise.basics.operators,bitwise.basics.operators,via-usaco-guide,,,,,2026-09-19,2026-09-19
usaco-2023-open-silver-milksum,Milk Sum,usaco,USACO 2023 US Open Silver,2023,Silver,usaco-official,https://www.usaco.org/index.php?page=viewproblem2&cpid=1326,,standard,4,estimated,Silver,data_structures.static_range.prefix_sums,data_structures.static_range.prefix_sums,via-usaco-analysis,,,,,2026-09-19,2026-09-19
usaco-2023-open-silver-pareidolia,Pareidolia,usaco,USACO 2023 US Open Silver,2023,Silver,usaco-official,https://www.usaco.org/index.php?page=viewproblem2&cpid=1328,,standard,4,estimated,Silver,greedy.exchange.sorting_order,greedy.exchange.sorting_order,via-usaco-analysis,,,,,2026-09-19,2026-09-19
usaco-2024-dec-bronze-farmerjohnscheeseblock,Farmer John's Cheese Block,usaco,USACO 2024 December Bronze,2024,Bronze,usaco-official,https://www.usaco.org/index.php?page=viewproblem2&cpid=1444,,standard,2,estimated,Bronze,adhoc.unclassified,adhoc.unclassified,via-dmoj-category,,,,,2026-09-19,2026-09-19
usaco-2024-dec-bronze-itsmoointime,It's Mooin' Time,usaco,USACO 2024 December Bronze,2024,Bronze,usaco-official,https://www.usaco.org/index.php?page=viewproblem2&cpid=1445,,standard,2,estimated,Bronze,data_structures.linear.hash_map,data_structures.linear.hash_map,via-usaco-guide,,,,,2026-09-19,2026-09-19
usaco-2024-dec-bronze-roundaboutrounding,Roundabout Rounding,usaco,USACO 2024 December Bronze,2024,Bronze,usaco-official,https://www.usaco.org/index.php?page=viewproblem2&cpid=1443,,standard,2,estimated,Bronze,search.exhaustive.backtracking,search.exhaustive.backtracking,via-usaco-analysis,,,,,2026-09-19,2026-09-19
usaco-2024-dec-gold-cowdependence,Cowdependence,usaco,USACO 2024 December Gold,2024,Gold,usaco-official,https://www.usaco.org/index.php?page=viewproblem2&cpid=1449,,standard,6,estimated,Gold,data_structures.sqrt.sqrt_decomposition,data_structures.sqrt.sqrt_decomposition,via-usaco-guide,,,,,2026-09-19,2026-09-19
usaco-2024-dec-gold-interstellarintervals,Interstellar Intervals,usaco,USACO 2024 December Gold,2024,Gold,usaco-official,https://www.usaco.org/index.php?page=viewproblem2&cpid=1450,,standard,6,estimated,Gold,dp.basics.linear,dp.basics.linear,via-usaco-guide,,,,,2026-09-19,2026-09-19
usaco-2024-dec-gold-jobcompletion,Job Completion,usaco,USACO 2024 December Gold,2024,Gold,usaco-official,https://www.usaco.org/index.php?page=viewproblem2&cpid=1451,,standard,6,estimated,Gold,data_structures.linear.heap,data_structures.linear.heap,via-usaco-guide,,,,,2026-09-19,2026-09-19
usaco-2024-dec-platinum-allpairssimilarity,All Pairs Similarity,usaco,USACO 2024 December Platinum,2024,Platinum,usaco-official,https://www.usaco.org/index.php?page=viewproblem2&cpid=1452,,standard,8,estimated,Platinum,dp.subset.sum_over_subsets,dp.subset.sum_over_subsets,via-usaco-analysis,,,,,2026-09-19,2026-09-19
usaco-2024-dec-platinum-itsmoointime,It's Mooin' Time,usaco,USACO 2024 December Platinum,2024,Platinum,usaco-official,https://www.usaco.org/index.php?page=viewproblem2&cpid=1453,,standard,8,estimated,Platinum,graphs.traversal.connectivity,graphs.traversal.connectivity,via-usaco-analysis,,,,,2026-09-19,2026-09-19
usaco-2024-dec-platinum-maximizeminimumdifference,Maximize Minimum Difference,usaco,USACO 2024 December Platinum,2024,Platinum,usaco-official,https://www.usaco.org/index.php?page=viewproblem2&cpid=1454,,standard,8,estimated,Platinum,trees.decomposition.small_to_large,trees.decomposition.small_to_large,via-usaco-analysis,,,,,2026-09-19,2026-09-19
usaco-2024-dec-silver-2dconveyorbelt,2D Conveyor Belt,usaco,USACO 2024 December Silver,2024,Silver,usaco-official,https://www.usaco.org/index.php?page=viewproblem2&cpid=1448,,standard,4,estimated,Silver,graphs.traversal.connectivity,graphs.traversal.connectivity,via-usaco-guide,,,,,2026-09-19,2026-09-19
usaco-2024-dec-silver-cakegame,Cake Game,usaco,USACO 2024 December Silver,2024,Silver,usaco-official,https://www.usaco.org/index.php?page=viewproblem2&cpid=1446,,standard,4,estimated,Silver,data_structures.static_range.prefix_sums,data_structures.static_range.prefix_sums,via-usaco-analysis,,,,,2026-09-19,2026-09-19
usaco-2024-dec-silver-deforestation,Deforestation,usaco,USACO 2024 December Silver,2024,Silver,usaco-official,https://www.usaco.org/index.php?page=viewproblem2&cpid=1447,,standard,4,estimated,Silver,data_structures.linear.heap,data_structures.linear.heap,via-usaco-guide,,,,,2026-09-19,2026-09-19
usaco-2024-feb-bronze-maximizingproductivity,Maximizing Productivity,usaco,USACO 2024 February Bronze,2024,Bronze,usaco-official,https://www.usaco.org/index.php?page=viewproblem2&cpid=1397,,standard,2,estimated,Bronze,search.binary_search.on_answer,search.binary_search.on_answer,via-usaco-analysis,,,,,2026-09-19,2026-09-19
usaco-2024-feb-bronze-milkexchange,Milk Exchange,usaco,USACO 2024 February Bronze,2024,Bronze,usaco-official,https://www.usaco.org/index.php?page=viewproblem2&cpid=1396,,standard,2,estimated,Bronze,adhoc.simulation.direct,adhoc.simulation.direct,via-usaco-analysis,,,,,2026-09-19,2026-09-19
usaco-2024-feb-bronze-palindromegame,Palindrome Game,usaco,USACO 2024 February Bronze,2024,Bronze,usaco-official,https://www.usaco.org/index.php?page=viewproblem2&cpid=1395,,standard,2,estimated,Bronze,adhoc.unclassified,adhoc.unclassified,via-dmoj-category,,,,,2026-09-19,2026-09-19
usaco-2024-feb-gold-besslamotors,Bessla Motors,usaco,USACO 2024 February Gold,2024,Gold,usaco-official,https://www.usaco.org/index.php?page=viewproblem2&cpid=1401,,standard,6,estimated,Gold,data_structures.range_query.fenwick,data_structures.range_query.fenwick,via-usaco-analysis,,,,,2026-09-19,2026-09-19
usaco-2024-feb-gold-milkexchange,Milk Exchange,usaco,USACO 2024 February Gold,2024,Gold,usaco-official,https://www.usaco.org/index.php?page=viewproblem2&cpid=1402,,standard,6,estimated,Gold,data_structures.static_range.prefix_sums,data_structures.static_range.prefix_sums,via-usaco-analysis,,,,,2026-09-19,2026-09-19
usaco-2024-feb-gold-quantummoochanics,Quantum Moochanics,usaco,USACO 2024 February Gold,2024,Gold,usaco-official,https://www.usaco.org/index.php?page=viewproblem2&cpid=1403,,standard,6,estimated,Gold,data_structures.linear.heap,data_structures.linear.heap,via-usaco-analysis,,,,,2026-09-19,2026-09-19
usaco-2024-feb-platinum-infiniteadventure,Infinite Adventure,usaco,USACO 2024 February Platinum,2024,Platinum,usaco-official,https://www.usaco.org/index.php?page=viewproblem2&cpid=1406,,standard,8,estimated,Platinum,trees.ancestors.binary_lifting,trees.ancestors.binary_lifting,via-usaco-analysis,,,,,2026-09-19,2026-09-19
usaco-2024-feb-platinum-lazycow,Lazy Cow,usaco,USACO 2024 February Platinum,2024,Platinum,usaco-official,https://www.usaco.org/index.php?page=viewproblem2&cpid=1404,,standard,8,estimated,Platinum,data_structures.static_range.prefix_sums,data_structures.static_range.prefix_sums,via-usaco-analysis,,,,,2026-09-19,2026-09-19
usaco-2024-feb-platinum-minimumsumofmaximums,Minimum Sum of Maximums,usaco,USACO 2024 February Platinum,2024,Platinum,usaco-official,https://www.usaco.org/index.php?page=viewproblem2&cpid=1405,,standard,8,estimated,Platinum,adhoc.simulation.sorting,adhoc.simulation.sorting,via-usaco-analysis,,,,,2026-09-19,2026-09-19
usaco-2024-feb-silver-moorbles,Moorbles,usaco,USACO 2024 February Silver,2024,Silver,usaco-official,https://www.usaco.org/index.php?page=viewproblem2&cpid=1400,,standard,4,estimated,Silver,data_structures.static_range.prefix_sums,data_structures.static_range.prefix_sums,via-usaco-analysis,,,,,2026-09-19,2026-09-19
usaco-2024-feb-silver-targetpracticeii,Target Practice II,usaco,USACO 2024 February Silver,2024,Silver,usaco-official,https://www.usaco.org/index.php?page=viewproblem2&cpid=1398,,standard,4,estimated,Silver,search.binary_search.on_answer,search.binary_search.on_answer,via-usaco-analysis,,,,,2026-09-19,2026-09-19
usaco-2024-feb-silver-testtubes,Test Tubes,usaco,USACO 2024 February Silver,2024,Silver,usaco-official,https://www.usaco.org/index.php?page=viewproblem2&cpid=1399,,standard,4,estimated,Silver,adhoc.unclassified,adhoc.unclassified,via-dmoj-category,,,,,2026-09-19,2026-09-19
usaco-2024-jan-bronze-balancingbacteria,Balancing Bacteria,usaco,USACO 2024 January Bronze,2024,Bronze,usaco-official,https://www.usaco.org/index.php?page=viewproblem2&cpid=1373,,standard,2,estimated,Bronze,data_structures.static_range.prefix_sums,data_structures.static_range.prefix_sums,via-usaco-analysis,,,,,2026-09-19,2026-09-19
usaco-2024-jan-bronze-cannonball,Cannonball,usaco,USACO 2024 January Bronze,2024,Bronze,usaco-official,https://www.usaco.org/index.php?page=viewproblem2&cpid=1372,,standard,2,estimated,Bronze,adhoc.simulation.direct,adhoc.simulation.direct,via-usaco-analysis,,,,,2026-09-19,2026-09-19
usaco-2024-jan-bronze-majorityopinion,Majority Opinion,usaco,USACO 2024 January Bronze,2024,Bronze,usaco-official,https://www.usaco.org/index.php?page=viewproblem2&cpid=1371,,standard,2,estimated,Bronze,adhoc.simulation.sorting,adhoc.simulation.sorting,via-usaco-analysis,,,,,2026-09-19,2026-09-19
usaco-2024-jan-gold-cowmpetency,Cowmpetency,usaco,USACO 2024 January Gold,2024,Gold,usaco-official,https://www.usaco.org/index.php?page=viewproblem2&cpid=1378,,standard,6,estimated,Gold,adhoc.simulation.sorting,adhoc.simulation.sorting,via-solution-code,,,,,2026-09-19,2026-09-19
usaco-2024-jan-gold-napsort,Nap Sort,usaco,USACO 2024 January Gold,2024,Gold,usaco-official,https://www.usaco.org/index.php?page=viewproblem2&cpid=1379,,standard,6,estimated,Gold,adhoc.simulation.sorting,adhoc.simulation.sorting,via-solution-code,,,,,2026-09-19,2026-09-19
usaco-2024-jan-gold-walkinginmanhattan,Walking in Manhattan,usaco,USACO 2024 January Gold,2024,Gold,usaco-official,https://www.usaco.org/index.php?page=viewproblem2&cpid=1377,,standard,6,estimated,Gold,search.binary_search.on_answer,search.binary_search.on_answer,via-usaco-guide,,,,,2026-09-19,2026-09-19
usaco-2024-jan-platinum-islandvacation,Island Vacation,usaco,USACO 2024 January Platinum,2024,Platinum,usaco-official,https://www.usaco.org/index.php?page=viewproblem2&cpid=1380,,standard,8,estimated,Platinum,graphs.components.bridges,graphs.components.bridges,via-usaco-analysis,,,,,2026-09-19,2026-09-19
usaco-2024-jan-platinum-mergingcells,Merging Cells,usaco,USACO 2024 January Platinum,2024,Platinum,usaco-official,https://www.usaco.org/index.php?page=viewproblem2&cpid=1381,,standard,8,estimated,Platinum,data_structures.static_range.prefix_sums,data_structures.static_range.prefix_sums,via-usaco-analysis,,,,,2026-09-19,2026-09-19
usaco-2024-jan-platinum-mooballteamsiii,Mooball Teams III,usaco,USACO 2024 January Platinum,2024,Platinum,usaco-official,https://www.usaco.org/index.php?page=viewproblem2&cpid=1382,,standard,8,estimated,Platinum,data_structures.range_query.lazy_propagation,data_structures.range_query.lazy_propagation,via-usaco-analysis,,,,,2026-09-19,2026-09-19
usaco-2024-jan-silver-cowlendar,Cowlendar,usaco,USACO 2024 January Silver,2024,Silver,usaco-official,https://www.usaco.org/index.php?page=viewproblem2&cpid=1376,,standard,4,estimated,Silver,adhoc.unclassified,adhoc.unclassified,via-dmoj-category,,,,,2026-09-19,2026-09-19
usaco-2024-jan-silver-cowmpetency,Cowmpetency,usaco,USACO 2024 January Silver,2024,Silver,usaco-official,https://www.usaco.org/index.php?page=viewproblem2&cpid=1374,,standard,4,estimated,Silver,data_structures.linear.sliding_window,data_structures.linear.sliding_window,via-usaco-analysis,,,,,2026-09-19,2026-09-19
usaco-2024-jan-silver-potionfarming,Potion Farming,usaco,USACO 2024 January Silver,2024,Silver,usaco-official,https://www.usaco.org/index.php?page=viewproblem2&cpid=1375,,standard,4,estimated,Silver,graphs.traversal.dfs,graphs.traversal.dfs,via-usaco-analysis,,,,,2026-09-19,2026-09-19
usaco-2024-open-bronze-farmerjohnsfavoritepermutation,Farmer John's Favorite Permutation,usaco,USACO 2024 US Open Bronze,2024,Bronze,usaco-official,https://www.usaco.org/index.php?page=viewproblem2&cpid=1421,,standard,2,estimated,Bronze,search.exhaustive.backtracking,search.exhaustive.backtracking,via-usaco-analysis,,,,,2026-09-19,2026-09-19
usaco-2024-open-bronze-logicalmoos,Logical Moos,usaco,USACO 2024 US Open Bronze,2024,Bronze,usaco-official,https://www.usaco.org/index.php?page=viewproblem2&cpid=1419,,standard,2,estimated,Bronze,adhoc.simulation.direct,adhoc.simulation.direct,via-usaco-analysis,,,,,2026-09-19,2026-09-19
usaco-2024-open-bronze-walkingalongafence,Walking Along a Fence,usaco,USACO 2024 US Open Bronze,2024,Bronze,usaco-official,https://www.usaco.org/index.php?page=viewproblem2&cpid=1420,,standard,2,estimated,Bronze,adhoc.unclassified,adhoc.unclassified,via-dmoj-category,,,,,2026-09-19,2026-09-19
usaco-2024-open-gold-cowreography,Cowreography,usaco,USACO 2024 US Open Gold,2024,Gold,usaco-official,https://www.usaco.org/index.php?page=viewproblem2&cpid=1425,,standard,6,estimated,Gold,graphs.matching.hungarian,graphs.matching.hungarian,via-usaco-analysis,,,,,2026-09-19,2026-09-19
usaco-2024-open-gold-grasssegments,Grass Segments,usaco,USACO 2024 US Open Gold,2024,Gold,usaco-official,https://www.usaco.org/index.php?page=viewproblem2&cpid=1426,,standard,6,estimated,Gold,adhoc.simulation.sorting,adhoc.simulation.sorting,via-solution-code,,,,,2026-09-19,2026-09-19
usaco-2024-open-gold-smalleraverages,Smaller Averages,usaco,USACO 2024 US Open Gold,2024,Gold,usaco-official,https://www.usaco.org/index.php?page=viewproblem2&cpid=1427,,standard,6,estimated,Gold,adhoc.simulation.sorting,adhoc.simulation.sorting,via-solution-code,,,,,2026-09-19,2026-09-19
usaco-2024-open-platinum-activatingrobots,Activating Robots,usaco,USACO 2024 US Open Platinum,2024,Platinum,usaco-official,https://www.usaco.org/index.php?page=viewproblem2&cpid=1430,,standard,8,estimated,Platinum,search.binary_search.on_answer,search.binary_search.on_answer,via-usaco-analysis,,,,,2026-09-19,2026-09-19
usaco-2024-open-platinum-identitytheft,Identity Theft,usaco,USACO 2024 US Open Platinum,2024,Platinum,usaco-official,https://www.usaco.org/index.php?page=viewproblem2&cpid=1428,,standard,8,estimated,Platinum,data_structures.range_query.fenwick,data_structures.range_query.fenwick,via-usaco-analysis,,,,,2026-09-19,2026-09-19
usaco-2024-open-platinum-splittinghaybales,Splitting Haybales,usaco,USACO 2024 US Open Platinum,2024,Platinum,usaco-official,https://www.usaco.org/index.php?page=viewproblem2&cpid=1429,,standard,8,estimated,Platinum,trees.ancestors.binary_lifting,trees.ancestors.binary_lifting,via-usaco-analysis,,,,,2026-09-19,2026-09-19
usaco-2024-open-silver-bessiesinterview,Bessie's Interview,usaco,USACO 2024 US Open Silver,2024,Silver,usaco-official,https://www.usaco.org/index.php?page=viewproblem2&cpid=1422,,standard,4,estimated,Silver,data_structures.linear.heap,data_structures.linear.heap,via-usaco-analysis,,,,,2026-09-19,2026-09-19
usaco-2024-open-silver-paintingfenceposts,Painting Fence Posts,usaco,USACO 2024 US Open Silver,2024,Silver,usaco-official,https://www.usaco.org/index.php?page=viewproblem2&cpid=1423,,standard,4,estimated,Silver,data_structures.static_range.prefix_sums,data_structures.static_range.prefix_sums,via-usaco-analysis,,,,,2026-09-19,2026-09-19
usaco-2024-open-silver-thewinninggene,The 'Winning' Gene,usaco,USACO 2024 US Open Silver,2024,Silver,usaco-official,https://www.usaco.org/index.php?page=viewproblem2&cpid=1424,,standard,4,estimated,Silver,data_structures.static_range.prefix_sums,data_structures.static_range.prefix_sums,via-usaco-analysis,,,,,2026-09-19,2026-09-19
usaco-2025-feb-bronze-makingmexes,Making Mexes,usaco,USACO 2025 February Bronze,2025,Bronze,usaco-official,https://www.usaco.org/index.php?page=viewproblem2&cpid=1492,,standard,2,estimated,Bronze,adhoc.unclassified,adhoc.unclassified,via-dmoj-category,,,,,2026-09-19,2026-09-19
usaco-2025-feb-bronze-printingsequences,Printing Sequences,usaco,USACO 2025 February Bronze,2025,Bronze,usaco-official,https://www.usaco.org/index.php?page=viewproblem2&cpid=1493,,standard,2,estimated,Bronze,search.exhaustive.backtracking,search.exhaustive.backtracking,via-usaco-guide,,,,,2026-09-19,2026-09-19
usaco-2025-feb-bronze-reflection,Reflection,usaco,USACO 2025 February Bronze,2025,Bronze,usaco-official,https://www.usaco.org/index.php?page=viewproblem2&cpid=1491,,standard,2,estimated,Bronze,adhoc.simulation.direct,adhoc.simulation.direct,via-usaco-guide,,,,,2026-09-19,2026-09-19
usaco-2025-feb-gold-bessiesfunction,Bessie's Function,usaco,USACO 2025 February Gold,2025,Gold,usaco-official,https://www.usaco.org/index.php?page=viewproblem2&cpid=1497,,standard,6,estimated,Gold,dp.tree.subtree_dp,dp.tree.subtree_dp,via-usaco-guide,,,,,2026-09-19,2026-09-19
usaco-2025-feb-gold-friendshipediting,Friendship Editing,usaco,USACO 2025 February Gold,2025,Gold,usaco-official,https://www.usaco.org/index.php?page=viewproblem2&cpid=1499,,standard,6,estimated,Gold,dp.subset.subset_dp,dp.subset.subset_dp,via-usaco-guide,,,,,2026-09-19,2026-09-19
usaco-2025-feb-gold-thebestsubsequence,The Best Subsequence,usaco,USACO 2025 February Gold,2025,Gold,usaco-official,https://www.usaco.org/index.php?page=viewproblem2&cpid=1498,,standard,6,estimated,Gold,math.algebra.modular_arithmetic,math.algebra.modular_arithmetic,via-usaco-guide,,,,,2026-09-19,2026-09-19
usaco-2025-feb-platinum-minmaxsubarrays,Min Max Subarrays,usaco,USACO 2025 February Platinum,2025,Platinum,usaco-official,https://www.usaco.org/index.php?page=viewproblem2&cpid=1500,,standard,8,estimated,Platinum,bitwise.techniques.bitset_optimization,bitwise.techniques.bitset_optimization,via-usaco-analysis,,,,,2026-09-19,2026-09-19
usaco-2025-feb-platinum-transformingpairs,Transforming Pairs,usaco,USACO 2025 February Platinum,2025,Platinum,usaco-official,https://www.usaco.org/index.php?page=viewproblem2&cpid=1501,,standard,8,estimated,Platinum,data_structures.linear.sliding_window,data_structures.linear.sliding_window,via-usaco-analysis,,,,,2026-09-19,2026-09-19
usaco-2025-feb-platinum-trueorfalsetest,True or False Test,usaco,USACO 2025 February Platinum,2025,Platinum,usaco-official,https://www.usaco.org/index.php?page=viewproblem2&cpid=1502,,standard,8,estimated,Platinum,data_structures.range_query.persistent,data_structures.range_query.persistent,via-usaco-analysis,,,,,2026-09-19,2026-09-19
usaco-2025-feb-silver-thebestlineup,The Best Lineup,usaco,USACO 2025 February Silver,2025,Silver,usaco-official,https://www.usaco.org/index.php?page=viewproblem2&cpid=1494,,standard,4,estimated,Silver,adhoc.unclassified,adhoc.unclassified,via-dmoj-category,,,,,2026-09-19,2026-09-19
usaco-2025-feb-silver-transformingpairs,Transforming Pairs,usaco,USACO 2025 February Silver,2025,Silver,usaco-official,https://www.usaco.org/index.php?page=viewproblem2&cpid=1496,,standard,4,estimated,Silver,number_theory.divisibility.gcd,number_theory.divisibility.gcd,via-usaco-analysis,,,,,2026-09-19,2026-09-19
usaco-2025-feb-silver-vocabularyquiz,Vocabulary Quiz,usaco,USACO 2025 February Silver,2025,Silver,usaco-official,https://www.usaco.org/index.php?page=viewproblem2&cpid=1495,,standard,4,estimated,Silver,adhoc.unclassified,adhoc.unclassified,via-dmoj-category,,,,,2026-09-19,2026-09-19
usaco-2025-jan-bronze-astralsuperposition,Astral Superposition,usaco,USACO 2025 January Bronze,2025,Bronze,usaco-official,https://www.usaco.org/index.php?page=viewproblem2&cpid=1467,,standard,2,estimated,Bronze,greedy.exchange.sorting_order,greedy.exchange.sorting_order,via-usaco-guide,,,,,2026-09-19,2026-09-19
usaco-2025-jan-bronze-cowcheckups,Cow Checkups,usaco,USACO 2025 January Bronze,2025,Bronze,usaco-official,https://www.usaco.org/index.php?page=viewproblem2&cpid=1469,,standard,2,estimated,Bronze,search.exhaustive.backtracking,search.exhaustive.backtracking,via-usaco-guide,,,,,2026-09-19,2026-09-19
usaco-2025-jan-bronze-itsmoointimeii,It's Mooin' Time II,usaco,USACO 2025 January Bronze,2025,Bronze,usaco-official,https://www.usaco.org/index.php?page=viewproblem2&cpid=1468,,standard,2,estimated,Bronze,data_structures.linear.hash_map,data_structures.linear.hash_map,via-usaco-guide,,,,,2026-09-19,2026-09-19
usaco-2025-jan-gold-medianheap,Median Heap,usaco,USACO 2025 January Gold,2025,Gold,usaco-official,https://www.usaco.org/index.php?page=viewproblem2&cpid=1473,,standard,6,estimated,Gold,adhoc.simulation.sorting,adhoc.simulation.sorting,via-usaco-analysis,,,,,2026-09-19,2026-09-19
usaco-2025-jan-gold-photoop,Photo Op,usaco,USACO 2025 January Gold,2025,Gold,usaco-official,https://www.usaco.org/index.php?page=viewproblem2&cpid=1475,,standard,6,estimated,Gold,data_structures.trees.treap,data_structures.trees.treap,via-usaco-guide,,,,,2026-09-19,2026-09-19
usaco-2025-jan-gold-reachablepairs,Reachable Pairs,usaco,USACO 2025 January Gold,2025,Gold,usaco-official,https://www.usaco.org/index.php?page=viewproblem2&cpid=1474,,standard,6,estimated,Gold,data_structures.disjoint_set.dsu,data_structures.disjoint_set.dsu,via-usaco-guide,,,,,2026-09-19,2026-09-19
usaco-2025-jan-platinum-dfsorder,DFS Order,usaco,USACO 2025 January Platinum,2025,Platinum,usaco-official,https://www.usaco.org/index.php?page=viewproblem2&cpid=1476,,standard,8,estimated,Platinum,dp.basics.interval,dp.basics.interval,via-usaco-analysis,,,,,2026-09-19,2026-09-19
usaco-2025-jan-platinum-shockwave,Shock Wave,usaco,USACO 2025 January Platinum,2025,Platinum,usaco-official,https://www.usaco.org/index.php?page=viewproblem2&cpid=1477,,standard,8,estimated,Platinum,data_structures.static_range.sparse_table,data_structures.static_range.sparse_table,via-usaco-analysis,,,,,2026-09-19,2026-09-19
usaco-2025-jan-platinum-wateringtheplants,Watering the Plants,usaco,USACO 2025 January Platinum,2025,Platinum,usaco-official,https://www.usaco.org/index.php?page=viewproblem2&cpid=1478,,standard,8,estimated,Platinum,data_structures.static_range.prefix_sums,data_structures.static_range.prefix_sums,via-usaco-analysis,,,,,2026-09-19,2026-09-19
usaco-2025-jan-silver-cowcheckups,Cow Checkups,usaco,USACO 2025 January Silver,2025,Silver,usaco-official,https://www.usaco.org/index.php?page=viewproblem2&cpid=1470,,standard,4,estimated,Silver,data_structures.linear.sliding_window,data_structures.linear.sliding_window,via-usaco-guide,,,,,2026-09-19,2026-09-19
usaco-2025-jan-silver-farmerjohnsfavoriteoperation,Farmer John's Favorite Operation,usaco,USACO 2025 January Silver,2025,Silver,usaco-official,https://www.usaco.org/index.php?page=viewproblem2&cpid=1471,,standard,4,estimated,Silver,data_structures.static_range.prefix_sums,data_structures.static_range.prefix_sums,via-usaco-guide,,,,,2026-09-19,2026-09-19
usaco-2025-jan-silver-tablerecovery,Table Recovery,usaco,USACO 2025 January Silver,2025,Silver,usaco-official,https://www.usaco.org/index.php?page=viewproblem2&cpid=1472,,standard,4,estimated,Silver,search.exhaustive.backtracking,search.exhaustive.backtracking,via-usaco-analysis,,,,,2026-09-19,2026-09-19
usaco-2025-open-bronze-hoofpaperscissorsminusone,Hoof Paper Scissors Minus One,usaco,USACO 2025 US Open Bronze,2025,Bronze,usaco-official,https://www.usaco.org/index.php?page=viewproblem2&cpid=1515,,standard,2,estimated,Bronze,data_structures.range_query.fenwick,data_structures.range_query.fenwick,via-usaco-analysis,,,,,2026-09-19,2026-09-19
usaco-2025-open-bronze-itsmoointimeiii,It's Mooin' Time III,usaco,USACO 2025 US Open Bronze,2025,Bronze,usaco-official,https://www.usaco.org/index.php?page=viewproblem2&cpid=1517,,standard,2,estimated,Bronze,adhoc.unclassified,adhoc.unclassified,via-dmoj-category,,,,,2026-09-19,2026-09-19
usaco-2025-open-bronze-morecowphotos,More Cow Photos,usaco,USACO 2025 US Open Bronze,2025,Bronze,usaco-official,https://www.usaco.org/index.php?page=viewproblem2&cpid=1516,,standard,2,estimated,Bronze,search.exhaustive.backtracking,search.exhaustive.backtracking,via-usaco-analysis,,,,,2026-09-19,2026-09-19
usaco-2025-open-gold-electionqueries,Election Queries,usaco,USACO 2025 US Open Gold,2025,Gold,usaco-official,https://www.usaco.org/index.php?page=viewproblem2&cpid=1522,,standard,6,estimated,Gold,data_structures.linear.sliding_window,data_structures.linear.sliding_window,via-usaco-analysis,,,,,2026-09-19,2026-09-19
usaco-2025-open-gold-moodecomposition,Moo Decomposition,usaco,USACO 2025 US Open Gold,2025,Gold,usaco-official,https://www.usaco.org/index.php?page=viewproblem2&cpid=1521,,standard,6,estimated,Gold,combinatorics.basics.binomials,combinatorics.basics.binomials,via-usaco-analysis,,,,,2026-09-19,2026-09-19
usaco-2025-open-gold-oohmoomilk,OohMoo Milk,usaco,USACO 2025 US Open Gold,2025,Gold,usaco-official,https://www.usaco.org/index.php?page=viewproblem2&cpid=1523,,standard,6,estimated,Gold,search.binary_search.on_answer,search.binary_search.on_answer,via-usaco-guide,,,,,2026-09-19,2026-09-19
usaco-2025-open-platinum-forkliftcertified,Forklift Certified,usaco,USACO 2025 US Open Platinum,2025,Platinum,usaco-official,https://www.usaco.org/index.php?page=viewproblem2&cpid=1524,,standard,8,estimated,Platinum,data_structures.range_query.segment_tree,data_structures.range_query.segment_tree,via-usaco-analysis,,,,,2026-09-19,2026-09-19
usaco-2025-open-platinum-lazysort,Lazy Sort,usaco,USACO 2025 US Open Platinum,2025,Platinum,usaco-official,https://www.usaco.org/index.php?page=viewproblem2&cpid=1525,,standard,8,estimated,Platinum,data_structures.static_range.prefix_sums,data_structures.static_range.prefix_sums,via-usaco-analysis,,,,,2026-09-19,2026-09-19
usaco-2025-open-platinum-packagepickup,Package Pickup,usaco,USACO 2025 US Open Platinum,2025,Platinum,usaco-official,https://www.usaco.org/index.php?page=viewproblem2&cpid=1526,,standard,8,estimated,Platinum,data_structures.range_query.segment_tree,data_structures.range_query.segment_tree,via-usaco-analysis,,,,,2026-09-19,2026-09-19
usaco-2025-open-silver-compatiblepairs,Compatible Pairs,usaco,USACO 2025 US Open Silver,2025,Silver,usaco-official,https://www.usaco.org/index.php?page=viewproblem2&cpid=1519,,standard,4,estimated,Silver,adhoc.simulation.direct,adhoc.simulation.direct,via-usaco-analysis,,,,,2026-09-19,2026-09-19
usaco-2025-open-silver-sequenceconstruction,Sequence Construction,usaco,USACO 2025 US Open Silver,2025,Silver,usaco-official,https://www.usaco.org/index.php?page=viewproblem2&cpid=1518,,standard,4,estimated,Silver,bitwise.basics.operators,bitwise.basics.operators,via-usaco-guide,,,,,2026-09-19,2026-09-19
usaco-2025-open-silver-skislope,Ski Slope,usaco,USACO 2025 US Open Silver,2025,Silver,usaco-official,https://www.usaco.org/index.php?page=viewproblem2&cpid=1520,,standard,4,estimated,Silver,search.binary_search.on_answer,search.binary_search.on_answer,via-usaco-guide,,,,,2026-09-19,2026-09-19
